timestamp,open,close
1980-12-12T00:00:00Z,0.1283479928970337,0.1283479928970337
1980-12-15T00:00:00Z,0.12221000343561172,0.12165199965238571
1980-12-16T00:00:00Z,0.1132809966802597,0.11272300034761429
1980-12-17T00:00:00Z,0.11551299691200256,0.11551299691200256
1980-12-18T00:00:00Z,0.11886200308799744,0.11886200308799744
1980-12-19T00:00:00Z,0.12611599266529083,0.12611599266529083
1980-12-22T00:00:00Z,0.1322540044784546,0.1322540044784546
1980-12-23T00:00:00Z,0.13783499598503113,0.13783499598503113
1980-12-24T00:00:00Z,0.14508900046348572,0.14508900046348572
1980-12-26T00:00:00Z,0.15848200023174286,0.15848200023174286
1980-12-29T00:00:00Z,0.16071400046348572,0.16071400046348572
1980-12-30T00:00:00Z,0.15736599266529083,0.156808003783226
1980-12-31T00:00:00Z,0.1529020071029663,0.1523440033197403
1981-01-02T00:00:00Z,0.15401799976825714,0.15401799976825714
1981-01-05T00:00:00Z,0.15122799575328827,0.15067000687122345
1981-01-06T00:00:00Z,0.1445309966802597,0.1439729928970337
1981-01-07T00:00:00Z,0.13839299976825714,0.13783499598503113
1981-01-08T00:00:00Z,0.13560299575328827,0.13504500687122345
1981-01-09T00:00:00Z,0.14229899644851685,0.14229899644851685
1981-01-12T00:00:00Z,0.14229899644851685,0.141183003783226
1981-01-13T00:00:00Z,0.1367190033197403,0.13616099953651428
1981-01-14T00:00:00Z,0.1367190033197403,0.1367190033197403
1981-01-15T00:00:00Z,0.13950900733470917,0.13950900733470917
1981-01-16T00:00:00Z,0.13895100355148315,0.13839299976825714
1981-01-19T00:00:00Z,0.14676299691200256,0.14676299691200256
1981-01-20T00:00:00Z,0.14285700023174286,0.14229899644851685
1981-01-21T00:00:00Z,0.14508900046348572,0.14508900046348572
1981-01-22T00:00:00Z,0.14676299691200256,0.14676299691200256
1981-01-23T00:00:00Z,0.14676299691200256,0.14620499312877655
1981-01-26T00:00:00Z,0.1445309966802597,0.1439729928970337
1981-01-27T00:00:00Z,0.1439729928970337,0.14285700023174286
1981-01-28T00:00:00Z,0.13895100355148315,0.13839299976825714
1981-01-29T00:00:00Z,0.13392899930477142,0.1333709955215454
1981-01-30T00:00:00Z,0.12723200023174286,0.12611599266529083
1981-02-02T00:00:00Z,0.11941999942064285,0.11886200308799744
1981-02-03T00:00:00Z,0.12332600355148315,0.12332600355148315
1981-02-04T00:00:00Z,0.12779000401496887,0.12779000401496887
1981-02-05T00:00:00Z,0.12779000401496887,0.12779000401496887
1981-02-06T00:00:00Z,0.1283479928970337,0.1283479928970337
1981-02-09T00:00:00Z,0.12276799976825714,0.12165199965238571
1981-02-10T00:00:00Z,0.12165199965238571,0.12165199965238571
1981-02-11T00:00:00Z,0.11830399930477142,0.11774600297212601
1981-02-12T00:00:00Z,0.1171879991889,0.11662899702787399
1981-02-13T00:00:00Z,0.11495500057935715,0.11383900046348572
1981-02-17T00:00:00Z,0.11662899702787399,0.11662899702787399
1981-02-18T00:00:00Z,0.12165199965238571,0.12165199965238571
1981-02-19T00:00:00Z,0.11495500057935715,0.11439699679613113
1981-02-20T00:00:00Z,0.10881700366735458,0.10825899988412857
1981-02-23T00:00:00Z,0.10993299633264542,0.10993299633264542
1981-02-24T00:00:00Z,0.10714299976825714,0.10602699965238571
1981-02-25T00:00:00Z,0.11272300034761429,0.11272300034761429
1981-02-26T00:00:00Z,0.11439699679613113,0.11439699679613113
1981-02-27T00:00:00Z,0.11830399930477142,0.11830399930477142
1981-03-02T00:00:00Z,0.11886200308799744,0.11886200308799744
1981-03-03T00:00:00Z,0.11774600297212601,0.1171879991889
1981-03-04T00:00:00Z,0.11662899702787399,0.11607100069522858
1981-03-05T00:00:00Z,0.11607100069522858,0.11551299691200256
1981-03-06T00:00:00Z,0.11551299691200256,0.11439699679613113
1981-03-09T00:00:00Z,0.10602699965238571,0.1054690033197403
1981-03-10T00:00:00Z,0.10100399702787399,0.10044600069522858
1981-03-11T00:00:00Z,0.0976559966802597,0.09653999656438828
1981-03-12T00:00:00Z,0.10044600069522858,0.10044600069522858
1981-03-13T00:00:00Z,0.09988799691200256,0.09933000057935715
1981-03-16T00:00:00Z,0.10323700308799744,0.10323700308799744
1981-03-17T00:00:00Z,0.10825899988412857,0.10825899988412857
1981-03-18T00:00:00Z,0.11495500057935715,0.11495500057935715
1981-03-19T00:00:00Z,0.11439699679613113,0.11383900046348572
1981-03-20T00:00:00Z,0.11495500057935715,0.11495500057935715
1981-03-23T00:00:00Z,0.11941999942064285,0.11941999942064285
1981-03-24T00:00:00Z,0.11941999942064285,0.11886200308799744
1981-03-25T00:00:00Z,0.11774600297212601,0.11662899702787399
1981-03-26T00:00:00Z,0.11495500057935715,0.11439699679613113
1981-03-27T00:00:00Z,0.11104899644851685,0.11049100011587143
1981-03-30T00:00:00Z,0.11049100011587143,0.11049100011587143
1981-03-31T00:00:00Z,0.11049100011587143,0.109375
1981-04-01T00:00:00Z,0.10881700366735458,0.10825899988412857
1981-04-02T00:00:00Z,0.11774600297212601,0.11774600297212601
1981-04-03T00:00:00Z,0.11830399930477142,0.11830399930477142
1981-04-06T00:00:00Z,0.11662899702787399,0.11607100069522858
1981-04-07T00:00:00Z,0.11551299691200256,0.11495500057935715
1981-04-08T00:00:00Z,0.12053599953651428,0.12053599953651428
1981-04-09T00:00:00Z,0.12276799976825714,0.12276799976825714
1981-04-10T00:00:00Z,0.12444200366735458,0.12444200366735458
1981-04-13T00:00:00Z,0.12444200366735458,0.12444200366735458
1981-04-14T00:00:00Z,0.12444200366735458,0.12444200366735458
1981-04-15T00:00:00Z,0.11886200308799744,0.11830399930477142
1981-04-16T00:00:00Z,0.11216499656438828,0.11160700023174286
1981-04-20T00:00:00Z,0.11495500057935715,0.11495500057935715
1981-04-21T00:00:00Z,0.12276799976825714,0.12276799976825714
1981-04-22T00:00:00Z,0.12723200023174286,0.12723200023174286
1981-04-23T00:00:00Z,0.13057999312877655,0.13057999312877655
1981-04-24T00:00:00Z,0.13057999312877655,0.12946400046348572
1981-04-27T00:00:00Z,0.1289059966802597,0.1283479928970337
1981-04-28T00:00:00Z,0.12667399644851685,0.12611599266529083
1981-04-29T00:00:00Z,0.125,0.12444200366735458
1981-04-30T00:00:00Z,0.12667399644851685,0.12667399644851685
1981-05-01T00:00:00Z,0.12667399644851685,0.12667399644851685
1981-05-04T00:00:00Z,0.12667399644851685,0.12611599266529083
1981-05-05T00:00:00Z,0.12611599266529083,0.125558003783226
1981-05-06T00:00:00Z,0.12276799976825714,0.12221000343561172
1981-05-07T00:00:00Z,0.12388399988412857,0.12388399988412857
1981-05-08T00:00:00Z,0.125,0.125
1981-05-11T00:00:00Z,0.12276799976825714,0.12221000343561172
1981-05-12T00:00:00Z,0.12221000343561172,0.12221000343561172
1981-05-13T00:00:00Z,0.12221000343561172,0.12165199965238571
1981-05-14T00:00:00Z,0.1210940033197403,0.11997800320386887
1981-05-15T00:00:00Z,0.12276799976825714,0.12276799976825714
1981-05-18T00:00:00Z,0.125,0.125
1981-05-19T00:00:00Z,0.12332600355148315,0.12276799976825714
1981-05-20T00:00:00Z,0.12667399644851685,0.12667399644851685
1981-05-21T00:00:00Z,0.13392899930477142,0.13392899930477142
1981-05-22T00:00:00Z,0.140066996216774,0.140066996216774
1981-05-26T00:00:00Z,0.140066996216774,0.13950900733470917
1981-05-27T00:00:00Z,0.14732100069522858,0.14732100069522858
1981-05-28T00:00:00Z,0.14732100069522858,0.14732100069522858
1981-05-29T00:00:00Z,0.1478790044784546,0.1478790044784546
1981-06-01T00:00:00Z,0.1478790044784546,0.1478790044784546
1981-06-02T00:00:00Z,0.141183003783226,0.140625
1981-06-03T00:00:00Z,0.140625,0.140625
1981-06-04T00:00:00Z,0.14341500401496887,0.14341500401496887
1981-06-05T00:00:00Z,0.14174099266529083,0.141183003783226
1981-06-08T00:00:00Z,0.1367190033197403,0.13616099953651428
1981-06-09T00:00:00Z,0.13895100355148315,0.13895100355148315
1981-06-10T00:00:00Z,0.140625,0.140625
1981-06-11T00:00:00Z,0.14676299691200256,0.14676299691200256
1981-06-12T00:00:00Z,0.14564700424671173,0.14508900046348572
1981-06-15T00:00:00Z,0.14508900046348572,0.1445309966802597
1981-06-16T00:00:00Z,0.14229899644851685,0.14174099266529083
1981-06-17T00:00:00Z,0.140066996216774,0.13950900733470917
1981-06-18T00:00:00Z,0.13950900733470917,0.13895100355148315
1981-06-19T00:00:00Z,0.13560299575328827,0.13504500687122345
1981-06-22T00:00:00Z,0.13057999312877655,0.13002200424671173
1981-06-23T00:00:00Z,0.1322540044784546,0.1322540044784546
1981-06-24T00:00:00Z,0.13002200424671173,0.1289059966802597
1981-06-25T00:00:00Z,0.13169600069522858,0.13169600069522858
1981-06-26T00:00:00Z,0.13113799691200256,0.13002200424671173
1981-06-29T00:00:00Z,0.12667399644851685,0.125558003783226
1981-06-30T00:00:00Z,0.11662899702787399,0.11607100069522858
1981-07-01T00:00:00Z,0.11551299691200256,0.11495500057935715
1981-07-02T00:00:00Z,0.11495500057935715,0.11495500057935715
1981-07-06T00:00:00Z,0.11216499656438828,0.11104899644851685
1981-07-07T00:00:00Z,0.11216499656438828,0.11216499656438828
1981-07-08T00:00:00Z,0.11662899702787399,0.11662899702787399
1981-07-09T00:00:00Z,0.10825899988412857,0.10770100355148315
1981-07-10T00:00:00Z,0.09988799691200256,0.09933000057935715
1981-07-13T00:00:00Z,0.1015629991889,0.1015629991889
1981-07-14T00:00:00Z,0.10602699965238571,0.10602699965238571
1981-07-15T00:00:00Z,0.10881700366735458,0.10881700366735458
1981-07-16T00:00:00Z,0.11160700023174286,0.11160700023174286
1981-07-17T00:00:00Z,0.11551299691200256,0.11551299691200256
1981-07-20T00:00:00Z,0.10825899988412857,0.10770100355148315
1981-07-21T00:00:00Z,0.10770100355148315,0.10714299976825714
1981-07-22T00:00:00Z,0.10212100297212601,0.10100399702787399
1981-07-23T00:00:00Z,0.10379499942064285,0.10379499942064285
1981-07-24T00:00:00Z,0.10714299976825714,0.10714299976825714
1981-07-27T00:00:00Z,0.11160700023174286,0.11160700023174286
1981-07-28T00:00:00Z,0.10825899988412857,0.10770100355148315
1981-07-29T00:00:00Z,0.10658500343561172,0.10602699965238571
1981-07-30T00:00:00Z,0.10993299633264542,0.10993299633264542
1981-07-31T00:00:00Z,0.11160700023174286,0.11160700023174286
1981-08-03T00:00:00Z,0.11160700023174286,0.11049100011587143
1981-08-04T00:00:00Z,0.11216499656438828,0.11216499656438828
1981-08-05T00:00:00Z,0.11551299691200256,0.11551299691200256
1981-08-06T00:00:00Z,0.1132809966802597,0.11272300034761429
1981-08-07T00:00:00Z,0.11272300034761429,0.11272300034761429
1981-08-10T00:00:00Z,0.11272300034761429,0.11272300034761429
1981-08-11T00:00:00Z,0.11049100011587143,0.109375
1981-08-12T00:00:00Z,0.10770100355148315,0.10714299976825714
1981-08-13T00:00:00Z,0.10435300320386887,0.10379499942064285
1981-08-14T00:00:00Z,0.10323700308799744,0.10212100297212601
1981-08-17T00:00:00Z,0.09988799691200256,0.09877199679613113
1981-08-18T00:00:00Z,0.0976559966802597,0.09653999656438828
1981-08-19T00:00:00Z,0.09653999656438828,0.09542399644851685
1981-08-20T00:00:00Z,0.09653999656438828,0.09653999656438828
1981-08-21T00:00:00Z,0.09096000343561172,0.0898440033197403
1981-08-24T00:00:00Z,0.08482100069522858,0.08426299691200256
1981-08-25T00:00:00Z,0.08649600297212601,0.08649600297212601
1981-08-26T00:00:00Z,0.08537899702787399,0.08482100069522858
1981-08-27T00:00:00Z,0.08537899702787399,0.08537899702787399
1981-08-28T00:00:00Z,0.0898440033197403,0.0898440033197403
1981-08-31T00:00:00Z,0.0898440033197403,0.0898440033197403
1981-09-01T00:00:00Z,0.09542399644851685,0.09542399644851685
1981-09-02T00:00:00Z,0.09709800034761429,0.09709800034761429
1981-09-03T00:00:00Z,0.09319200366735458,0.09207600355148315
1981-09-04T00:00:00Z,0.09151799976825714,0.09096000343561172
1981-09-08T00:00:00Z,0.08872800320386887,0.08816999942064285
1981-09-09T00:00:00Z,0.08816999942064285,0.08816999942064285
1981-09-10T00:00:00Z,0.08872800320386887,0.08872800320386887
1981-09-11T00:00:00Z,0.08816999942064285,0.08761200308799744
1981-09-14T00:00:00Z,0.08537899702787399,0.08482100069522858
1981-09-15T00:00:00Z,0.08314699679613113,0.08258900046348572
1981-09-16T00:00:00Z,0.08147300034761429,0.08091499656438828
1981-09-17T00:00:00Z,0.07924100011587143,0.07868299633264542
1981-09-18T00:00:00Z,0.07924100011587143,0.07924100011587143
1981-09-21T00:00:00Z,0.07979899644851685,0.07979899644851685
1981-09-22T00:00:00Z,0.07589299976825714,0.07533500343561172
1981-09-23T00:00:00Z,0.07477699965238571,0.07366099953651428
1981-09-24T00:00:00Z,0.07366099953651428,0.07310300320386887
1981-09-25T00:00:00Z,0.06473200023174286,0.06361600011587143
1981-09-28T00:00:00Z,0.06417399644851685,0.06417399644851685
1981-09-29T00:00:00Z,0.06752199679613113,0.06752199679613113
1981-09-30T00:00:00Z,0.06808000057935715,0.06808000057935715
1981-10-01T00:00:00Z,0.06808000057935715,0.06808000057935715
1981-10-02T00:00:00Z,0.07366099953651428,0.07366099953651428
1981-10-05T00:00:00Z,0.07589299976825714,0.07589299976825714
1981-10-06T00:00:00Z,0.07589299976825714,0.07533500343561172
1981-10-07T00:00:00Z,0.07979899644851685,0.07979899644851685
1981-10-08T00:00:00Z,0.08258900046348572,0.08258900046348572
1981-10-09T00:00:00Z,0.08314699679613113,0.08314699679613113
1981-10-12T00:00:00Z,0.0859379991889,0.0859379991889
1981-10-13T00:00:00Z,0.0859379991889,0.0859379991889
1981-10-14T00:00:00Z,0.08147300034761429,0.08091499656438828
1981-10-15T00:00:00Z,0.08258900046348572,0.08258900046348572
1981-10-16T00:00:00Z,0.0820309966802597,0.08147300034761429
1981-10-19T00:00:00Z,0.08314699679613113,0.08314699679613113
1981-10-20T00:00:00Z,0.08761200308799744,0.08761200308799744
1981-10-21T00:00:00Z,0.08761200308799744,0.08761200308799744
1981-10-22T00:00:00Z,0.08761200308799744,0.08705399930477142
1981-10-23T00:00:00Z,0.08537899702787399,0.08482100069522858
1981-10-26T00:00:00Z,0.08482100069522858,0.08482100069522858
1981-10-27T00:00:00Z,0.08649600297212601,0.08649600297212601
1981-10-28T00:00:00Z,0.08928599953651428,0.08928599953651428
1981-10-29T00:00:00Z,0.08872800320386887,0.08816999942064285
1981-10-30T00:00:00Z,0.08928599953651428,0.08928599953651428
1981-11-02T00:00:00Z,0.08928599953651428,0.08928599953651428
1981-11-03T00:00:00Z,0.08872800320386887,0.08816999942064285
1981-11-04T00:00:00Z,0.08649600297212601,0.0859379991889
1981-11-05T00:00:00Z,0.08035700023174286,0.07979899644851685
1981-11-06T00:00:00Z,0.08035700023174286,0.08035700023174286
1981-11-09T00:00:00Z,0.08147300034761429,0.08147300034761429
1981-11-10T00:00:00Z,0.0820309966802597,0.0820309966802597
1981-11-11T00:00:00Z,0.08426299691200256,0.08426299691200256
1981-11-12T00:00:00Z,0.08705399930477142,0.08705399930477142
1981-11-13T00:00:00Z,0.08147300034761429,0.08091499656438828
1981-11-16T00:00:00Z,0.08035700023174286,0.07979899644851685
1981-11-17T00:00:00Z,0.08147300034761429,0.08147300034761429
1981-11-18T00:00:00Z,0.08426299691200256,0.08426299691200256
1981-11-19T00:00:00Z,0.08426299691200256,0.08426299691200256
1981-11-20T00:00:00Z,0.08482100069522858,0.08482100069522858
1981-11-23T00:00:00Z,0.0820309966802597,0.08091499656438828
1981-11-24T00:00:00Z,0.08091499656438828,0.08035700023174286
1981-11-25T00:00:00Z,0.0820309966802597,0.0820309966802597
1981-11-27T00:00:00Z,0.08426299691200256,0.08426299691200256
1981-11-30T00:00:00Z,0.08370500057935715,0.08314699679613113
1981-12-01T00:00:00Z,0.08314699679613113,0.08314699679613113
1981-12-02T00:00:00Z,0.08370500057935715,0.08370500057935715
1981-12-03T00:00:00Z,0.08314699679613113,0.08258900046348572
1981-12-04T00:00:00Z,0.08482100069522858,0.08482100069522858
1981-12-07T00:00:00Z,0.08537899702787399,0.08537899702787399
1981-12-08T00:00:00Z,0.08482100069522858,0.08370500057935715
1981-12-09T00:00:00Z,0.08426299691200256,0.08426299691200256
1981-12-10T00:00:00Z,0.08426299691200256,0.08426299691200256
1981-12-11T00:00:00Z,0.08426299691200256,0.08370500057935715
1981-12-14T00:00:00Z,0.0820309966802597,0.08091499656438828
1981-12-15T00:00:00Z,0.08314699679613113,0.08314699679613113
1981-12-16T00:00:00Z,0.08705399930477142,0.08705399930477142
1981-12-17T00:00:00Z,0.09430799633264542,0.09430799633264542
1981-12-18T00:00:00Z,0.10212100297212601,0.10212100297212601
1981-12-21T00:00:00Z,0.09821400046348572,0.0976559966802597
1981-12-22T00:00:00Z,0.09933000057935715,0.09933000057935715
1981-12-23T00:00:00Z,0.0976559966802597,0.09709800034761429
1981-12-24T00:00:00Z,0.0976559966802597,0.0976559966802597
1981-12-28T00:00:00Z,0.09430799633264542,0.09319200366735458
1981-12-29T00:00:00Z,0.09486600011587143,0.09486600011587143
1981-12-30T00:00:00Z,0.09877199679613113,0.09877199679613113
1981-12-31T00:00:00Z,0.09877199679613113,0.09877199679613113
1982-01-04T00:00:00Z,0.09877199679613113,0.09821400046348572
1982-01-05T00:00:00Z,0.09430799633264542,0.09319200366735458
1982-01-06T00:00:00Z,0.09263399988412857,0.09207600355148315
1982-01-07T00:00:00Z,0.0859379991889,0.08482100069522858
1982-01-08T00:00:00Z,0.08872800320386887,0.08872800320386887
1982-01-11T00:00:00Z,0.08370500057935715,0.08314699679613113
1982-01-12T00:00:00Z,0.08091499656438828,0.08035700023174286
1982-01-13T00:00:00Z,0.08035700023174286,0.07979899644851685
1982-01-14T00:00:00Z,0.08370500057935715,0.08370500057935715
1982-01-15T00:00:00Z,0.08928599953651428,0.08928599953651428
1982-01-18T00:00:00Z,0.09096000343561172,0.09096000343561172
1982-01-19T00:00:00Z,0.0898440033197403,0.08872800320386887
1982-01-20T00:00:00Z,0.09040199965238571,0.09040199965238571
1982-01-21T00:00:00Z,0.09207600355148315,0.09207600355148315
1982-01-22T00:00:00Z,0.09263399988412857,0.09263399988412857
1982-01-25T00:00:00Z,0.09040199965238571,0.0898440033197403
1982-01-26T00:00:00Z,0.08761200308799744,0.08649600297212601
1982-01-27T00:00:00Z,0.08705399930477142,0.08705399930477142
1982-01-28T00:00:00Z,0.0898440033197403,0.0898440033197403
1982-01-29T00:00:00Z,0.09096000343561172,0.09096000343561172
1982-02-01T00:00:00Z,0.09096000343561172,0.0898440033197403
1982-02-02T00:00:00Z,0.09040199965238571,0.09040199965238571
1982-02-03T00:00:00Z,0.09040199965238571,0.09040199965238571
1982-02-04T00:00:00Z,0.08872800320386887,0.08816999942064285
1982-02-05T00:00:00Z,0.08816999942064285,0.08816999942064285
1982-02-08T00:00:00Z,0.08314699679613113,0.08258900046348572
1982-02-09T00:00:00Z,0.08258900046348572,0.08258900046348572
1982-02-10T00:00:00Z,0.08370500057935715,0.08370500057935715
1982-02-11T00:00:00Z,0.08314699679613113,0.08258900046348572
1982-02-12T00:00:00Z,0.08370500057935715,0.08370500057935715
1982-02-16T00:00:00Z,0.08258900046348572,0.0820309966802597
1982-02-17T00:00:00Z,0.08314699679613113,0.08314699679613113
1982-02-18T00:00:00Z,0.08426299691200256,0.08426299691200256
1982-02-19T00:00:00Z,0.08426299691200256,0.08370500057935715
1982-02-22T00:00:00Z,0.08314699679613113,0.08258900046348572
1982-02-23T00:00:00Z,0.0820309966802597,0.08147300034761429
1982-02-24T00:00:00Z,0.0820309966802597,0.0820309966802597
1982-02-25T00:00:00Z,0.0820309966802597,0.08147300034761429
1982-02-26T00:00:00Z,0.08147300034761429,0.08147300034761429
1982-03-01T00:00:00Z,0.0820309966802597,0.0820309966802597
1982-03-02T00:00:00Z,0.0820309966802597,0.0820309966802597
1982-03-03T00:00:00Z,0.0820309966802597,0.0820309966802597
1982-03-04T00:00:00Z,0.08091499656438828,0.08035700023174286
1982-03-05T00:00:00Z,0.07477699965238571,0.0742190033197403
1982-03-08T00:00:00Z,0.07366099953651428,0.07310300320386887
1982-03-09T00:00:00Z,0.07366099953651428,0.07366099953651428
1982-03-10T00:00:00Z,0.07310300320386887,0.07254499942064285
1982-03-11T00:00:00Z,0.07254499942064285,0.07254499942064285
1982-03-12T00:00:00Z,0.06863799691200256,0.06808000057935715
1982-03-15T00:00:00Z,0.06808000057935715,0.06752199679613113
1982-03-16T00:00:00Z,0.06696400046348572,0.0664059966802597
1982-03-17T00:00:00Z,0.06361600011587143,0.06305799633264542
1982-03-18T00:00:00Z,0.06808000057935715,0.06808000057935715
1982-03-19T00:00:00Z,0.0742190033197403,0.0742190033197403
1982-03-22T00:00:00Z,0.07979899644851685,0.07979899644851685
1982-03-23T00:00:00Z,0.07924100011587143,0.07868299633264542
1982-03-24T00:00:00Z,0.07477699965238571,0.0742190033197403
1982-03-25T00:00:00Z,0.0742190033197403,0.07366099953651428
1982-03-26T00:00:00Z,0.07310300320386887,0.07254499942064285
1982-03-29T00:00:00Z,0.0742190033197403,0.0742190033197403
1982-03-30T00:00:00Z,0.07533500343561172,0.07533500343561172
1982-03-31T00:00:00Z,0.07533500343561172,0.07533500343561172
1982-04-01T00:00:00Z,0.07924100011587143,0.07924100011587143
1982-04-02T00:00:00Z,0.07924100011587143,0.07924100011587143
1982-04-05T00:00:00Z,0.07924100011587143,0.07924100011587143
1982-04-06T00:00:00Z,0.07924100011587143,0.07868299633264542
1982-04-07T00:00:00Z,0.078125,0.07756700366735458
1982-04-08T00:00:00Z,0.078125,0.078125
1982-04-12T00:00:00Z,0.078125,0.07756700366735458
1982-04-13T00:00:00Z,0.07198700308799744,0.07142899930477142
1982-04-14T00:00:00Z,0.07198700308799744,0.07198700308799744
1982-04-15T00:00:00Z,0.07310300320386887,0.07310300320386887
1982-04-16T00:00:00Z,0.07533500343561172,0.07533500343561172
1982-04-19T00:00:00Z,0.07477699965238571,0.07366099953651428
1982-04-20T00:00:00Z,0.07087100297212601,0.0703129991889
1982-04-21T00:00:00Z,0.0703129991889,0.06975399702787399
1982-04-22T00:00:00Z,0.06919600069522858,0.06863799691200256
1982-04-23T00:00:00Z,0.06863799691200256,0.06863799691200256
1982-04-26T00:00:00Z,0.0703129991889,0.0703129991889
1982-04-27T00:00:00Z,0.06863799691200256,0.06808000057935715
1982-04-28T00:00:00Z,0.06584800034761429,0.06528999656438828
1982-04-29T00:00:00Z,0.06528999656438828,0.06528999656438828
1982-04-30T00:00:00Z,0.06584800034761429,0.06584800034761429
1982-05-03T00:00:00Z,0.06808000057935715,0.06808000057935715
1982-05-04T00:00:00Z,0.0703129991889,0.0703129991889
1982-05-05T00:00:00Z,0.0703129991889,0.06919600069522858
1982-05-06T00:00:00Z,0.07142899930477142,0.07142899930477142
1982-05-07T00:00:00Z,0.07254499942064285,0.07254499942064285
1982-05-10T00:00:00Z,0.07198700308799744,0.07142899930477142
1982-05-11T00:00:00Z,0.06975399702787399,0.06919600069522858
1982-05-12T00:00:00Z,0.06808000057935715,0.06752199679613113
1982-05-13T00:00:00Z,0.06808000057935715,0.06808000057935715
1982-05-14T00:00:00Z,0.0664059966802597,0.06528999656438828
1982-05-17T00:00:00Z,0.06473200023174286,0.06417399644851685
1982-05-18T00:00:00Z,0.06361600011587143,0.06305799633264542
1982-05-19T00:00:00Z,0.06305799633264542,0.0625
1982-05-20T00:00:00Z,0.06305799633264542,0.06305799633264542
1982-05-21T00:00:00Z,0.06361600011587143,0.06361600011587143
1982-05-24T00:00:00Z,0.06417399644851685,0.06417399644851685
1982-05-25T00:00:00Z,0.06417399644851685,0.06417399644851685
1982-05-26T00:00:00Z,0.06417399644851685,0.06361600011587143
1982-05-27T00:00:00Z,0.06305799633264542,0.0625
1982-05-28T00:00:00Z,0.0625,0.0625
1982-06-01T00:00:00Z,0.061941999942064285,0.06138399988412857
1982-06-02T00:00:00Z,0.0625,0.0625
1982-06-03T00:00:00Z,0.06138399988412857,0.06026799976825714
1982-06-04T00:00:00Z,0.05915199965238571,0.05859399959445
1982-06-07T00:00:00Z,0.05859399959445,0.05859399959445
1982-06-08T00:00:00Z,0.05859399959445,0.05803599953651428
1982-06-09T00:00:00Z,0.05747799947857857,0.05691999942064285
1982-06-10T00:00:00Z,0.05747799947857857,0.05747799947857857
1982-06-11T00:00:00Z,0.059709999710321426,0.059709999710321426
1982-06-14T00:00:00Z,0.059709999710321426,0.059709999710321426
1982-06-15T00:00:00Z,0.059709999710321426,0.059709999710321426
1982-06-16T00:00:00Z,0.059709999710321426,0.059709999710321426
1982-06-17T00:00:00Z,0.05915199965238571,0.05859399959445
1982-06-18T00:00:00Z,0.05859399959445,0.05747799947857857
1982-06-21T00:00:00Z,0.05747799947857857,0.05747799947857857
1982-06-22T00:00:00Z,0.059709999710321426,0.059709999710321426
1982-06-23T00:00:00Z,0.06138399988412857,0.06138399988412857
1982-06-24T00:00:00Z,0.06138399988412857,0.06138399988412857
1982-06-25T00:00:00Z,0.059709999710321426,0.05915199965238571
1982-06-28T00:00:00Z,0.05915199965238571,0.05859399959445
1982-06-29T00:00:00Z,0.05747799947857857,0.05691999942064285
1982-06-30T00:00:00Z,0.05691999942064285,0.05691999942064285
1982-07-01T00:00:00Z,0.05691999942064285,0.05636199936270714
1982-07-02T00:00:00Z,0.05412900075316429,0.05357100069522858
1982-07-06T00:00:00Z,0.05189700052142143,0.05133900046348572
1982-07-07T00:00:00Z,0.05133900046348572,0.05133900046348572
1982-07-08T00:00:00Z,0.049665000289678574,0.04910700023174286
1982-07-09T00:00:00Z,0.05078100040555,0.05078100040555
1982-07-12T00:00:00Z,0.05189700052142143,0.05189700052142143
1982-07-13T00:00:00Z,0.05524599924683571,0.05524599924683571
1982-07-14T00:00:00Z,0.05580399930477142,0.05580399930477142
1982-07-15T00:00:00Z,0.05691999942064285,0.05691999942064285
1982-07-16T00:00:00Z,0.05915199965238571,0.05915199965238571
1982-07-19T00:00:00Z,0.059709999710321426,0.059709999710321426
1982-07-20T00:00:00Z,0.06361600011587143,0.06361600011587143
1982-07-21T00:00:00Z,0.06361600011587143,0.06361600011587143
1982-07-22T00:00:00Z,0.06417399644851685,0.06417399644851685
1982-07-23T00:00:00Z,0.06361600011587143,0.06305799633264542
1982-07-26T00:00:00Z,0.060825999826192856,0.06026799976825714
1982-07-27T00:00:00Z,0.06026799976825714,0.06026799976825714
1982-07-28T00:00:00Z,0.05803599953651428,0.05747799947857857
1982-07-29T00:00:00Z,0.059709999710321426,0.059709999710321426
1982-07-30T00:00:00Z,0.06026799976825714,0.06026799976825714
1982-08-02T00:00:00Z,0.061941999942064285,0.061941999942064285
1982-08-03T00:00:00Z,0.05859399959445,0.05803599953651428
1982-08-04T00:00:00Z,0.05803599953651428,0.05747799947857857
1982-08-05T00:00:00Z,0.05580399930477142,0.05524599924683571
1982-08-06T00:00:00Z,0.05524599924683571,0.054687999188899994
1982-08-09T00:00:00Z,0.05524599924683571,0.05524599924683571
1982-08-10T00:00:00Z,0.05859399959445,0.05859399959445
1982-08-11T00:00:00Z,0.05915199965238571,0.05915199965238571
1982-08-12T00:00:00Z,0.05915199965238571,0.05859399959445
1982-08-13T00:00:00Z,0.05859399959445,0.05859399959445
1982-08-16T00:00:00Z,0.059709999710321426,0.059709999710321426
1982-08-17T00:00:00Z,0.06361600011587143,0.06361600011587143
1982-08-18T00:00:00Z,0.06361600011587143,0.06361600011587143
1982-08-19T00:00:00Z,0.06417399644851685,0.06417399644851685
1982-08-20T00:00:00Z,0.06584800034761429,0.06584800034761429
1982-08-23T00:00:00Z,0.06863799691200256,0.06863799691200256
1982-08-24T00:00:00Z,0.07198700308799744,0.07198700308799744
1982-08-25T00:00:00Z,0.07700899988412857,0.07700899988412857
1982-08-26T00:00:00Z,0.07924100011587143,0.07924100011587143
1982-08-27T00:00:00Z,0.07589299976825714,0.07533500343561172
1982-08-30T00:00:00Z,0.07645100355148315,0.07645100355148315
1982-08-31T00:00:00Z,0.08035700023174286,0.08035700023174286
1982-09-01T00:00:00Z,0.07868299633264542,0.078125
1982-09-02T00:00:00Z,0.08147300034761429,0.08147300034761429
1982-09-03T00:00:00Z,0.0820309966802597,0.0820309966802597
1982-09-07T00:00:00Z,0.078125,0.07756700366735458
1982-09-08T00:00:00Z,0.08035700023174286,0.08035700023174286
1982-09-09T00:00:00Z,0.07924100011587143,0.07868299633264542
1982-09-10T00:00:00Z,0.08091499656438828,0.08091499656438828
1982-09-13T00:00:00Z,0.08147300034761429,0.08147300034761429
1982-09-14T00:00:00Z,0.08426299691200256,0.08426299691200256
1982-09-15T00:00:00Z,0.08426299691200256,0.08370500057935715
1982-09-16T00:00:00Z,0.0820309966802597,0.08091499656438828
1982-09-17T00:00:00Z,0.07979899644851685,0.07924100011587143
1982-09-20T00:00:00Z,0.07979899644851685,0.07979899644851685
1982-09-21T00:00:00Z,0.08147300034761429,0.08147300034761429
1982-09-22T00:00:00Z,0.08370500057935715,0.08370500057935715
1982-09-23T00:00:00Z,0.08370500057935715,0.08370500057935715
1982-09-24T00:00:00Z,0.08147300034761429,0.08091499656438828
1982-09-27T00:00:00Z,0.08091499656438828,0.08091499656438828
1982-09-28T00:00:00Z,0.0820309966802597,0.0820309966802597
1982-09-29T00:00:00Z,0.0820309966802597,0.0820309966802597
1982-09-30T00:00:00Z,0.0820309966802597,0.08147300034761429
1982-10-01T00:00:00Z,0.08258900046348572,0.08258900046348572
1982-10-04T00:00:00Z,0.08258900046348572,0.08370500057935715
1982-10-05T00:00:00Z,0.08370500057935715,0.08426299691200256
1982-10-06T00:00:00Z,0.08426299691200256,0.09040199965238571
1982-10-07T00:00:00Z,0.09096000343561172,0.0976559966802597
1982-10-08T00:00:00Z,0.0976559966802597,0.10491099953651428
1982-10-11T00:00:00Z,0.10491099953651428,0.10714299976825714
1982-10-12T00:00:00Z,0.10714299976825714,0.10379499942064285
1982-10-13T00:00:00Z,0.10379499942064285,0.10491099953651428
1982-10-14T00:00:00Z,0.10491099953651428,0.1054690033197403
1982-10-15T00:00:00Z,0.10491099953651428,0.10267899930477142
1982-10-18T00:00:00Z,0.10267899930477142,0.10491099953651428
1982-10-19T00:00:00Z,0.10491099953651428,0.10714299976825714
1982-10-20T00:00:00Z,0.10714299976825714,0.1132809966802597
1982-10-21T00:00:00Z,0.1132809966802597,0.11607100069522858
1982-10-22T00:00:00Z,0.11607100069522858,0.11551299691200256
1982-10-25T00:00:00Z,0.11551299691200256,0.10881700366735458
1982-10-26T00:00:00Z,0.10881700366735458,0.109375
1982-10-27T00:00:00Z,0.109375,0.11216499656438828
1982-10-28T00:00:00Z,0.11216499656438828,0.11216499656438828
1982-10-29T00:00:00Z,0.11216499656438828,0.1132809966802597
1982-11-01T00:00:00Z,0.1132809966802597,0.11941999942064285
1982-11-02T00:00:00Z,0.12053599953651428,0.12779000401496887
1982-11-03T00:00:00Z,0.12779000401496887,0.1372770071029663
1982-11-04T00:00:00Z,0.1372770071029663,0.13839299976825714
1982-11-05T00:00:00Z,0.1372770071029663,0.13448700308799744
1982-11-08T00:00:00Z,0.13448700308799744,0.1289059966802597
1982-11-09T00:00:00Z,0.1289059966802597,0.1333709955215454
1982-11-10T00:00:00Z,0.13392899930477142,0.13839299976825714
1982-11-11T00:00:00Z,0.13839299976825714,0.14732100069522858
1982-11-12T00:00:00Z,0.14732100069522858,0.1445309966802597
1982-11-15T00:00:00Z,0.1445309966802597,0.141183003783226
1982-11-16T00:00:00Z,0.141183003783226,0.13392899930477142
1982-11-17T00:00:00Z,0.13392899930477142,0.140066996216774
1982-11-18T00:00:00Z,0.140066996216774,0.140066996216774
1982-11-19T00:00:00Z,0.140066996216774,0.13783499598503113
1982-11-22T00:00:00Z,0.13783499598503113,0.125558003783226
1982-11-23T00:00:00Z,0.12723200023174286,0.1289059966802597
1982-11-24T00:00:00Z,0.1289059966802597,0.13169600069522858
1982-11-26T00:00:00Z,0.13169600069522858,0.12946400046348572
1982-11-29T00:00:00Z,0.12946400046348572,0.1289059966802597
1982-11-30T00:00:00Z,0.1289059966802597,0.14229899644851685
1982-12-01T00:00:00Z,0.14229899644851685,0.14508900046348572
1982-12-02T00:00:00Z,0.14508900046348572,0.14508900046348572
1982-12-03T00:00:00Z,0.14341500401496887,0.14174099266529083
1982-12-06T00:00:00Z,0.14174099266529083,0.14955399930477142
1982-12-07T00:00:00Z,0.14955399930477142,0.15122799575328827
1982-12-08T00:00:00Z,0.15122799575328827,0.1478790044784546
1982-12-09T00:00:00Z,0.14564700424671173,0.140625
1982-12-10T00:00:00Z,0.13839299976825714,0.13057999312877655
1982-12-13T00:00:00Z,0.12946400046348572,0.12779000401496887
1982-12-14T00:00:00Z,0.12779000401496887,0.12667399644851685
1982-12-15T00:00:00Z,0.12667399644851685,0.12611599266529083
1982-12-16T00:00:00Z,0.12611599266529083,0.1283479928970337
1982-12-17T00:00:00Z,0.1283479928970337,0.13448700308799744
1982-12-20T00:00:00Z,0.13448700308799744,0.13392899930477142
1982-12-21T00:00:00Z,0.13392899930477142,0.13504500687122345
1982-12-22T00:00:00Z,0.13560299575328827,0.13895100355148315
1982-12-23T00:00:00Z,0.13895100355148315,0.14285700023174286
1982-12-27T00:00:00Z,0.14285700023174286,0.14620499312877655
1982-12-28T00:00:00Z,0.14620499312877655,0.14508900046348572
1982-12-29T00:00:00Z,0.14508900046348572,0.140066996216774
1982-12-30T00:00:00Z,0.140066996216774,0.13392899930477142
1982-12-31T00:00:00Z,0.13392899930477142,0.1333709955215454
1983-01-03T00:00:00Z,0.1333709955215454,0.12723200023174286
1983-01-04T00:00:00Z,0.12723200023174286,0.13448700308799744
1983-01-05T00:00:00Z,0.13448700308799744,0.13504500687122345
1983-01-06T00:00:00Z,0.13504500687122345,0.13002200424671173
1983-01-07T00:00:00Z,0.13002200424671173,0.12276799976825714
1983-01-10T00:00:00Z,0.12276799976825714,0.1283479928970337
1983-01-11T00:00:00Z,0.1283479928970337,0.13002200424671173
1983-01-12T00:00:00Z,0.13169600069522858,0.1372770071029663
1983-01-13T00:00:00Z,0.1372770071029663,0.1372770071029663
1983-01-14T00:00:00Z,0.13783499598503113,0.14732100069522858
1983-01-17T00:00:00Z,0.14732100069522858,0.1523440033197403
1983-01-18T00:00:00Z,0.1523440033197403,0.1489959955215454
1983-01-19T00:00:00Z,0.1489959955215454,0.15011200308799744
1983-01-20T00:00:00Z,0.15011200308799744,0.16685299575328827
1983-01-21T00:00:00Z,0.16685299575328827,0.16685299575328827
1983-01-24T00:00:00Z,0.16685299575328827,0.15736599266529083
1983-01-25T00:00:00Z,0.15736599266529083,0.1635040044784546
1983-01-26T00:00:00Z,0.16517899930477142,0.17020100355148315
1983-01-27T00:00:00Z,0.17020100355148315,0.18192000687122345
1983-01-28T00:00:00Z,0.18192000687122345,0.18303599953651428
1983-01-31T00:00:00Z,0.18303599953651428,0.18247799575328827
1983-02-01T00:00:00Z,0.18247799575328827,0.18638400733470917
1983-02-02T00:00:00Z,0.18638400733470917,0.1914059966802597
1983-02-03T00:00:00Z,0.1914059966802597,0.1992190033197403
1983-02-04T00:00:00Z,0.1992190033197403,0.19642899930477142
1983-02-07T00:00:00Z,0.19642899930477142,0.18861599266529083
1983-02-08T00:00:00Z,0.18861599266529083,0.186941996216774
1983-02-09T00:00:00Z,0.186941996216774,0.18861599266529083
1983-02-10T00:00:00Z,0.18861599266529083,0.20089299976825714
1983-02-11T00:00:00Z,0.202566996216774,0.20758900046348572
1983-02-14T00:00:00Z,0.20758900046348572,0.2064729928970337
1983-02-15T00:00:00Z,0.2064729928970337,0.202566996216774
1983-02-16T00:00:00Z,0.202566996216774,0.19866099953651428
1983-02-17T00:00:00Z,0.19866099953651428,0.19642899930477142
1983-02-18T00:00:00Z,0.19642899930477142,0.202566996216774
1983-02-22T00:00:00Z,0.203683003783226,0.20758900046348572
1983-02-23T00:00:00Z,0.20758900046348572,0.20926299691200256
1983-02-24T00:00:00Z,0.2109380066394806,0.2148440033197403
1983-02-25T00:00:00Z,0.2148440033197403,0.20870499312877655
1983-02-28T00:00:00Z,0.20870499312877655,0.203683003783226
1983-03-01T00:00:00Z,0.203683003783226,0.2070309966802597
1983-03-02T00:00:00Z,0.2070309966802597,0.20870499312877655
1983-03-03T00:00:00Z,0.20870499312877655,0.20200900733470917
1983-03-04T00:00:00Z,0.20200900733470917,0.1992190033197403
1983-03-07T00:00:00Z,0.1992190033197403,0.1953130066394806
1983-03-08T00:00:00Z,0.19419600069522858,0.18917399644851685
1983-03-09T00:00:00Z,0.18917399644851685,0.1947540044784546
1983-03-10T00:00:00Z,0.1947540044784546,0.19196400046348572
1983-03-11T00:00:00Z,0.19196400046348572,0.18917399644851685
1983-03-14T00:00:00Z,0.18861599266529083,0.18470999598503113
1983-03-15T00:00:00Z,0.18470999598503113,0.1875
1983-03-16T00:00:00Z,0.1875,0.1875
1983-03-17T00:00:00Z,0.1875,0.18917399644851685
1983-03-18T00:00:00Z,0.18917399644851685,0.19196400046348572
1983-03-21T00:00:00Z,0.19196400046348572,0.19642899930477142
1983-03-22T00:00:00Z,0.19642899930477142,0.19866099953651428
1983-03-23T00:00:00Z,0.19866099953651428,0.18917399644851685
1983-03-24T00:00:00Z,0.18917399644851685,0.19252200424671173
1983-03-25T00:00:00Z,0.19252200424671173,0.19252200424671173
1983-03-28T00:00:00Z,0.19196400046348572,0.18973200023174286
1983-03-29T00:00:00Z,0.19029000401496887,0.1953130066394806
1983-03-30T00:00:00Z,0.1953130066394806,0.19754500687122345
1983-03-31T00:00:00Z,0.19754500687122345,0.18861599266529083
1983-04-04T00:00:00Z,0.18861599266529083,0.1835940033197403
1983-04-05T00:00:00Z,0.1835940033197403,0.1802459955215454
1983-04-06T00:00:00Z,0.1802459955215454,0.17857100069522858
1983-04-07T00:00:00Z,0.17857100069522858,0.17689700424671173
1983-04-08T00:00:00Z,0.17689700424671173,0.1757809966802597
1983-04-11T00:00:00Z,0.1757809966802597,0.18582600355148315
1983-04-12T00:00:00Z,0.18582600355148315,0.18973200023174286
1983-04-13T00:00:00Z,0.18973200023174286,0.19642899930477142
1983-04-14T00:00:00Z,0.19642899930477142,0.20089299976825714
1983-04-15T00:00:00Z,0.20089299976825714,0.20424099266529083
1983-04-18T00:00:00Z,0.20535700023174286,0.20982100069522858
1983-04-19T00:00:00Z,0.20982100069522858,0.20758900046348572
1983-04-20T00:00:00Z,0.20758900046348572,0.2260040044784546
1983-04-21T00:00:00Z,0.22879500687122345,0.23214299976825714
1983-04-22T00:00:00Z,0.23214299976825714,0.22767899930477142
1983-04-25T00:00:00Z,0.22767899930477142,0.21707600355148315
1983-04-26T00:00:00Z,0.21707600355148315,0.22321400046348572
1983-04-27T00:00:00Z,0.22321400046348572,0.22098200023174286
1983-04-28T00:00:00Z,0.22098200023174286,0.22321400046348572
1983-04-29T00:00:00Z,0.22321400046348572,0.22544600069522858
1983-05-02T00:00:00Z,0.22544600069522858,0.21875
1983-05-03T00:00:00Z,0.21875,0.21651799976825714
1983-05-04T00:00:00Z,0.21651799976825714,0.22991099953651428
1983-05-05T00:00:00Z,0.22991099953651428,0.24497799575328827
1983-05-06T00:00:00Z,0.24497799575328827,0.2460940033197403
1983-05-09T00:00:00Z,0.2460940033197403,0.2427459955215454
1983-05-10T00:00:00Z,0.2427459955215454,0.24442000687122345
1983-05-11T00:00:00Z,0.24442000687122345,0.2382809966802597
1983-05-12T00:00:00Z,0.2382809966802597,0.23604899644851685
1983-05-13T00:00:00Z,0.23604899644851685,0.23716500401496887
1983-05-16T00:00:00Z,0.23716500401496887,0.2310270071029663
1983-05-17T00:00:00Z,0.2310270071029663,0.23158499598503113
1983-05-18T00:00:00Z,0.23158499598503113,0.234375
1983-05-19T00:00:00Z,0.234375,0.2416290044784546
1983-05-20T00:00:00Z,0.2416290044784546,0.2539060115814209
1983-05-23T00:00:00Z,0.2539060115814209,0.2566959857940674
1983-05-24T00:00:00Z,0.2566959857940674,0.2700890004634857
1983-05-25T00:00:00Z,0.2700890004634857,0.26785698533058167
1983-05-26T00:00:00Z,0.26785698533058167,0.2650670111179352
1983-05-27T00:00:00Z,0.2650670111179352,0.2650670111179352
1983-05-31T00:00:00Z,0.264508992433548,0.2578130066394806
1983-06-01T00:00:00Z,0.2578130066394806,0.25948700308799744
1983-06-02T00:00:00Z,0.25948700308799744,0.2611609995365143
1983-06-03T00:00:00Z,0.2611609995365143,0.2739959955215454
1983-06-06T00:00:00Z,0.2739959955215454,0.280133992433548
1983-06-07T00:00:00Z,0.280133992433548,0.27064698934555054
1983-06-08T00:00:00Z,0.27064698934555054,0.26729899644851685
1983-06-09T00:00:00Z,0.26729899644851685,0.265625
1983-06-10T00:00:00Z,0.265625,0.264508992433548
1983-06-13T00:00:00Z,0.264508992433548,0.25558000802993774
1983-06-14T00:00:00Z,0.25558000802993774,0.25
1983-06-15T00:00:00Z,0.249441996216774,0.2427459955215454
1983-06-16T00:00:00Z,0.24386200308799744,0.25558000802993774
1983-06-17T00:00:00Z,0.25558000802993774,0.2505579888820648
1983-06-20T00:00:00Z,0.2505579888820648,0.2382809966802597
1983-06-21T00:00:00Z,0.2382809966802597,0.23995499312877655
1983-06-22T00:00:00Z,0.24051299691200256,0.24720999598503113
1983-06-23T00:00:00Z,0.2460940033197403,0.23939700424671173
1983-06-24T00:00:00Z,0.23939700424671173,0.2377229928970337
1983-06-27T00:00:00Z,0.2377229928970337,0.22488799691200256
1983-06-28T00:00:00Z,0.22488799691200256,0.20926299691200256
1983-06-29T00:00:00Z,0.20926299691200256,0.219308003783226
1983-06-30T00:00:00Z,0.219308003783226,0.218191996216774
1983-07-01T00:00:00Z,0.218191996216774,0.21986599266529083
1983-07-05T00:00:00Z,0.21986599266529083,0.2109380066394806
1983-07-06T00:00:00Z,0.2109380066394806,0.2114959955215454
1983-07-07T00:00:00Z,0.2114959955215454,0.20870499312877655
1983-07-08T00:00:00Z,0.20870499312877655,0.2064729928970337
1983-07-11T00:00:00Z,0.2064729928970337,0.21205399930477142
1983-07-12T00:00:00Z,0.21205399930477142,0.2070309966802597
1983-07-13T00:00:00Z,0.2070309966802597,0.20591500401496887
1983-07-14T00:00:00Z,0.20591500401496887,0.20535700023174286
1983-07-15T00:00:00Z,0.20535700023174286,0.19810299575328827
1983-07-18T00:00:00Z,0.19810299575328827,0.19754500687122345
1983-07-19T00:00:00Z,0.19754500687122345,0.1953130066394806
1983-07-20T00:00:00Z,0.1953130066394806,0.1841520071029663
1983-07-21T00:00:00Z,0.1841520071029663,0.19363799691200256
1983-07-22T00:00:00Z,0.19363799691200256,0.1953130066394806
1983-07-25T00:00:00Z,0.1953130066394806,0.19252200424671173
1983-07-26T00:00:00Z,0.19252200424671173,0.17466500401496887
1983-07-27T00:00:00Z,0.17466500401496887,0.16182999312877655
1983-07-28T00:00:00Z,0.16182999312877655,0.15178599953651428
1983-07-29T00:00:00Z,0.15178599953651428,0.155691996216774
1983-08-01T00:00:00Z,0.155691996216774,0.15401799976825714
1983-08-02T00:00:00Z,0.15401799976825714,0.15345999598503113
1983-08-03T00:00:00Z,0.15345999598503113,0.155691996216774
1983-08-04T00:00:00Z,0.155691996216774,0.1484380066394806
1983-08-05T00:00:00Z,0.1484380066394806,0.15122799575328827
1983-08-08T00:00:00Z,0.15122799575328827,0.15178599953651428
1983-08-09T00:00:00Z,0.15178599953651428,0.15345999598503113
1983-08-10T00:00:00Z,0.15345999598503113,0.1529020071029663
1983-08-11T00:00:00Z,0.1529020071029663,0.15067000687122345
1983-08-12T00:00:00Z,0.15067000687122345,0.14955399930477142
1983-08-15T00:00:00Z,0.14955399930477142,0.15345999598503113
1983-08-16T00:00:00Z,0.15345999598503113,0.15122799575328827
1983-08-17T00:00:00Z,0.15122799575328827,0.1478790044784546
1983-08-18T00:00:00Z,0.1478790044784546,0.14955399930477142
1983-08-19T00:00:00Z,0.14955399930477142,0.15067000687122345
1983-08-22T00:00:00Z,0.15067000687122345,0.15011200308799744
1983-08-23T00:00:00Z,0.15011200308799744,0.14229899644851685
1983-08-24T00:00:00Z,0.14174099266529083,0.13504500687122345
1983-08-25T00:00:00Z,0.13504500687122345,0.13616099953651428
1983-08-26T00:00:00Z,0.13616099953651428,0.13783499598503113
1983-08-29T00:00:00Z,0.13783499598503113,0.13950900733470917
1983-08-30T00:00:00Z,0.13950900733470917,0.14676299691200256
1983-08-31T00:00:00Z,0.1478790044784546,0.16629500687122345
1983-09-01T00:00:00Z,0.16629500687122345,0.16238799691200256
1983-09-02T00:00:00Z,0.16238799691200256,0.16964299976825714
1983-09-06T00:00:00Z,0.17299099266529083,0.1757809966802597
1983-09-07T00:00:00Z,0.1752229928970337,0.15457600355148315
1983-09-08T00:00:00Z,0.15457600355148315,0.14174099266529083
1983-09-09T00:00:00Z,0.14174099266529083,0.1367190033197403
1983-09-12T00:00:00Z,0.1367190033197403,0.1367190033197403
1983-09-13T00:00:00Z,0.1367190033197403,0.14285700023174286
1983-09-14T00:00:00Z,0.14285700023174286,0.141183003783226
1983-09-15T00:00:00Z,0.141183003783226,0.13448700308799744
1983-09-16T00:00:00Z,0.13448700308799744,0.13113799691200256
1983-09-19T00:00:00Z,0.13113799691200256,0.14285700023174286
1983-09-20T00:00:00Z,0.14285700023174286,0.14341500401496887
1983-09-21T00:00:00Z,0.14341500401496887,0.140625
1983-09-22T00:00:00Z,0.140625,0.14508900046348572
1983-09-23T00:00:00Z,0.11160700023174286,0.10825899988412857
1983-09-26T00:00:00Z,0.10881700366735458,0.11104899644851685
1983-09-27T00:00:00Z,0.11104899644851685,0.10491099953651428
1983-09-28T00:00:00Z,0.10491099953651428,0.10212100297212601
1983-09-29T00:00:00Z,0.10212100297212601,0.1015629991889
1983-09-30T00:00:00Z,0.1015629991889,0.10323700308799744
1983-10-03T00:00:00Z,0.10323700308799744,0.10323700308799744
1983-10-04T00:00:00Z,0.10323700308799744,0.10212100297212601
1983-10-05T00:00:00Z,0.10212100297212601,0.10044600069522858
1983-10-06T00:00:00Z,0.10044600069522858,0.09933000057935715
1983-10-07T00:00:00Z,0.09933000057935715,0.09096000343561172
1983-10-10T00:00:00Z,0.0898440033197403,0.08816999942064285
1983-10-11T00:00:00Z,0.08816999942064285,0.08649600297212601
1983-10-12T00:00:00Z,0.08649600297212601,0.09430799633264542
1983-10-13T00:00:00Z,0.09709800034761429,0.10267899930477142
1983-10-14T00:00:00Z,0.10267899930477142,0.1015629991889
1983-10-17T00:00:00Z,0.1015629991889,0.09375
1983-10-18T00:00:00Z,0.09263399988412857,0.08649600297212601
1983-10-19T00:00:00Z,0.08649600297212601,0.09598200023174286
1983-10-20T00:00:00Z,0.09598200023174286,0.09096000343561172
1983-10-21T00:00:00Z,0.09096000343561172,0.08872800320386887
1983-10-24T00:00:00Z,0.08872800320386887,0.09430799633264542
1983-10-25T00:00:00Z,0.09430799633264542,0.09486600011587143
1983-10-26T00:00:00Z,0.09486600011587143,0.0898440033197403
1983-10-27T00:00:00Z,0.0898440033197403,0.09430799633264542
1983-10-28T00:00:00Z,0.09430799633264542,0.09319200366735458
1983-10-31T00:00:00Z,0.09430799633264542,0.10100399702787399
1983-11-01T00:00:00Z,0.10100399702787399,0.10267899930477142
1983-11-02T00:00:00Z,0.10267899930477142,0.10491099953651428
1983-11-03T00:00:00Z,0.10491099953651428,0.0976559966802597
1983-11-04T00:00:00Z,0.0976559966802597,0.09430799633264542
1983-11-07T00:00:00Z,0.09430799633264542,0.09375
1983-11-08T00:00:00Z,0.08705399930477142,0.07979899644851685
1983-11-09T00:00:00Z,0.07979899644851685,0.0859379991889
1983-11-10T00:00:00Z,0.0859379991889,0.08761200308799744
1983-11-11T00:00:00Z,0.08761200308799744,0.08928599953651428
1983-11-14T00:00:00Z,0.08928599953651428,0.08816999942064285
1983-11-15T00:00:00Z,0.08816999942064285,0.08816999942064285
1983-11-16T00:00:00Z,0.08816999942064285,0.08928599953651428
1983-11-17T00:00:00Z,0.08928599953651428,0.09151799976825714
1983-11-18T00:00:00Z,0.09151799976825714,0.09207600355148315
1983-11-21T00:00:00Z,0.09207600355148315,0.09598200023174286
1983-11-22T00:00:00Z,0.09598200023174286,0.09598200023174286
1983-11-23T00:00:00Z,0.09598200023174286,0.09096000343561172
1983-11-25T00:00:00Z,0.09096000343561172,0.09151799976825714
1983-11-28T00:00:00Z,0.09151799976825714,0.09375
1983-11-29T00:00:00Z,0.09375,0.09263399988412857
1983-11-30T00:00:00Z,0.09263399988412857,0.09096000343561172
1983-12-01T00:00:00Z,0.09096000343561172,0.09040199965238571
1983-12-02T00:00:00Z,0.09040199965238571,0.08872800320386887
1983-12-05T00:00:00Z,0.08872800320386887,0.09096000343561172
1983-12-06T00:00:00Z,0.09096000343561172,0.09151799976825714
1983-12-07T00:00:00Z,0.09151799976825714,0.09375
1983-12-08T00:00:00Z,0.09375,0.09598200023174286
1983-12-09T00:00:00Z,0.09598200023174286,0.09653999656438828
1983-12-12T00:00:00Z,0.09653999656438828,0.09598200023174286
1983-12-13T00:00:00Z,0.09598200023174286,0.10044600069522858
1983-12-14T00:00:00Z,0.10044600069522858,0.10435300320386887
1983-12-15T00:00:00Z,0.10435300320386887,0.10881700366735458
1983-12-16T00:00:00Z,0.10881700366735458,0.11049100011587143
1983-12-19T00:00:00Z,0.11049100011587143,0.10714299976825714
1983-12-20T00:00:00Z,0.10714299976825714,0.10435300320386887
1983-12-21T00:00:00Z,0.10435300320386887,0.10825899988412857
1983-12-22T00:00:00Z,0.10825899988412857,0.11049100011587143
1983-12-23T00:00:00Z,0.11049100011587143,0.10993299633264542
1983-12-27T00:00:00Z,0.10993299633264542,0.11049100011587143
1983-12-28T00:00:00Z,0.11049100011587143,0.11160700023174286
1983-12-29T00:00:00Z,0.11160700023174286,0.10881700366735458
1983-12-30T00:00:00Z,0.10881700366735458,0.10881700366735458
1984-01-03T00:00:00Z,0.10881700366735458,0.11439699679613113
1984-01-04T00:00:00Z,0.11495500057935715,0.12444200366735458
1984-01-05T00:00:00Z,0.12444200366735458,0.12611599266529083
1984-01-06T00:00:00Z,0.12611599266529083,0.12388399988412857
1984-01-09T00:00:00Z,0.12388399988412857,0.1171879991889
1984-01-10T00:00:00Z,0.1171879991889,0.12332600355148315
1984-01-11T00:00:00Z,0.12332600355148315,0.125
1984-01-12T00:00:00Z,0.125,0.12444200366735458
1984-01-13T00:00:00Z,0.12444200366735458,0.12165199965238571
1984-01-16T00:00:00Z,0.12165199965238571,0.12444200366735458
1984-01-17T00:00:00Z,0.12444200366735458,0.12779000401496887
1984-01-18T00:00:00Z,0.12779000401496887,0.1283479928970337
1984-01-19T00:00:00Z,0.1283479928970337,0.12946400046348572
1984-01-20T00:00:00Z,0.12946400046348572,0.12779000401496887
1984-01-23T00:00:00Z,0.12779000401496887,0.1289059966802597
1984-01-24T00:00:00Z,0.1289059966802597,0.12165199965238571
1984-01-25T00:00:00Z,0.12165199965238571,0.12053599953651428
1984-01-26T00:00:00Z,0.12053599953651428,0.12332600355148315
1984-01-27T00:00:00Z,0.12332600355148315,0.11662899702787399
1984-01-30T00:00:00Z,0.11662899702787399,0.11049100011587143
1984-01-31T00:00:00Z,0.11049100011587143,0.11049100011587143
1984-02-01T00:00:00Z,0.11049100011587143,0.10993299633264542
1984-02-02T00:00:00Z,0.10993299633264542,0.11104899644851685
1984-02-03T00:00:00Z,0.11104899644851685,0.109375
1984-02-06T00:00:00Z,0.109375,0.10379499942064285
1984-02-07T00:00:00Z,0.10379499942064285,0.10770100355148315
1984-02-08T00:00:00Z,0.10770100355148315,0.10379499942064285
1984-02-09T00:00:00Z,0.10379499942064285,0.1054690033197403
1984-02-10T00:00:00Z,0.1054690033197403,0.10881700366735458
1984-02-13T00:00:00Z,0.10881700366735458,0.10825899988412857
1984-02-14T00:00:00Z,0.10825899988412857,0.11439699679613113
1984-02-15T00:00:00Z,0.11439699679613113,0.11216499656438828
1984-02-16T00:00:00Z,0.11216499656438828,0.1132809966802597
1984-02-17T00:00:00Z,0.1132809966802597,0.11160700023174286
1984-02-21T00:00:00Z,0.11160700023174286,0.11662899702787399
1984-02-22T00:00:00Z,0.1171879991889,0.12221000343561172
1984-02-23T00:00:00Z,0.12221000343561172,0.11997800320386887
1984-02-24T00:00:00Z,0.11997800320386887,0.1210940033197403
1984-02-27T00:00:00Z,0.1210940033197403,0.12053599953651428
1984-02-28T00:00:00Z,0.12053599953651428,0.11383900046348572
1984-02-29T00:00:00Z,0.11383900046348572,0.1171879991889
1984-03-01T00:00:00Z,0.1171879991889,0.12053599953651428
1984-03-02T00:00:00Z,0.12053599953651428,0.12165199965238571
1984-03-05T00:00:00Z,0.12165199965238571,0.11941999942064285
1984-03-06T00:00:00Z,0.11941999942064285,0.11495500057935715
1984-03-07T00:00:00Z,0.11495500057935715,0.11830399930477142
1984-03-08T00:00:00Z,0.11830399930477142,0.11997800320386887
1984-03-09T00:00:00Z,0.11997800320386887,0.11774600297212601
1984-03-12T00:00:00Z,0.11830399930477142,0.12221000343561172
1984-03-13T00:00:00Z,0.12221000343561172,0.12053599953651428
1984-03-14T00:00:00Z,0.12053599953651428,0.11886200308799744
1984-03-15T00:00:00Z,0.11886200308799744,0.11941999942064285
1984-03-16T00:00:00Z,0.11941999942064285,0.11886200308799744
1984-03-19T00:00:00Z,0.11830399930477142,0.1171879991889
1984-03-20T00:00:00Z,0.1171879991889,0.11607100069522858
1984-03-21T00:00:00Z,0.11607100069522858,0.11607100069522858
1984-03-22T00:00:00Z,0.11607100069522858,0.11383900046348572
1984-03-23T00:00:00Z,0.11383900046348572,0.11383900046348572
1984-03-26T00:00:00Z,0.11383900046348572,0.11495500057935715
1984-03-27T00:00:00Z,0.11495500057935715,0.11160700023174286
1984-03-28T00:00:00Z,0.11216499656438828,0.11383900046348572
1984-03-29T00:00:00Z,0.11383900046348572,0.1132809966802597
1984-03-30T00:00:00Z,0.1132809966802597,0.11049100011587143
1984-04-02T00:00:00Z,0.11049100011587143,0.11104899644851685
1984-04-03T00:00:00Z,0.11104899644851685,0.11160700023174286
1984-04-04T00:00:00Z,0.11160700023174286,0.109375
1984-04-05T00:00:00Z,0.109375,0.10770100355148315
1984-04-06T00:00:00Z,0.10770100355148315,0.10491099953651428
1984-04-09T00:00:00Z,0.10491099953651428,0.10491099953651428
1984-04-10T00:00:00Z,0.10714299976825714,0.11049100011587143
1984-04-11T00:00:00Z,0.11049100011587143,0.109375
1984-04-12T00:00:00Z,0.109375,0.11495500057935715
1984-04-13T00:00:00Z,0.11495500057935715,0.11495500057935715
1984-04-16T00:00:00Z,0.11495500057935715,0.1171879991889
1984-04-17T00:00:00Z,0.11941999942064285,0.12276799976825714
1984-04-18T00:00:00Z,0.12276799976825714,0.125
1984-04-19T00:00:00Z,0.125,0.12611599266529083
1984-04-23T00:00:00Z,0.12611599266529083,0.12667399644851685
1984-04-24T00:00:00Z,0.12667399644851685,0.12444200366735458
1984-04-25T00:00:00Z,0.12444200366735458,0.12332600355148315
1984-04-26T00:00:00Z,0.12388399988412857,0.1328130066394806
1984-04-27T00:00:00Z,0.1328130066394806,0.13448700308799744
1984-04-30T00:00:00Z,0.13448700308799744,0.140066996216774
1984-05-01T00:00:00Z,0.14174099266529083,0.1484380066394806
1984-05-02T00:00:00Z,0.1484380066394806,0.14732100069522858
1984-05-03T00:00:00Z,0.14732100069522858,0.141183003783226
1984-05-04T00:00:00Z,0.141183003783226,0.13448700308799744
1984-05-07T00:00:00Z,0.13448700308799744,0.13895100355148315
1984-05-08T00:00:00Z,0.13950900733470917,0.14676299691200256
1984-05-09T00:00:00Z,0.14676299691200256,0.1478790044784546
1984-05-10T00:00:00Z,0.1478790044784546,0.1478790044784546
1984-05-11T00:00:00Z,0.1478790044784546,0.1439729928970337
1984-05-14T00:00:00Z,0.14341500401496887,0.141183003783226
1984-05-15T00:00:00Z,0.141183003783226,0.14229899644851685
1984-05-16T00:00:00Z,0.14229899644851685,0.13616099953651428
1984-05-17T00:00:00Z,0.13616099953651428,0.13002200424671173
1984-05-18T00:00:00Z,0.13002200424671173,0.1328130066394806
1984-05-21T00:00:00Z,0.1328130066394806,0.14229899644851685
1984-05-22T00:00:00Z,0.14229899644851685,0.13783499598503113
1984-05-23T00:00:00Z,0.13783499598503113,0.13504500687122345
1984-05-24T00:00:00Z,0.13504500687122345,0.13113799691200256
1984-05-25T00:00:00Z,0.13113799691200256,0.13169600069522858
1984-05-29T00:00:00Z,0.13169600069522858,0.13113799691200256
1984-05-30T00:00:00Z,0.13113799691200256,0.12946400046348572
1984-05-31T00:00:00Z,0.12946400046348572,0.13113799691200256
1984-06-01T00:00:00Z,0.13113799691200256,0.13560299575328827
1984-06-04T00:00:00Z,0.13560299575328827,0.1322540044784546
1984-06-05T00:00:00Z,0.13002200424671173,0.12444200366735458
1984-06-06T00:00:00Z,0.12444200366735458,0.12946400046348572
1984-06-07T00:00:00Z,0.12946400046348572,0.1283479928970337
1984-06-08T00:00:00Z,0.1283479928970337,0.12779000401496887
1984-06-11T00:00:00Z,0.12779000401496887,0.12779000401496887
1984-06-12T00:00:00Z,0.12779000401496887,0.13002200424671173
1984-06-13T00:00:00Z,0.13057999312877655,0.1328130066394806
1984-06-14T00:00:00Z,0.1328130066394806,0.1289059966802597
1984-06-15T00:00:00Z,0.1289059966802597,0.12946400046348572
1984-06-18T00:00:00Z,0.12946400046348572,0.1322540044784546
1984-06-19T00:00:00Z,0.1322540044784546,0.13113799691200256
1984-06-20T00:00:00Z,0.13113799691200256,0.13504500687122345
1984-06-21T00:00:00Z,0.13504500687122345,0.12946400046348572
1984-06-22T00:00:00Z,0.12946400046348572,0.12779000401496887
1984-06-25T00:00:00Z,0.12779000401496887,0.12165199965238571
1984-06-26T00:00:00Z,0.12165199965238571,0.11607100069522858
1984-06-27T00:00:00Z,0.11607100069522858,0.11272300034761429
1984-06-28T00:00:00Z,0.11272300034761429,0.11774600297212601
1984-06-29T00:00:00Z,0.11774600297212601,0.11830399930477142
1984-07-02T00:00:00Z,0.11830399930477142,0.11439699679613113
1984-07-03T00:00:00Z,0.11439699679613113,0.11272300034761429
1984-07-05T00:00:00Z,0.11272300034761429,0.11049100011587143
1984-07-06T00:00:00Z,0.11049100011587143,0.11216499656438828
1984-07-09T00:00:00Z,0.11216499656438828,0.1171879991889
1984-07-10T00:00:00Z,0.1171879991889,0.11997800320386887
1984-07-11T00:00:00Z,0.11997800320386887,0.11830399930477142
1984-07-12T00:00:00Z,0.11830399930477142,0.11886200308799744
1984-07-13T00:00:00Z,0.11886200308799744,0.11774600297212601
1984-07-16T00:00:00Z,0.11774600297212601,0.11495500057935715
1984-07-17T00:00:00Z,0.11495500057935715,0.11495500057935715
1984-07-18T00:00:00Z,0.11495500057935715,0.1132809966802597
1984-07-19T00:00:00Z,0.1132809966802597,0.1132809966802597
1984-07-20T00:00:00Z,0.1132809966802597,0.1132809966802597
1984-07-23T00:00:00Z,0.1132809966802597,0.11216499656438828
1984-07-24T00:00:00Z,0.11216499656438828,0.11886200308799744
1984-07-25T00:00:00Z,0.11941999942064285,0.11941999942064285
1984-07-26T00:00:00Z,0.11941999942064285,0.12165199965238571
1984-07-27T00:00:00Z,0.12165199965238571,0.1210940033197403
1984-07-30T00:00:00Z,0.1210940033197403,0.11383900046348572
1984-07-31T00:00:00Z,0.11383900046348572,0.11383900046348572
1984-08-01T00:00:00Z,0.11383900046348572,0.11160700023174286
1984-08-02T00:00:00Z,0.11160700023174286,0.10770100355148315
1984-08-03T00:00:00Z,0.10770100355148315,0.12221000343561172
1984-08-06T00:00:00Z,0.12221000343561172,0.13057999312877655
1984-08-07T00:00:00Z,0.13057999312877655,0.1322540044784546
1984-08-08T00:00:00Z,0.1322540044784546,0.12723200023174286
1984-08-09T00:00:00Z,0.12723200023174286,0.1328130066394806
1984-08-10T00:00:00Z,0.1328130066394806,0.12723200023174286
1984-08-13T00:00:00Z,0.12723200023174286,0.13392899930477142
1984-08-14T00:00:00Z,0.13392899930477142,0.1289059966802597
1984-08-15T00:00:00Z,0.1283479928970337,0.12444200366735458
1984-08-16T00:00:00Z,0.12444200366735458,0.125558003783226
1984-08-17T00:00:00Z,0.125558003783226,0.12276799976825714
1984-08-20T00:00:00Z,0.12276799976825714,0.12221000343561172
1984-08-21T00:00:00Z,0.12221000343561172,0.12723200023174286
1984-08-22T00:00:00Z,0.12723200023174286,0.125
1984-08-23T00:00:00Z,0.125,0.125558003783226
1984-08-24T00:00:00Z,0.125558003783226,0.125558003783226
1984-08-27T00:00:00Z,0.125558003783226,0.12444200366735458
1984-08-28T00:00:00Z,0.12444200366735458,0.12611599266529083
1984-08-29T00:00:00Z,0.12611599266529083,0.12276799976825714
1984-08-30T00:00:00Z,0.12276799976825714,0.12053599953651428
1984-08-31T00:00:00Z,0.12053599953651428,0.11830399930477142
1984-09-04T00:00:00Z,0.11830399930477142,0.1171879991889
1984-09-05T00:00:00Z,0.1171879991889,0.1171879991889
1984-09-06T00:00:00Z,0.1171879991889,0.11830399930477142
1984-09-07T00:00:00Z,0.11830399930477142,0.11830399930477142
1984-09-10T00:00:00Z,0.11830399930477142,0.11774600297212601
1984-09-11T00:00:00Z,0.11886200308799744,0.11997800320386887
1984-09-12T00:00:00Z,0.11997800320386887,0.11662899702787399
1984-09-13T00:00:00Z,0.12276799976825714,0.12276799976825714
1984-09-14T00:00:00Z,0.12332600355148315,0.12444200366735458
1984-09-17T00:00:00Z,0.12779000401496887,0.12779000401496887
1984-09-18T00:00:00Z,0.12779000401496887,0.12332600355148315
1984-09-19T00:00:00Z,0.12332600355148315,0.12053599953651428
1984-09-20T00:00:00Z,0.1210940033197403,0.1210940033197403
1984-09-21T00:00:00Z,0.1210940033197403,0.11997800320386887
1984-09-24T00:00:00Z,0.11997800320386887,0.11886200308799744
1984-09-25T00:00:00Z,0.11830399930477142,0.11662899702787399
1984-09-26T00:00:00Z,0.11662899702787399,0.11495500057935715
1984-09-27T00:00:00Z,0.11495500057935715,0.11495500057935715
1984-09-28T00:00:00Z,0.11495500057935715,0.11216499656438828
1984-10-01T00:00:00Z,0.11160700023174286,0.109375
1984-10-02T00:00:00Z,0.11049100011587143,0.11049100011587143
1984-10-03T00:00:00Z,0.11216499656438828,0.11216499656438828
1984-10-04T00:00:00Z,0.1132809966802597,0.1132809966802597
1984-10-05T00:00:00Z,0.1132809966802597,0.11104899644851685
1984-10-08T00:00:00Z,0.11104899644851685,0.11104899644851685
1984-10-09T00:00:00Z,0.11104899644851685,0.10993299633264542
1984-10-10T00:00:00Z,0.10993299633264542,0.10658500343561172
1984-10-11T00:00:00Z,0.10658500343561172,0.10602699965238571
1984-10-12T00:00:00Z,0.10602699965238571,0.1015629991889
1984-10-15T00:00:00Z,0.10714299976825714,0.10714299976825714
1984-10-16T00:00:00Z,0.10714299976825714,0.10658500343561172
1984-10-17T00:00:00Z,0.11104899644851685,0.11104899644851685
1984-10-18T00:00:00Z,0.11439699679613113,0.11439699679613113
1984-10-19T00:00:00Z,0.11439699679613113,0.11439699679613113
1984-10-22T00:00:00Z,0.11439699679613113,0.1132809966802597
1984-10-23T00:00:00Z,0.11607100069522858,0.11607100069522858
1984-10-24T00:00:00Z,0.1171879991889,0.1171879991889
1984-10-25T00:00:00Z,0.1171879991889,0.11272300034761429
1984-10-26T00:00:00Z,0.11272300034761429,0.10993299633264542
1984-10-29T00:00:00Z,0.11049100011587143,0.11049100011587143
1984-10-30T00:00:00Z,0.11160700023174286,0.11160700023174286
1984-10-31T00:00:00Z,0.11160700023174286,0.11104899644851685
1984-11-01T00:00:00Z,0.11160700023174286,0.11160700023174286
1984-11-02T00:00:00Z,0.11160700023174286,0.11104899644851685
1984-11-05T00:00:00Z,0.11104899644851685,0.11049100011587143
1984-11-06T00:00:00Z,0.1171879991889,0.1171879991889
1984-11-07T00:00:00Z,0.1171879991889,0.11495500057935715
1984-11-08T00:00:00Z,0.11495500057935715,0.11049100011587143
1984-11-09T00:00:00Z,0.11049100011587143,0.10379499942064285
1984-11-12T00:00:00Z,0.10770100355148315,0.10770100355148315
1984-11-13T00:00:00Z,0.10770100355148315,0.10491099953651428
1984-11-14T00:00:00Z,0.10602699965238571,0.10602699965238571
1984-11-15T00:00:00Z,0.10602699965238571,0.10602699965238571
1984-11-16T00:00:00Z,0.10602699965238571,0.10379499942064285
1984-11-19T00:00:00Z,0.10379499942064285,0.0976559966802597
1984-11-20T00:00:00Z,0.10100399702787399,0.10100399702787399
1984-11-21T00:00:00Z,0.10323700308799744,0.10323700308799744
1984-11-23T00:00:00Z,0.10435300320386887,0.10602699965238571
1984-11-26T00:00:00Z,0.10714299976825714,0.10714299976825714
1984-11-27T00:00:00Z,0.10993299633264542,0.10993299633264542
1984-11-28T00:00:00Z,0.11551299691200256,0.11551299691200256
1984-11-29T00:00:00Z,0.11551299691200256,0.1132809966802597
1984-11-30T00:00:00Z,0.1132809966802597,0.11049100011587143
1984-12-03T00:00:00Z,0.11049100011587143,0.10881700366735458
1984-12-04T00:00:00Z,0.11104899644851685,0.11104899644851685
1984-12-05T00:00:00Z,0.11662899702787399,0.11662899702787399
1984-12-06T00:00:00Z,0.12221000343561172,0.12221000343561172
1984-12-07T00:00:00Z,0.12221000343561172,0.12165199965238571
1984-12-10T00:00:00Z,0.12165199965238571,0.11941999942064285
1984-12-11T00:00:00Z,0.11941999942064285,0.11774600297212601
1984-12-12T00:00:00Z,0.11774600297212601,0.11383900046348572
1984-12-13T00:00:00Z,0.11495500057935715,0.11495500057935715
1984-12-14T00:00:00Z,0.11495500057935715,0.11774600297212601
1984-12-17T00:00:00Z,0.12053599953651428,0.12053599953651428
1984-12-18T00:00:00Z,0.12779000401496887,0.12779000401496887
1984-12-19T00:00:00Z,0.12779000401496887,0.12276799976825714
1984-12-20T00:00:00Z,0.12276799976825714,0.12221000343561172
1984-12-21T00:00:00Z,0.12221000343561172,0.12053599953651428
1984-12-24T00:00:00Z,0.12276799976825714,0.12276799976825714
1984-12-26T00:00:00Z,0.12332600355148315,0.12332600355148315
1984-12-27T00:00:00Z,0.12388399988412857,0.12388399988412857
1984-12-28T00:00:00Z,0.12388399988412857,0.1283479928970337
1984-12-31T00:00:00Z,0.13002200424671173,0.13002200424671173
1985-01-02T00:00:00Z,0.13002200424671173,0.12444200366735458
1985-01-03T00:00:00Z,0.12667399644851685,0.12667399644851685
1985-01-04T00:00:00Z,0.12667399644851685,0.12667399644851685
1985-01-07T00:00:00Z,0.12667399644851685,0.12611599266529083
1985-01-08T00:00:00Z,0.12611599266529083,0.125
1985-01-09T00:00:00Z,0.1283479928970337,0.1283479928970337
1985-01-10T00:00:00Z,0.13392899930477142,0.13392899930477142
1985-01-11T00:00:00Z,0.13392899930477142,0.1328130066394806
1985-01-14T00:00:00Z,0.1367190033197403,0.1367190033197403
1985-01-15T00:00:00Z,0.1367190033197403,0.13392899930477142
1985-01-16T00:00:00Z,0.13504500687122345,0.13504500687122345
1985-01-17T00:00:00Z,0.13504500687122345,0.125558003783226
1985-01-18T00:00:00Z,0.125558003783226,0.12779000401496887
1985-01-21T00:00:00Z,0.13057999312877655,0.13057999312877655
1985-01-22T00:00:00Z,0.13448700308799744,0.13448700308799744
1985-01-23T00:00:00Z,0.13448700308799744,0.1322540044784546
1985-01-24T00:00:00Z,0.1322540044784546,0.12946400046348572
1985-01-25T00:00:00Z,0.12946400046348572,0.1322540044784546
1985-01-28T00:00:00Z,0.13504500687122345,0.13504500687122345
1985-01-29T00:00:00Z,0.13504500687122345,0.1333709955215454
1985-01-30T00:00:00Z,0.1333709955215454,0.1333709955215454
1985-01-31T00:00:00Z,0.1333709955215454,0.12946400046348572
1985-02-01T00:00:00Z,0.12946400046348572,0.12779000401496887
1985-02-04T00:00:00Z,0.13057999312877655,0.13057999312877655
1985-02-05T00:00:00Z,0.13169600069522858,0.13169600069522858
1985-02-06T00:00:00Z,0.13392899930477142,0.13392899930477142
1985-02-07T00:00:00Z,0.13392899930477142,0.1333709955215454
1985-02-08T00:00:00Z,0.1333709955215454,0.1333709955215454
1985-02-11T00:00:00Z,0.13616099953651428,0.13616099953651428
1985-02-12T00:00:00Z,0.13616099953651428,0.1328130066394806
1985-02-13T00:00:00Z,0.1328130066394806,0.12667399644851685
1985-02-14T00:00:00Z,0.12667399644851685,0.12332600355148315
1985-02-15T00:00:00Z,0.12332600355148315,0.125
1985-02-19T00:00:00Z,0.12444200366735458,0.12332600355148315
1985-02-20T00:00:00Z,0.12332600355148315,0.11774600297212601
1985-02-21T00:00:00Z,0.11997800320386887,0.11997800320386887
1985-02-22T00:00:00Z,0.11997800320386887,0.12332600355148315
1985-02-25T00:00:00Z,0.12332600355148315,0.12165199965238571
1985-02-26T00:00:00Z,0.12165199965238571,0.11941999942064285
1985-02-27T00:00:00Z,0.11941999942064285,0.11216499656438828
1985-02-28T00:00:00Z,0.11216499656438828,0.11049100011587143
1985-03-01T00:00:00Z,0.11049100011587143,0.11104899644851685
1985-03-04T00:00:00Z,0.11272300034761429,0.11272300034761429
1985-03-05T00:00:00Z,0.11551299691200256,0.11551299691200256
1985-03-06T00:00:00Z,0.11551299691200256,0.10993299633264542
1985-03-07T00:00:00Z,0.10993299633264542,0.09877199679613113
1985-03-08T00:00:00Z,0.09877199679613113,0.09598200023174286
1985-03-11T00:00:00Z,0.09933000057935715,0.09933000057935715
1985-03-12T00:00:00Z,0.10267899930477142,0.10267899930477142
1985-03-13T00:00:00Z,0.10267899930477142,0.09709800034761429
1985-03-14T00:00:00Z,0.09709800034761429,0.09709800034761429
1985-03-15T00:00:00Z,0.09709800034761429,0.10100399702787399
1985-03-18T00:00:00Z,0.10212100297212601,0.10212100297212601
1985-03-19T00:00:00Z,0.10212100297212601,0.09821400046348572
1985-03-20T00:00:00Z,0.09933000057935715,0.09933000057935715
1985-03-21T00:00:00Z,0.10100399702787399,0.10100399702787399
1985-03-22T00:00:00Z,0.10100399702787399,0.09933000057935715
1985-03-25T00:00:00Z,0.09933000057935715,0.09653999656438828
1985-03-26T00:00:00Z,0.10044600069522858,0.10044600069522858
1985-03-27T00:00:00Z,0.10044600069522858,0.0976559966802597
1985-03-28T00:00:00Z,0.0976559966802597,0.0976559966802597
1985-03-29T00:00:00Z,0.0976559966802597,0.09877199679613113
1985-04-01T00:00:00Z,0.09877199679613113,0.09653999656438828
1985-04-02T00:00:00Z,0.09653999656438828,0.09375
1985-04-03T00:00:00Z,0.09375,0.09375
1985-04-04T00:00:00Z,0.09375,0.09319200366735458
1985-04-08T00:00:00Z,0.09319200366735458,0.08761200308799744
1985-04-09T00:00:00Z,0.08761200308799744,0.08761200308799744
1985-04-10T00:00:00Z,0.09375,0.09375
1985-04-11T00:00:00Z,0.09542399644851685,0.09542399644851685
1985-04-12T00:00:00Z,0.09542399644851685,0.09319200366735458
1985-04-15T00:00:00Z,0.09542399644851685,0.09542399644851685
1985-04-16T00:00:00Z,0.09653999656438828,0.09653999656438828
1985-04-17T00:00:00Z,0.10100399702787399,0.10100399702787399
1985-04-18T00:00:00Z,0.10212100297212601,0.10212100297212601
1985-04-19T00:00:00Z,0.10212100297212601,0.10044600069522858
1985-04-22T00:00:00Z,0.10044600069522858,0.09653999656438828
1985-04-23T00:00:00Z,0.09877199679613113,0.09877199679613113
1985-04-24T00:00:00Z,0.09877199679613113,0.09821400046348572
1985-04-25T00:00:00Z,0.09821400046348572,0.09821400046348572
1985-04-26T00:00:00Z,0.09821400046348572,0.0976559966802597
1985-04-29T00:00:00Z,0.0976559966802597,0.09430799633264542
1985-04-30T00:00:00Z,0.09486600011587143,0.09486600011587143
1985-05-01T00:00:00Z,0.09486600011587143,0.09319200366735458
1985-05-02T00:00:00Z,0.09207600355148315,0.0859379991889
1985-05-03T00:00:00Z,0.0859379991889,0.08928599953651428
1985-05-06T00:00:00Z,0.08928599953651428,0.08816999942064285
1985-05-07T00:00:00Z,0.08928599953651428,0.08928599953651428
1985-05-08T00:00:00Z,0.08872800320386887,0.08872800320386887
1985-05-09T00:00:00Z,0.08928599953651428,0.08928599953651428
1985-05-10T00:00:00Z,0.08928599953651428,0.09040199965238571
1985-05-13T00:00:00Z,0.09040199965238571,0.08928599953651428
1985-05-14T00:00:00Z,0.08928599953651428,0.08816999942064285
1985-05-15T00:00:00Z,0.08928599953651428,0.08928599953651428
1985-05-16T00:00:00Z,0.09542399644851685,0.09542399644851685
1985-05-17T00:00:00Z,0.09542399644851685,0.09709800034761429
1985-05-20T00:00:00Z,0.09709800034761429,0.09542399644851685
1985-05-21T00:00:00Z,0.09486600011587143,0.09263399988412857
1985-05-22T00:00:00Z,0.09263399988412857,0.09207600355148315
1985-05-23T00:00:00Z,0.09151799976825714,0.08816999942064285
1985-05-24T00:00:00Z,0.08816999942064285,0.08091499656438828
1985-05-28T00:00:00Z,0.07979899644851685,0.07533500343561172
1985-05-29T00:00:00Z,0.07645100355148315,0.07645100355148315
1985-05-30T00:00:00Z,0.07868299633264542,0.07868299633264542
1985-05-31T00:00:00Z,0.07868299633264542,0.07756700366735458
1985-06-03T00:00:00Z,0.07589299976825714,0.07142899930477142
1985-06-04T00:00:00Z,0.07700899988412857,0.07700899988412857
1985-06-05T00:00:00Z,0.07700899988412857,0.07533500343561172
1985-06-06T00:00:00Z,0.07589299976825714,0.07589299976825714
1985-06-07T00:00:00Z,0.07589299976825714,0.07310300320386887
1985-06-10T00:00:00Z,0.07310300320386887,0.07198700308799744
1985-06-11T00:00:00Z,0.07198700308799744,0.07198700308799744
1985-06-12T00:00:00Z,0.07198700308799744,0.0703129991889
1985-06-13T00:00:00Z,0.0703129991889,0.0664059966802597
1985-06-14T00:00:00Z,0.0664059966802597,0.06584800034761429
1985-06-17T00:00:00Z,0.0664059966802597,0.0664059966802597
1985-06-18T00:00:00Z,0.06808000057935715,0.06808000057935715
1985-06-19T00:00:00Z,0.06975399702787399,0.06975399702787399
1985-06-20T00:00:00Z,0.0703129991889,0.0703129991889
1985-06-21T00:00:00Z,0.07198700308799744,0.07198700308799744
1985-06-24T00:00:00Z,0.07700899988412857,0.07700899988412857
1985-06-25T00:00:00Z,0.078125,0.078125
1985-06-26T00:00:00Z,0.08091499656438828,0.08091499656438828
1985-06-27T00:00:00Z,0.0820309966802597,0.0820309966802597
1985-06-28T00:00:00Z,0.0820309966802597,0.08035700023174286
1985-07-01T00:00:00Z,0.08091499656438828,0.08091499656438828
1985-07-02T00:00:00Z,0.08091499656438828,0.07700899988412857
1985-07-03T00:00:00Z,0.078125,0.078125
1985-07-05T00:00:00Z,0.07868299633264542,0.07868299633264542
1985-07-08T00:00:00Z,0.07868299633264542,0.07868299633264542
1985-07-09T00:00:00Z,0.07868299633264542,0.07868299633264542
1985-07-10T00:00:00Z,0.08035700023174286,0.08035700023174286
1985-07-11T00:00:00Z,0.08035700023174286,0.08035700023174286
1985-07-12T00:00:00Z,0.08035700023174286,0.07979899644851685
1985-07-15T00:00:00Z,0.07979899644851685,0.07924100011587143
1985-07-16T00:00:00Z,0.07924100011587143,0.078125
1985-07-17T00:00:00Z,0.07868299633264542,0.07868299633264542
1985-07-18T00:00:00Z,0.07868299633264542,0.07700899988412857
1985-07-19T00:00:00Z,0.07756700366735458,0.07756700366735458
1985-07-22T00:00:00Z,0.07756700366735458,0.07533500343561172
1985-07-23T00:00:00Z,0.07533500343561172,0.07366099953651428
1985-07-24T00:00:00Z,0.07366099953651428,0.07254499942064285
1985-07-25T00:00:00Z,0.0742190033197403,0.0742190033197403
1985-07-26T00:00:00Z,0.0742190033197403,0.0742190033197403
1985-07-29T00:00:00Z,0.0742190033197403,0.07142899930477142
1985-07-30T00:00:00Z,0.07254499942064285,0.07254499942064285
1985-07-31T00:00:00Z,0.07254499942064285,0.07087100297212601
1985-08-01T00:00:00Z,0.07087100297212601,0.07087100297212601
1985-08-02T00:00:00Z,0.07087100297212601,0.0703129991889
1985-08-05T00:00:00Z,0.0703129991889,0.06863799691200256
1985-08-06T00:00:00Z,0.06863799691200256,0.06808000057935715
1985-08-07T00:00:00Z,0.06808000057935715,0.0664059966802597
1985-08-08T00:00:00Z,0.06752199679613113,0.06752199679613113
1985-08-09T00:00:00Z,0.06808000057935715,0.06808000057935715
1985-08-12T00:00:00Z,0.06808000057935715,0.06696400046348572
1985-08-13T00:00:00Z,0.06808000057935715,0.06808000057935715
1985-08-14T00:00:00Z,0.06808000057935715,0.06528999656438828
1985-08-15T00:00:00Z,0.06528999656438828,0.06473200023174286
1985-08-16T00:00:00Z,0.06528999656438828,0.06528999656438828
1985-08-19T00:00:00Z,0.06696400046348572,0.06696400046348572
1985-08-20T00:00:00Z,0.06808000057935715,0.06808000057935715
1985-08-21T00:00:00Z,0.06808000057935715,0.06808000057935715
1985-08-22T00:00:00Z,0.06808000057935715,0.0664059966802597
1985-08-23T00:00:00Z,0.0664059966802597,0.06584800034761429
1985-08-26T00:00:00Z,0.06752199679613113,0.06752199679613113
1985-08-27T00:00:00Z,0.06808000057935715,0.06808000057935715
1985-08-28T00:00:00Z,0.06808000057935715,0.06808000057935715
1985-08-29T00:00:00Z,0.06808000057935715,0.0664059966802597
1985-08-30T00:00:00Z,0.06696400046348572,0.06696400046348572
1985-09-03T00:00:00Z,0.06696400046348572,0.06584800034761429
1985-09-04T00:00:00Z,0.0664059966802597,0.0664059966802597
1985-09-05T00:00:00Z,0.0664059966802597,0.0664059966802597
1985-09-06T00:00:00Z,0.06696400046348572,0.06696400046348572
1985-09-09T00:00:00Z,0.06808000057935715,0.06808000057935715
1985-09-10T00:00:00Z,0.06863799691200256,0.06863799691200256
1985-09-11T00:00:00Z,0.06919600069522858,0.06919600069522858
1985-09-12T00:00:00Z,0.07198700308799744,0.07198700308799744
1985-09-13T00:00:00Z,0.07198700308799744,0.0703129991889
1985-09-16T00:00:00Z,0.0703129991889,0.06808000057935715
1985-09-17T00:00:00Z,0.06808000057935715,0.06808000057935715
1985-09-18T00:00:00Z,0.07254499942064285,0.07254499942064285
1985-09-19T00:00:00Z,0.07589299976825714,0.07589299976825714
1985-09-20T00:00:00Z,0.07589299976825714,0.07477699965238571
1985-09-23T00:00:00Z,0.07533500343561172,0.07533500343561172
1985-09-24T00:00:00Z,0.07533500343561172,0.07366099953651428
1985-09-25T00:00:00Z,0.07366099953651428,0.07087100297212601
1985-09-26T00:00:00Z,0.07087100297212601,0.07087100297212601
1985-09-30T00:00:00Z,0.07087100297212601,0.0703129991889
1985-10-01T00:00:00Z,0.0703129991889,0.0703129991889
1985-10-02T00:00:00Z,0.0703129991889,0.06975399702787399
1985-10-03T00:00:00Z,0.06975399702787399,0.06919600069522858
1985-10-04T00:00:00Z,0.06919600069522858,0.06696400046348572
1985-10-07T00:00:00Z,0.06696400046348572,0.06696400046348572
1985-10-08T00:00:00Z,0.06752199679613113,0.06752199679613113
1985-10-09T00:00:00Z,0.06752199679613113,0.06696400046348572
1985-10-10T00:00:00Z,0.07087100297212601,0.07087100297212601
1985-10-11T00:00:00Z,0.07142899930477142,0.07142899930477142
1985-10-14T00:00:00Z,0.0742190033197403,0.0742190033197403
1985-10-15T00:00:00Z,0.07589299976825714,0.07589299976825714
1985-10-16T00:00:00Z,0.08035700023174286,0.08035700023174286
1985-10-17T00:00:00Z,0.08147300034761429,0.08147300034761429
1985-10-18T00:00:00Z,0.08147300034761429,0.07924100011587143
1985-10-21T00:00:00Z,0.07924100011587143,0.07700899988412857
1985-10-22T00:00:00Z,0.08035700023174286,0.08035700023174286
1985-10-23T00:00:00Z,0.08035700023174286,0.08035700023174286
1985-10-24T00:00:00Z,0.0820309966802597,0.0820309966802597
1985-10-25T00:00:00Z,0.0820309966802597,0.08035700023174286
1985-10-28T00:00:00Z,0.08035700023174286,0.08035700023174286
1985-10-29T00:00:00Z,0.08035700023174286,0.07979899644851685
1985-10-30T00:00:00Z,0.08482100069522858,0.08482100069522858
1985-10-31T00:00:00Z,0.08482100069522858,0.08314699679613113
1985-11-01T00:00:00Z,0.08314699679613113,0.08314699679613113
1985-11-04T00:00:00Z,0.08370500057935715,0.08370500057935715
1985-11-05T00:00:00Z,0.08370500057935715,0.08314699679613113
1985-11-06T00:00:00Z,0.0859379991889,0.0859379991889
1985-11-07T00:00:00Z,0.08761200308799744,0.08761200308799744
1985-11-08T00:00:00Z,0.09151799976825714,0.09151799976825714
1985-11-11T00:00:00Z,0.09151799976825714,0.08928599953651428
1985-11-12T00:00:00Z,0.08928599953651428,0.08872800320386887
1985-11-13T00:00:00Z,0.08872800320386887,0.08649600297212601
1985-11-14T00:00:00Z,0.08928599953651428,0.08928599953651428
1985-11-15T00:00:00Z,0.08928599953651428,0.08872800320386887
1985-11-18T00:00:00Z,0.08872800320386887,0.08872800320386887
1985-11-19T00:00:00Z,0.08872800320386887,0.0859379991889
1985-11-20T00:00:00Z,0.0859379991889,0.08482100069522858
1985-11-21T00:00:00Z,0.08482100069522858,0.08482100069522858
1985-11-22T00:00:00Z,0.08482100069522858,0.08482100069522858
1985-11-25T00:00:00Z,0.08482100069522858,0.08537899702787399
1985-11-26T00:00:00Z,0.08537899702787399,0.08649600297212601
1985-11-27T00:00:00Z,0.08649600297212601,0.08928599953651428
1985-11-29T00:00:00Z,0.08928599953651428,0.0898440033197403
1985-12-02T00:00:00Z,0.0898440033197403,0.09040199965238571
1985-12-03T00:00:00Z,0.09040199965238571,0.0898440033197403
1985-12-04T00:00:00Z,0.0898440033197403,0.09151799976825714
1985-12-05T00:00:00Z,0.09151799976825714,0.0898440033197403
1985-12-06T00:00:00Z,0.0898440033197403,0.08816999942064285
1985-12-09T00:00:00Z,0.08816999942064285,0.08649600297212601
1985-12-10T00:00:00Z,0.08649600297212601,0.08705399930477142
1985-12-11T00:00:00Z,0.08705399930477142,0.08816999942064285
1985-12-12T00:00:00Z,0.08872800320386887,0.08928599953651428
1985-12-13T00:00:00Z,0.08928599953651428,0.08928599953651428
1985-12-16T00:00:00Z,0.08928599953651428,0.09319200366735458
1985-12-17T00:00:00Z,0.09319200366735458,0.09207600355148315
1985-12-18T00:00:00Z,0.09542399644851685,0.09933000057935715
1985-12-19T00:00:00Z,0.09933000057935715,0.10044600069522858
1985-12-20T00:00:00Z,0.10044600069522858,0.09988799691200256
1985-12-23T00:00:00Z,0.09988799691200256,0.0976559966802597
1985-12-24T00:00:00Z,0.0976559966802597,0.09709800034761429
1985-12-26T00:00:00Z,0.09709800034761429,0.09709800034761429
1985-12-27T00:00:00Z,0.09709800034761429,0.09988799691200256
1985-12-30T00:00:00Z,0.09988799691200256,0.09933000057935715
1985-12-31T00:00:00Z,0.09933000057935715,0.09821400046348572
1986-01-02T00:00:00Z,0.09821400046348572,0.09933000057935715
1986-01-03T00:00:00Z,0.09933000057935715,0.09988799691200256
1986-01-06T00:00:00Z,0.09988799691200256,0.09933000057935715
1986-01-07T00:00:00Z,0.09933000057935715,0.10267899930477142
1986-01-08T00:00:00Z,0.10267899930477142,0.10212100297212601
1986-01-09T00:00:00Z,0.10212100297212601,0.10100399702787399
1986-01-10T00:00:00Z,0.10100399702787399,0.1015629991889
1986-01-13T00:00:00Z,0.1015629991889,0.10267899930477142
1986-01-14T00:00:00Z,0.10267899930477142,0.10379499942064285
1986-01-15T00:00:00Z,0.10379499942064285,0.10658500343561172
1986-01-16T00:00:00Z,0.10658500343561172,0.109375
1986-01-17T00:00:00Z,0.109375,0.10714299976825714
1986-01-20T00:00:00Z,0.10714299976825714,0.10658500343561172
1986-01-21T00:00:00Z,0.10658500343561172,0.10714299976825714
1986-01-22T00:00:00Z,0.10714299976825714,0.10435300320386887
1986-01-23T00:00:00Z,0.10435300320386887,0.10267899930477142
1986-01-24T00:00:00Z,0.10267899930477142,0.10100399702787399
1986-01-27T00:00:00Z,0.10100399702787399,0.09877199679613113
1986-01-28T00:00:00Z,0.09877199679613113,0.09933000057935715
1986-01-29T00:00:00Z,0.09933000057935715,0.1054690033197403
1986-01-30T00:00:00Z,0.10491099953651428,0.10267899930477142
1986-01-31T00:00:00Z,0.10267899930477142,0.10323700308799744
1986-02-03T00:00:00Z,0.10323700308799744,0.10658500343561172
1986-02-04T00:00:00Z,0.10658500343561172,0.10602699965238571
1986-02-05T00:00:00Z,0.10602699965238571,0.10602699965238571
1986-02-06T00:00:00Z,0.10602699965238571,0.10770100355148315
1986-02-07T00:00:00Z,0.10770100355148315,0.10714299976825714
1986-02-10T00:00:00Z,0.10714299976825714,0.10658500343561172
1986-02-11T00:00:00Z,0.10658500343561172,0.10658500343561172
1986-02-12T00:00:00Z,0.10658500343561172,0.10714299976825714
1986-02-13T00:00:00Z,0.10714299976825714,0.10658500343561172
1986-02-14T00:00:00Z,0.10658500343561172,0.10602699965238571
1986-02-18T00:00:00Z,0.10602699965238571,0.10658500343561172
1986-02-19T00:00:00Z,0.10658500343561172,0.11160700023174286
1986-02-20T00:00:00Z,0.11160700023174286,0.11216499656438828
1986-02-21T00:00:00Z,0.11216499656438828,0.11272300034761429
1986-02-24T00:00:00Z,0.11272300034761429,0.11495500057935715
1986-02-25T00:00:00Z,0.11495500057935715,0.11774600297212601
1986-02-26T00:00:00Z,0.11774600297212601,0.11607100069522858
1986-02-27T00:00:00Z,0.11607100069522858,0.11439699679613113
1986-02-28T00:00:00Z,0.11439699679613113,0.11160700023174286
1986-03-03T00:00:00Z,0.11160700023174286,0.10993299633264542
1986-03-04T00:00:00Z,0.10993299633264542,0.10993299633264542
1986-03-05T00:00:00Z,0.10993299633264542,0.11272300034761429
1986-03-06T00:00:00Z,0.11272300034761429,0.1132809966802597
1986-03-07T00:00:00Z,0.1132809966802597,0.11049100011587143
1986-03-10T00:00:00Z,0.11049100011587143,0.10993299633264542
1986-03-11T00:00:00Z,0.10993299633264542,0.11104899644851685
1986-03-12T00:00:00Z,0.11104899644851685,0.11049100011587143
1986-03-13T00:00:00Z,0.11049100011587143,0.11049100011587143
1986-03-14T00:00:00Z,0.11049100011587143,0.11662899702787399
1986-03-17T00:00:00Z,0.11607100069522858,0.11607100069522858
1986-03-18T00:00:00Z,0.11607100069522858,0.11997800320386887
1986-03-19T00:00:00Z,0.11997800320386887,0.11830399930477142
1986-03-20T00:00:00Z,0.125,0.12611599266529083
1986-03-21T00:00:00Z,0.12611599266529083,0.12332600355148315
1986-03-24T00:00:00Z,0.12332600355148315,0.11941999942064285
1986-03-25T00:00:00Z,0.11941999942064285,0.12444200366735458
1986-03-26T00:00:00Z,0.12444200366735458,0.12611599266529083
1986-03-27T00:00:00Z,0.12611599266529083,0.12611599266529083
1986-03-31T00:00:00Z,0.12611599266529083,0.12611599266529083
1986-04-01T00:00:00Z,0.12611599266529083,0.12165199965238571
1986-04-02T00:00:00Z,0.12165199965238571,0.12165199965238571
1986-04-03T00:00:00Z,0.12165199965238571,0.12053599953651428
1986-04-04T00:00:00Z,0.12053599953651428,0.11941999942064285
1986-04-07T00:00:00Z,0.11941999942064285,0.12165199965238571
1986-04-08T00:00:00Z,0.12165199965238571,0.12332600355148315
1986-04-09T00:00:00Z,0.12332600355148315,0.1210940033197403
1986-04-10T00:00:00Z,0.1210940033197403,0.12165199965238571
1986-04-11T00:00:00Z,0.12165199965238571,0.12053599953651428
1986-04-14T00:00:00Z,0.12053599953651428,0.11997800320386887
1986-04-15T00:00:00Z,0.11997800320386887,0.12221000343561172
1986-04-16T00:00:00Z,0.12221000343561172,0.12611599266529083
1986-04-17T00:00:00Z,0.12611599266529083,0.12946400046348572
1986-04-18T00:00:00Z,0.12946400046348572,0.1328130066394806
1986-04-21T00:00:00Z,0.1333709955215454,0.13560299575328827
1986-04-22T00:00:00Z,0.13560299575328827,0.1333709955215454
1986-04-23T00:00:00Z,0.1333709955215454,0.1322540044784546
1986-04-24T00:00:00Z,0.1322540044784546,0.140066996216774
1986-04-25T00:00:00Z,0.140066996216774,0.1439729928970337
1986-04-28T00:00:00Z,0.1439729928970337,0.14285700023174286
1986-04-29T00:00:00Z,0.14285700023174286,0.13950900733470917
1986-04-30T00:00:00Z,0.13950900733470917,0.13504500687122345
1986-05-01T00:00:00Z,0.13504500687122345,0.13504500687122345
1986-05-02T00:00:00Z,0.13504500687122345,0.13616099953651428
1986-05-05T00:00:00Z,0.13616099953651428,0.14341500401496887
1986-05-06T00:00:00Z,0.1439729928970337,0.14564700424671173
1986-05-07T00:00:00Z,0.14564700424671173,0.140625
1986-05-08T00:00:00Z,0.140625,0.14732100069522858
1986-05-09T00:00:00Z,0.14732100069522858,0.1489959955215454
1986-05-12T00:00:00Z,0.1489959955215454,0.16238799691200256
1986-05-13T00:00:00Z,0.16238799691200256,0.16071400046348572
1986-05-14T00:00:00Z,0.16071400046348572,0.1646209955215454
1986-05-15T00:00:00Z,0.1646209955215454,0.16071400046348572
1986-05-16T00:00:00Z,0.16071400046348572,0.16071400046348572
1986-05-19T00:00:00Z,0.16071400046348572,0.15904000401496887
1986-05-20T00:00:00Z,0.15904000401496887,0.15792399644851685
1986-05-21T00:00:00Z,0.15792399644851685,0.16517899930477142
1986-05-22T00:00:00Z,0.16517899930477142,0.1640630066394806
1986-05-23T00:00:00Z,0.1640630066394806,0.16517899930477142
1986-05-27T00:00:00Z,0.16517899930477142,0.1646209955215454
1986-05-28T00:00:00Z,0.1646209955215454,0.16629500687122345
1986-05-29T00:00:00Z,0.16629500687122345,0.16517899930477142
1986-05-30T00:00:00Z,0.16517899930477142,0.16517899930477142
1986-06-02T00:00:00Z,0.16517899930477142,0.16573700308799744
1986-06-03T00:00:00Z,0.16573700308799744,0.16908499598503113
1986-06-04T00:00:00Z,0.16908499598503113,0.17299099266529083
1986-06-05T00:00:00Z,0.17299099266529083,0.17354899644851685
1986-06-06T00:00:00Z,0.17354899644851685,0.1685270071029663
1986-06-09T00:00:00Z,0.1685270071029663,0.16071400046348572
1986-06-10T00:00:00Z,0.16071400046348572,0.16071400046348572
1986-06-11T00:00:00Z,0.16071400046348572,0.16127200424671173
1986-06-12T00:00:00Z,0.16127200424671173,0.16071400046348572
1986-06-13T00:00:00Z,0.16071400046348572,0.16238799691200256
1986-06-16T00:00:00Z,0.16238799691200256,0.1601559966802597
1986-06-17T00:00:00Z,0.1601559966802597,0.1529020071029663
1986-06-18T00:00:00Z,0.1529020071029663,0.1529020071029663
1986-06-19T00:00:00Z,0.1529020071029663,0.15625
1986-06-20T00:00:00Z,0.15625,0.16071400046348572
1986-06-23T00:00:00Z,0.16071400046348572,0.15513400733470917
1986-06-24T00:00:00Z,0.15513400733470917,0.155691996216774
1986-06-25T00:00:00Z,0.15625,0.1601559966802597
1986-06-26T00:00:00Z,0.1601559966802597,0.16182999312877655
1986-06-27T00:00:00Z,0.16182999312877655,0.1601559966802597
1986-06-30T00:00:00Z,0.1601559966802597,0.1601559966802597
1986-07-01T00:00:00Z,0.1601559966802597,0.15792399644851685
1986-07-02T00:00:00Z,0.15792399644851685,0.16127200424671173
1986-07-03T00:00:00Z,0.16127200424671173,0.1679690033197403
1986-07-07T00:00:00Z,0.1679690033197403,0.15904000401496887
1986-07-08T00:00:00Z,0.15736599266529083,0.1529020071029663
1986-07-09T00:00:00Z,0.1529020071029663,0.15457600355148315
1986-07-10T00:00:00Z,0.15513400733470917,0.15792399644851685
1986-07-11T00:00:00Z,0.15792399644851685,0.16573700308799744
1986-07-14T00:00:00Z,0.16573700308799744,0.16182999312877655
1986-07-15T00:00:00Z,0.15625,0.155691996216774
1986-07-16T00:00:00Z,0.15848200023174286,0.14955399930477142
1986-07-17T00:00:00Z,0.14955399930477142,0.1439729928970337
1986-07-18T00:00:00Z,0.1439729928970337,0.14174099266529083
1986-07-21T00:00:00Z,0.14732100069522858,0.14955399930477142
1986-07-22T00:00:00Z,0.14955399930477142,0.15457600355148315
1986-07-23T00:00:00Z,0.15457600355148315,0.1523440033197403
1986-07-24T00:00:00Z,0.1529020071029663,0.1478790044784546
1986-07-25T00:00:00Z,0.1478790044784546,0.15178599953651428
1986-07-28T00:00:00Z,0.15122799575328827,0.1445309966802597
1986-07-29T00:00:00Z,0.1439729928970337,0.13950900733470917
1986-07-30T00:00:00Z,0.13950900733470917,0.13616099953651428
1986-07-31T00:00:00Z,0.13616099953651428,0.13950900733470917
1986-08-01T00:00:00Z,0.13895100355148315,0.140066996216774
1986-08-04T00:00:00Z,0.140066996216774,0.140625
1986-08-05T00:00:00Z,0.141183003783226,0.14341500401496887
1986-08-06T00:00:00Z,0.14341500401496887,0.13895100355148315
1986-08-07T00:00:00Z,0.13895100355148315,0.14174099266529083
1986-08-08T00:00:00Z,0.14229899644851685,0.141183003783226
1986-08-11T00:00:00Z,0.14229899644851685,0.14955399930477142
1986-08-12T00:00:00Z,0.1489959955215454,0.1529020071029663
1986-08-13T00:00:00Z,0.1529020071029663,0.16071400046348572
1986-08-14T00:00:00Z,0.16071400046348572,0.16071400046348572
1986-08-15T00:00:00Z,0.16127200424671173,0.1595979928970337
1986-08-18T00:00:00Z,0.1595979928970337,0.15792399644851685
1986-08-19T00:00:00Z,0.156808003783226,0.15792399644851685
1986-08-20T00:00:00Z,0.15736599266529083,0.16182999312877655
1986-08-21T00:00:00Z,0.16127200424671173,0.1595979928970337
1986-08-22T00:00:00Z,0.1601559966802597,0.16182999312877655
1986-08-25T00:00:00Z,0.16294600069522858,0.16238799691200256
1986-08-26T00:00:00Z,0.16238799691200256,0.1635040044784546
1986-08-27T00:00:00Z,0.1635040044784546,0.16517899930477142
1986-08-28T00:00:00Z,0.16517899930477142,0.1685270071029663
1986-08-29T00:00:00Z,0.1679690033197403,0.16517899930477142
1986-09-02T00:00:00Z,0.16573700308799744,0.15513400733470917
1986-09-03T00:00:00Z,0.15513400733470917,0.15513400733470917
1986-09-04T00:00:00Z,0.15625,0.15848200023174286
1986-09-05T00:00:00Z,0.15904000401496887,0.156808003783226
1986-09-08T00:00:00Z,0.15625,0.15513400733470917
1986-09-09T00:00:00Z,0.15457600355148315,0.1595979928970337
1986-09-10T00:00:00Z,0.15904000401496887,0.15625
1986-09-11T00:00:00Z,0.15457600355148315,0.14564700424671173
1986-09-12T00:00:00Z,0.14508900046348572,0.14174099266529083
1986-09-15T00:00:00Z,0.1439729928970337,0.1478790044784546
1986-09-16T00:00:00Z,0.1478790044784546,0.155691996216774
1986-09-17T00:00:00Z,0.155691996216774,0.1529020071029663
1986-09-18T00:00:00Z,0.1529020071029663,0.15178599953651428
1986-09-19T00:00:00Z,0.15067000687122345,0.15011200308799744
1986-09-22T00:00:00Z,0.14955399930477142,0.15736599266529083
1986-09-23T00:00:00Z,0.15736599266529083,0.16127200424671173
1986-09-24T00:00:00Z,0.16127200424671173,0.156808003783226
1986-09-25T00:00:00Z,0.156808003783226,0.15401799976825714
1986-09-26T00:00:00Z,0.1523440033197403,0.1529020071029663
1986-09-29T00:00:00Z,0.15011200308799744,0.14508900046348572
1986-09-30T00:00:00Z,0.14676299691200256,0.14955399930477142
1986-10-01T00:00:00Z,0.1489959955215454,0.1523440033197403
1986-10-02T00:00:00Z,0.15067000687122345,0.1523440033197403
1986-10-03T00:00:00Z,0.15345999598503113,0.15067000687122345
1986-10-06T00:00:00Z,0.15067000687122345,0.1523440033197403
1986-10-07T00:00:00Z,0.15178599953651428,0.14732100069522858
1986-10-08T00:00:00Z,0.14676299691200256,0.14620499312877655
1986-10-09T00:00:00Z,0.14620499312877655,0.14732100069522858
1986-10-10T00:00:00Z,0.14676299691200256,0.1484380066394806
1986-10-13T00:00:00Z,0.1478790044784546,0.15457600355148315
1986-10-14T00:00:00Z,0.15457600355148315,0.15178599953651428
1986-10-15T00:00:00Z,0.14955399930477142,0.1489959955215454
1986-10-16T00:00:00Z,0.1489959955215454,0.15011200308799744
1986-10-17T00:00:00Z,0.15067000687122345,0.15011200308799744
1986-10-20T00:00:00Z,0.14955399930477142,0.14676299691200256
1986-10-21T00:00:00Z,0.14732100069522858,0.14620499312877655
1986-10-22T00:00:00Z,0.14620499312877655,0.14508900046348572
1986-10-23T00:00:00Z,0.14508900046348572,0.1478790044784546
1986-10-24T00:00:00Z,0.1478790044784546,0.14732100069522858
1986-10-27T00:00:00Z,0.14955399930477142,0.15178599953651428
1986-10-28T00:00:00Z,0.15178599953651428,0.1489959955215454
1986-10-29T00:00:00Z,0.14955399930477142,0.1489959955215454
1986-10-30T00:00:00Z,0.14955399930477142,0.1529020071029663
1986-10-31T00:00:00Z,0.1529020071029663,0.15457600355148315
1986-11-03T00:00:00Z,0.15513400733470917,0.15625
1986-11-04T00:00:00Z,0.155691996216774,0.1595979928970337
1986-11-05T00:00:00Z,0.1595979928970337,0.16517899930477142
1986-11-06T00:00:00Z,0.1635040044784546,0.16127200424671173
1986-11-07T00:00:00Z,0.16071400046348572,0.1595979928970337
1986-11-10T00:00:00Z,0.1601559966802597,0.15792399644851685
1986-11-11T00:00:00Z,0.15848200023174286,0.15848200023174286
1986-11-12T00:00:00Z,0.1595979928970337,0.1635040044784546
1986-11-13T00:00:00Z,0.16294600069522858,0.15848200023174286
1986-11-14T00:00:00Z,0.15848200023174286,0.15736599266529083
1986-11-17T00:00:00Z,0.15736599266529083,0.16238799691200256
1986-11-18T00:00:00Z,0.16238799691200256,0.15792399644851685
1986-11-19T00:00:00Z,0.156808003783226,0.15625
1986-11-20T00:00:00Z,0.155691996216774,0.15736599266529083
1986-11-21T00:00:00Z,0.15736599266529083,0.16071400046348572
1986-11-24T00:00:00Z,0.16182999312877655,0.16964299976825714
1986-11-25T00:00:00Z,0.16964299976825714,0.1796880066394806
1986-11-26T00:00:00Z,0.1791290044784546,0.18080399930477142
1986-11-28T00:00:00Z,0.18080399930477142,0.17857100069522858
1986-12-01T00:00:00Z,0.17857100069522858,0.1791290044784546
1986-12-02T00:00:00Z,0.18080399930477142,0.18526799976825714
1986-12-03T00:00:00Z,0.18582600355148315,0.1908479928970337
1986-12-04T00:00:00Z,0.19029000401496887,0.18973200023174286
1986-12-05T00:00:00Z,0.19029000401496887,0.1953130066394806
1986-12-08T00:00:00Z,0.1947540044784546,0.18973200023174286
1986-12-09T00:00:00Z,0.18917399644851685,0.18917399644851685
1986-12-10T00:00:00Z,0.18917399644851685,0.19419600069522858
1986-12-11T00:00:00Z,0.1947540044784546,0.1914059966802597
1986-12-12T00:00:00Z,0.1914059966802597,0.1841520071029663
1986-12-15T00:00:00Z,0.18303599953651428,0.18638400733470917
1986-12-16T00:00:00Z,0.18582600355148315,0.18973200023174286
1986-12-17T00:00:00Z,0.18917399644851685,0.1841520071029663
1986-12-18T00:00:00Z,0.1835940033197403,0.18470999598503113
1986-12-19T00:00:00Z,0.18470999598503113,0.188058003783226
1986-12-22T00:00:00Z,0.1875,0.188058003783226
1986-12-23T00:00:00Z,0.18861599266529083,0.188058003783226
1986-12-24T00:00:00Z,0.1875,0.186941996216774
1986-12-26T00:00:00Z,0.186941996216774,0.18303599953651428
1986-12-29T00:00:00Z,0.18303599953651428,0.18080399930477142
1986-12-30T00:00:00Z,0.18080399930477142,0.18303599953651428
1986-12-31T00:00:00Z,0.18303599953651428,0.18080399930477142
1987-01-02T00:00:00Z,0.1802459955215454,0.18247799575328827
1987-01-05T00:00:00Z,0.1841520071029663,0.19196400046348572
1987-01-06T00:00:00Z,0.19252200424671173,0.1953130066394806
1987-01-07T00:00:00Z,0.1958709955215454,0.1997770071029663
1987-01-08T00:00:00Z,0.1997770071029663,0.1997770071029663
1987-01-09T00:00:00Z,0.1997770071029663,0.202566996216774
1987-01-12T00:00:00Z,0.203125,0.203125
1987-01-13T00:00:00Z,0.20145100355148315,0.1992190033197403
1987-01-14T00:00:00Z,0.1992190033197403,0.2148440033197403
1987-01-15T00:00:00Z,0.2154020071029663,0.2226559966802597
1987-01-16T00:00:00Z,0.22321400046348572,0.21763400733470917
1987-01-19T00:00:00Z,0.21763400733470917,0.23716500401496887
1987-01-20T00:00:00Z,0.24553599953651428,0.2304690033197403
1987-01-21T00:00:00Z,0.2271209955215454,0.21875
1987-01-22T00:00:00Z,0.218191996216774,0.234375
1987-01-23T00:00:00Z,0.234375,0.22432999312877655
1987-01-26T00:00:00Z,0.22321400046348572,0.2220979928970337
1987-01-27T00:00:00Z,0.22321400046348572,0.23549099266529083
1987-01-28T00:00:00Z,0.23660700023174286,0.24720999598503113
1987-01-29T00:00:00Z,0.249441996216774,0.2416290044784546
1987-01-30T00:00:00Z,0.24107100069522858,0.24776799976825714
1987-02-02T00:00:00Z,0.24776799976825714,0.249441996216774
1987-02-03T00:00:00Z,0.25,0.24776799976825714
1987-02-04T00:00:00Z,0.24776799976825714,0.24553599953651428
1987-02-05T00:00:00Z,0.24553599953651428,0.24051299691200256
1987-02-06T00:00:00Z,0.24107100069522858,0.24107100069522858
1987-02-09T00:00:00Z,0.23604899644851685,0.234933003783226
1987-02-10T00:00:00Z,0.234375,0.23549099266529083
1987-02-11T00:00:00Z,0.23660700023174286,0.25223198533058167
1987-02-12T00:00:00Z,0.2544640004634857,0.2617189884185791
1987-02-13T00:00:00Z,0.2617189884185791,0.2773439884185791
1987-02-17T00:00:00Z,0.2773439884185791,0.2963170111179352
1987-02-18T00:00:00Z,0.2974329888820648,0.28348198533058167
1987-02-19T00:00:00Z,0.28348198533058167,0.27845999598503113
1987-02-20T00:00:00Z,0.27845999598503113,0.2734380066394806
1987-02-23T00:00:00Z,0.27176299691200256,0.2818079888820648
1987-02-24T00:00:00Z,0.282366007566452,0.2924109995365143
1987-02-25T00:00:00Z,0.2924109995365143,0.3085939884185791
1987-02-26T00:00:00Z,0.31026801466941833,0.3085939884185791
1987-02-27T00:00:00Z,0.3085939884185791,0.3125
1987-03-02T00:00:00Z,0.313616007566452,0.3013390004634857
1987-03-03T00:00:00Z,0.3013390004634857,0.2901790142059326
1987-03-04T00:00:00Z,0.2935270071029663,0.30189698934555054
1987-03-05T00:00:00Z,0.3013390004634857,0.3058040142059326
1987-03-06T00:00:00Z,0.3002229928970337,0.3002229928970337
1987-03-09T00:00:00Z,0.296875,0.2885040044784546
1987-03-10T00:00:00Z,0.2879459857940674,0.297991007566452
1987-03-11T00:00:00Z,0.3002229928970337,0.295758992433548
1987-03-12T00:00:00Z,0.29464301466941833,0.29129499197006226
1987-03-13T00:00:00Z,0.29129499197006226,0.28348198533058167
1987-03-16T00:00:00Z,0.28348198533058167,0.29129499197006226
1987-03-17T00:00:00Z,0.2924109995365143,0.29910698533058167
1987-03-18T00:00:00Z,0.3002229928970337,0.29464301466941833
1987-03-19T00:00:00Z,0.2935270071029663,0.3052459955215454
1987-03-20T00:00:00Z,0.3046880066394806,0.3046880066394806
1987-03-23T00:00:00Z,0.3035709857940674,0.3013390004634857
1987-03-24T00:00:00Z,0.30245500802993774,0.295758992433548
1987-03-25T00:00:00Z,0.296875,0.297991007566452
1987-03-26T00:00:00Z,0.297991007566452,0.3002229928970337
1987-03-27T00:00:00Z,0.3002229928970337,0.2901790142059326
1987-03-30T00:00:00Z,0.28348198533058167,0.27901801466941833
1987-03-31T00:00:00Z,0.2779020071029663,0.2879459857940674
1987-04-01T00:00:00Z,0.28125,0.297991007566452
1987-04-02T00:00:00Z,0.3046880066394806,0.3203130066394806
1987-04-03T00:00:00Z,0.3191959857940674,0.3203130066394806
1987-04-06T00:00:00Z,0.3191959857940674,0.3125
1987-04-07T00:00:00Z,0.311383992433548,0.30245500802993774
1987-04-08T00:00:00Z,0.30245500802993774,0.3080359995365143
1987-04-09T00:00:00Z,0.30691999197006226,0.3169640004634857
1987-04-10T00:00:00Z,0.31808000802993774,0.313616007566452
1987-04-13T00:00:00Z,0.3125,0.3013390004634857
1987-04-14T00:00:00Z,0.297991007566452,0.3035709857940674
1987-04-15T00:00:00Z,0.31026801466941833,0.3169640004634857
1987-04-16T00:00:00Z,0.31808000802993774,0.3191959857940674
1987-04-20T00:00:00Z,0.3191959857940674,0.31752198934555054
1987-04-21T00:00:00Z,0.313616007566452,0.33370500802993774
1987-04-22T00:00:00Z,0.34207600355148315,0.3314729928970337
1987-04-23T00:00:00Z,0.3314729928970337,0.3392859995365143
1987-04-24T00:00:00Z,0.33816999197006226,0.33370500802993774
1987-04-27T00:00:00Z,0.3314729928970337,0.3348209857940674
1987-04-28T00:00:00Z,0.33816999197006226,0.34375
1987-04-29T00:00:00Z,0.344866007566452,0.3470979928970337
1987-04-30T00:00:00Z,0.3482140004634857,0.35379499197006226
1987-05-01T00:00:00Z,0.3549109995365143,0.35714301466941833
1987-05-04T00:00:00Z,0.3549109995365143,0.3560270071029663
1987-05-05T00:00:00Z,0.35714301466941833,0.358258992433548
1987-05-06T00:00:00Z,0.359375,0.35714301466941833
1987-05-07T00:00:00Z,0.3560270071029663,0.358258992433548
1987-05-08T00:00:00Z,0.359375,0.3526790142059326
1987-05-11T00:00:00Z,0.34375,0.34375
1987-05-12T00:00:00Z,0.3392859995365143,0.3370540142059326
1987-05-13T00:00:00Z,0.33816999197006226,0.3504459857940674
1987-05-14T00:00:00Z,0.34933000802993774,0.35379499197006226
1987-05-15T00:00:00Z,0.35379499197006226,0.34933000802993774
1987-05-18T00:00:00Z,0.34933000802993774,0.33816999197006226
1987-05-19T00:00:00Z,0.33816999197006226,0.327008992433548
1987-05-20T00:00:00Z,0.32589301466941833,0.3325890004634857
1987-05-21T00:00:00Z,0.33370500802993774,0.3325890004634857
1987-05-22T00:00:00Z,0.3348209857940674,0.33091500401496887
1987-05-26T00:00:00Z,0.3325890004634857,0.3482140004634857
1987-05-27T00:00:00Z,0.3482140004634857,0.3549109995365143
1987-05-28T00:00:00Z,0.3549109995365143,0.35714301466941833
1987-05-29T00:00:00Z,0.358258992433548,0.3526790142059326
1987-06-01T00:00:00Z,0.3549109995365143,0.3470979928970337
1987-06-02T00:00:00Z,0.34598198533058167,0.344866007566452
1987-06-03T00:00:00Z,0.344866007566452,0.3470979928970337
1987-06-04T00:00:00Z,0.3482140004634857,0.3504459857940674
1987-06-05T00:00:00Z,0.3515630066394806,0.3470979928970337
1987-06-08T00:00:00Z,0.3470979928970337,0.3470979928970337
1987-06-09T00:00:00Z,0.34598198533058167,0.3504459857940674
1987-06-10T00:00:00Z,0.3515630066394806,0.3504459857940674
1987-06-11T00:00:00Z,0.3504459857940674,0.3526790142059326
1987-06-12T00:00:00Z,0.3526790142059326,0.3526790142059326
1987-06-15T00:00:00Z,0.3526790142059326,0.3504459857940674
1987-06-16T00:00:00Z,0.3705359995365143,0.3705359995365143
1987-06-17T00:00:00Z,0.3705359995365143,0.36160698533058167
1987-06-18T00:00:00Z,0.359375,0.3705359995365143
1987-06-19T00:00:00Z,0.3705359995365143,0.3660709857940674
1987-06-22T00:00:00Z,0.3683040142059326,0.375
1987-06-23T00:00:00Z,0.375,0.3683040142059326
1987-06-24T00:00:00Z,0.3705359995365143,0.375
1987-06-25T00:00:00Z,0.375,0.36160698533058167
1987-06-26T00:00:00Z,0.3638390004634857,0.36160698533058167
1987-06-29T00:00:00Z,0.36160698533058167,0.3638390004634857
1987-06-30T00:00:00Z,0.36160698533058167,0.36160698533058167
1987-07-01T00:00:00Z,0.3638390004634857,0.35714301466941833
1987-07-02T00:00:00Z,0.35714301466941833,0.3627229928970337
1987-07-06T00:00:00Z,0.3638390004634857,0.3638390004634857
1987-07-07T00:00:00Z,0.36160698533058167,0.3504459857940674
1987-07-08T00:00:00Z,0.3504459857940674,0.3325890004634857
1987-07-09T00:00:00Z,0.3325890004634857,0.3370540142059326
1987-07-10T00:00:00Z,0.3392859995365143,0.3392859995365143
1987-07-13T00:00:00Z,0.3482140004634857,0.36160698533058167
1987-07-14T00:00:00Z,0.3660709857940674,0.3839290142059326
1987-07-15T00:00:00Z,0.3839290142059326,0.39285698533058167
1987-07-16T00:00:00Z,0.39285698533058167,0.39285698533058167
1987-07-17T00:00:00Z,0.3950890004634857,0.3861609995365143
1987-07-20T00:00:00Z,0.3839290142059326,0.37276801466941833
1987-07-21T00:00:00Z,0.375,0.36941999197006226
1987-07-22T00:00:00Z,0.3705359995365143,0.3794640004634857
1987-07-23T00:00:00Z,0.3839290142059326,0.37276801466941833
1987-07-24T00:00:00Z,0.3705359995365143,0.3794640004634857
1987-07-27T00:00:00Z,0.3794640004634857,0.37723198533058167
1987-07-28T00:00:00Z,0.3794640004634857,0.373883992433548
1987-07-29T00:00:00Z,0.375,0.3660709857940674
1987-07-30T00:00:00Z,0.3660709857940674,0.3705359995365143
1987-07-31T00:00:00Z,0.3683040142059326,0.3683040142059326
1987-08-03T00:00:00Z,0.3660709857940674,0.359375
1987-08-04T00:00:00Z,0.36160698533058167,0.37723198533058167
1987-08-05T00:00:00Z,0.37723198533058167,0.3861609995365143
1987-08-06T00:00:00Z,0.3861609995365143,0.4129459857940674
1987-08-07T00:00:00Z,0.4129459857940674,0.4151790142059326
1987-08-10T00:00:00Z,0.4308040142059326,0.4308040142059326
1987-08-11T00:00:00Z,0.4419640004634857,0.4419640004634857
1987-08-12T00:00:00Z,0.4419640004634857,0.43526801466941833
1987-08-13T00:00:00Z,0.43526801466941833,0.4375
1987-08-14T00:00:00Z,0.4330359995365143,0.4375
1987-08-17T00:00:00Z,0.4419640004634857,0.4419640004634857
1987-08-18T00:00:00Z,0.43973198533058167,0.43526801466941833
1987-08-19T00:00:00Z,0.4419640004634857,0.4464290142059326
1987-08-20T00:00:00Z,0.4486609995365143,0.4620540142059326
1987-08-21T00:00:00Z,0.4620540142059326,0.4732140004634857
1987-08-24T00:00:00Z,0.4732140004634857,0.46651801466941833
1987-08-25T00:00:00Z,0.47098198533058167,0.4642859995365143
1987-08-26T00:00:00Z,0.4732140004634857,0.4642859995365143
1987-08-27T00:00:00Z,0.46651801466941833,0.4642859995365143
1987-08-28T00:00:00Z,0.4642859995365143,0.4642859995365143
1987-08-31T00:00:00Z,0.46651801466941833,0.48214301466941833
1987-09-01T00:00:00Z,0.4888390004634857,0.46875
1987-09-02T00:00:00Z,0.4642859995365143,0.4642859995365143
1987-09-03T00:00:00Z,0.46875,0.4575890004634857
1987-09-04T00:00:00Z,0.4575890004634857,0.45089301466941833
1987-09-08T00:00:00Z,0.4486609995365143,0.4453130066394806
1987-09-09T00:00:00Z,0.4486609995365143,0.47098198533058167
1987-09-10T00:00:00Z,0.4754459857940674,0.4799109995365143
1987-09-11T00:00:00Z,0.48214301466941833,0.48660698533058167
1987-09-14T00:00:00Z,0.4888390004634857,0.4732140004634857
1987-09-15T00:00:00Z,0.4732140004634857,0.4620540142059326
1987-09-16T00:00:00Z,0.4620540142059326,0.4620540142059326
1987-09-17T00:00:00Z,0.4642859995365143,0.4642859995365143
1987-09-18T00:00:00Z,0.4642859995365143,0.4620540142059326
1987-09-21T00:00:00Z,0.4620540142059326,0.4486609995365143
1987-09-22T00:00:00Z,0.45089301466941833,0.483258992433548
1987-09-23T00:00:00Z,0.483258992433548,0.4933040142059326
1987-09-24T00:00:00Z,0.4933040142059326,0.5044639706611633
1987-09-25T00:00:00Z,0.5066959857940674,0.513392984867096
1987-09-28T00:00:00Z,0.513392984867096,0.49776801466941833
1987-09-29T00:00:00Z,0.5,0.48660698533058167
1987-09-30T00:00:00Z,0.484375,0.5044639706611633
1987-10-01T00:00:00Z,0.5066959857940674,0.5200889706611633
1987-10-02T00:00:00Z,0.5200889706611633,0.5223209857940674
1987-10-05T00:00:00Z,0.5223209857940674,0.529017984867096
1987-10-06T00:00:00Z,0.53125,0.49776801466941833
1987-10-07T00:00:00Z,0.4955359995365143,0.4955359995365143
1987-10-08T00:00:00Z,0.4955359995365143,0.484375
1987-10-09T00:00:00Z,0.484375,0.483258992433548
1987-10-12T00:00:00Z,0.484375,0.4754459857940674
1987-10-13T00:00:00Z,0.48660698533058167,0.48660698533058167
1987-10-14T00:00:00Z,0.4799109995365143,0.4754459857940674
1987-10-15T00:00:00Z,0.4754459857940674,0.4642859995365143
1987-10-16T00:00:00Z,0.46651801466941833,0.4308040142059326
1987-10-19T00:00:00Z,0.4308040142059326,0.32589301466941833
1987-10-20T00:00:00Z,0.34375,0.3080359995365143
1987-10-21T00:00:00Z,0.34375,0.36160698533058167
1987-10-22T00:00:00Z,0.3504459857940674,0.328125
1987-10-23T00:00:00Z,0.3191959857940674,0.3169640004634857
1987-10-26T00:00:00Z,0.3080359995365143,0.25
1987-10-27T00:00:00Z,0.26339301466941833,0.2700890004634857
1987-10-28T00:00:00Z,0.2745540142059326,0.29910698533058167
1987-10-29T00:00:00Z,0.3058040142059326,0.3526790142059326
1987-10-30T00:00:00Z,0.35714301466941833,0.344866007566452
1987-11-02T00:00:00Z,0.34598198533058167,0.34598198533058167
1987-11-03T00:00:00Z,0.3392859995365143,0.3236609995365143
1987-11-04T00:00:00Z,0.3169640004634857,0.3214290142059326
1987-11-05T00:00:00Z,0.3236609995365143,0.3392859995365143
1987-11-06T00:00:00Z,0.34151801466941833,0.3370540142059326
1987-11-09T00:00:00Z,0.33035698533058167,0.3325890004634857
1987-11-10T00:00:00Z,0.32589301466941833,0.3236609995365143
1987-11-11T00:00:00Z,0.3325890004634857,0.3325890004634857
1987-11-12T00:00:00Z,0.34375,0.34598198533058167
1987-11-13T00:00:00Z,0.3504459857940674,0.3325890004634857
1987-11-16T00:00:00Z,0.3370540142059326,0.328125
1987-11-17T00:00:00Z,0.328125,0.3125
1987-11-18T00:00:00Z,0.3191959857940674,0.3236609995365143
1987-11-19T00:00:00Z,0.32589301466941833,0.3080359995365143
1987-11-20T00:00:00Z,0.3035709857940674,0.3169640004634857
1987-11-23T00:00:00Z,0.3169640004634857,0.3236609995365143
1987-11-24T00:00:00Z,0.328125,0.33035698533058167
1987-11-25T00:00:00Z,0.33035698533058167,0.32589301466941833
1987-11-27T00:00:00Z,0.3236609995365143,0.3125
1987-11-30T00:00:00Z,0.3013390004634857,0.29464301466941833
1987-12-01T00:00:00Z,0.29910698533058167,0.296875
1987-12-02T00:00:00Z,0.296875,0.2901790142059326
1987-12-03T00:00:00Z,0.29464301466941833,0.2723209857940674
1987-12-04T00:00:00Z,0.2700890004634857,0.2745540142059326
1987-12-07T00:00:00Z,0.2767859995365143,0.29464301466941833
1987-12-08T00:00:00Z,0.29910698533058167,0.3080359995365143
1987-12-09T00:00:00Z,0.3080359995365143,0.3125
1987-12-10T00:00:00Z,0.3013390004634857,0.31026801466941833
1987-12-11T00:00:00Z,0.31026801466941833,0.3035709857940674
1987-12-14T00:00:00Z,0.3080359995365143,0.3325890004634857
1987-12-15T00:00:00Z,0.3370540142059326,0.3348209857940674
1987-12-16T00:00:00Z,0.3370540142059326,0.3504459857940674
1987-12-17T00:00:00Z,0.36160698533058167,0.3504459857940674
1987-12-18T00:00:00Z,0.3526790142059326,0.36160698533058167
1987-12-21T00:00:00Z,0.36160698533058167,0.37276801466941833
1987-12-22T00:00:00Z,0.37276801466941833,0.3705359995365143
1987-12-23T00:00:00Z,0.37276801466941833,0.37723198533058167
1987-12-24T00:00:00Z,0.375,0.38058000802993774
1987-12-28T00:00:00Z,0.37723198533058167,0.359375
1987-12-29T00:00:00Z,0.36160698533058167,0.376116007566452
1987-12-30T00:00:00Z,0.3794640004634857,0.3872770071029663
1987-12-31T00:00:00Z,0.3794640004634857,0.375
1988-01-04T00:00:00Z,0.3816959857940674,0.3995540142059326
1988-01-05T00:00:00Z,0.4107140004634857,0.3984380066394806
1988-01-06T00:00:00Z,0.4017859995365143,0.390625
1988-01-07T00:00:00Z,0.38839301466941833,0.3973209857940674
1988-01-08T00:00:00Z,0.3973209857940674,0.35714301466941833
1988-01-11T00:00:00Z,0.35714301466941833,0.3794640004634857
1988-01-12T00:00:00Z,0.3839290142059326,0.375
1988-01-13T00:00:00Z,0.375,0.37723198533058167
1988-01-14T00:00:00Z,0.3816959857940674,0.37723198533058167
1988-01-15T00:00:00Z,0.38839301466941833,0.3828130066394806
1988-01-18T00:00:00Z,0.3839290142059326,0.3816959857940674
1988-01-19T00:00:00Z,0.37723198533058167,0.3816959857940674
1988-01-20T00:00:00Z,0.3839290142059326,0.3549109995365143
1988-01-21T00:00:00Z,0.36160698533058167,0.358258992433548
1988-01-22T00:00:00Z,0.36160698533058167,0.3504459857940674
1988-01-25T00:00:00Z,0.3526790142059326,0.36495500802993774
1988-01-26T00:00:00Z,0.3638390004634857,0.3549109995365143
1988-01-27T00:00:00Z,0.359375,0.3549109995365143
1988-01-28T00:00:00Z,0.35714301466941833,0.3683040142059326
1988-01-29T00:00:00Z,0.3705359995365143,0.3705359995365143
1988-02-01T00:00:00Z,0.37276801466941833,0.37276801466941833
1988-02-02T00:00:00Z,0.3705359995365143,0.3683040142059326
1988-02-03T00:00:00Z,0.3660709857940674,0.3526790142059326
1988-02-04T00:00:00Z,0.3526790142059326,0.3549109995365143
1988-02-05T00:00:00Z,0.35714301466941833,0.344866007566452
1988-02-08T00:00:00Z,0.34375,0.34598198533058167
1988-02-09T00:00:00Z,0.3482140004634857,0.3549109995365143
1988-02-10T00:00:00Z,0.3549109995365143,0.3660709857940674
1988-02-11T00:00:00Z,0.3660709857940674,0.3627229928970337
1988-02-12T00:00:00Z,0.3627229928970337,0.3660709857940674
1988-02-16T00:00:00Z,0.3660709857940674,0.3683040142059326
1988-02-17T00:00:00Z,0.3683040142059326,0.373883992433548
1988-02-18T00:00:00Z,0.3716520071029663,0.37276801466941833
1988-02-19T00:00:00Z,0.37276801466941833,0.37276801466941833
1988-02-22T00:00:00Z,0.3705359995365143,0.3861609995365143
1988-02-23T00:00:00Z,0.3861609995365143,0.3816959857940674
1988-02-24T00:00:00Z,0.3816959857940674,0.37723198533058167
1988-02-25T00:00:00Z,0.375,0.37276801466941833
1988-02-26T00:00:00Z,0.375,0.37276801466941833
1988-02-29T00:00:00Z,0.37276801466941833,0.3839290142059326
1988-03-01T00:00:00Z,0.3861609995365143,0.3861609995365143
1988-03-02T00:00:00Z,0.390625,0.3995540142059326
1988-03-03T00:00:00Z,0.3973209857940674,0.4151790142059326
1988-03-04T00:00:00Z,0.4107140004634857,0.4185270071029663
1988-03-07T00:00:00Z,0.4174109995365143,0.4185270071029663
1988-03-08T00:00:00Z,0.4174109995365143,0.4129459857940674
1988-03-09T00:00:00Z,0.4129459857940674,0.4174109995365143
1988-03-10T00:00:00Z,0.41964301466941833,0.40401801466941833
1988-03-11T00:00:00Z,0.40625,0.40848198533058167
1988-03-14T00:00:00Z,0.40848198533058167,0.4129459857940674
1988-03-15T00:00:00Z,0.4107140004634857,0.4017859995365143
1988-03-16T00:00:00Z,0.40066999197006226,0.41183000802993774
1988-03-17T00:00:00Z,0.4129459857940674,0.4017859995365143
1988-03-18T00:00:00Z,0.4017859995365143,0.3995540142059326
1988-03-21T00:00:00Z,0.39620500802993774,0.391741007566452
1988-03-22T00:00:00Z,0.39285698533058167,0.39285698533058167
1988-03-23T00:00:00Z,0.39285698533058167,0.3794640004634857
1988-03-24T00:00:00Z,0.37276801466941833,0.36495500802993774
1988-03-25T00:00:00Z,0.3638390004634857,0.358258992433548
1988-03-28T00:00:00Z,0.35714301466941833,0.3705359995365143
1988-03-29T00:00:00Z,0.3705359995365143,0.3660709857940674
1988-03-30T00:00:00Z,0.3638390004634857,0.3526790142059326
1988-03-31T00:00:00Z,0.3549109995365143,0.35714301466941833
1988-04-04T00:00:00Z,0.3549109995365143,0.34598198533058167
1988-04-05T00:00:00Z,0.3504459857940674,0.3504459857940674
1988-04-06T00:00:00Z,0.3526790142059326,0.37276801466941833
1988-04-07T00:00:00Z,0.37276801466941833,0.3638390004634857
1988-04-08T00:00:00Z,0.3638390004634857,0.3660709857940674
1988-04-11T00:00:00Z,0.37276801466941833,0.3705359995365143
1988-04-12T00:00:00Z,0.37276801466941833,0.37276801466941833
1988-04-13T00:00:00Z,0.37276801466941833,0.3683040142059326
1988-04-14T00:00:00Z,0.36160698533058167,0.3526790142059326
1988-04-15T00:00:00Z,0.3549109995365143,0.3526790142059326
1988-04-18T00:00:00Z,0.3549109995365143,0.35714301466941833
1988-04-19T00:00:00Z,0.358258992433548,0.359375
1988-04-20T00:00:00Z,0.359375,0.3549109995365143
1988-04-21T00:00:00Z,0.360491007566452,0.3526790142059326
1988-04-22T00:00:00Z,0.3549109995365143,0.358258992433548
1988-04-25T00:00:00Z,0.359375,0.36495500802993774
1988-04-26T00:00:00Z,0.3660709857940674,0.3705359995365143
1988-04-27T00:00:00Z,0.37276801466941833,0.37276801466941833
1988-04-28T00:00:00Z,0.37276801466941833,0.36941999197006226
1988-04-29T00:00:00Z,0.3683040142059326,0.3660709857940674
1988-05-02T00:00:00Z,0.3638390004634857,0.3660709857940674
1988-05-03T00:00:00Z,0.3660709857940674,0.37276801466941833
1988-05-04T00:00:00Z,0.373883992433548,0.375
1988-05-05T00:00:00Z,0.375,0.37276801466941833
1988-05-06T00:00:00Z,0.3716520071029663,0.3683040142059326
1988-05-09T00:00:00Z,0.3683040142059326,0.3638390004634857
1988-05-10T00:00:00Z,0.36160698533058167,0.36495500802993774
1988-05-11T00:00:00Z,0.359375,0.3526790142059326
1988-05-12T00:00:00Z,0.3526790142059326,0.3549109995365143
1988-05-13T00:00:00Z,0.359375,0.36160698533058167
1988-05-16T00:00:00Z,0.36160698533058167,0.3683040142059326
1988-05-17T00:00:00Z,0.3705359995365143,0.36160698533058167
1988-05-18T00:00:00Z,0.36160698533058167,0.3549109995365143
1988-05-19T00:00:00Z,0.3526790142059326,0.3482140004634857
1988-05-20T00:00:00Z,0.3504459857940674,0.34598198533058167
1988-05-23T00:00:00Z,0.34375,0.3392859995365143
1988-05-24T00:00:00Z,0.3392859995365143,0.3470979928970337
1988-05-25T00:00:00Z,0.3482140004634857,0.34375
1988-05-26T00:00:00Z,0.34375,0.3515630066394806
1988-05-27T00:00:00Z,0.3504459857940674,0.3549109995365143
1988-05-31T00:00:00Z,0.35714301466941833,0.3705359995365143
1988-06-01T00:00:00Z,0.3705359995365143,0.3794640004634857
1988-06-02T00:00:00Z,0.375,0.37276801466941833
1988-06-03T00:00:00Z,0.37276801466941833,0.3839290142059326
1988-06-06T00:00:00Z,0.3816959857940674,0.39285698533058167
1988-06-07T00:00:00Z,0.390625,0.39285698533058167
1988-06-08T00:00:00Z,0.3950890004634857,0.4017859995365143
1988-06-09T00:00:00Z,0.4017859995365143,0.38839301466941833
1988-06-10T00:00:00Z,0.38839301466941833,0.3973209857940674
1988-06-13T00:00:00Z,0.4017859995365143,0.4017859995365143
1988-06-14T00:00:00Z,0.40401801466941833,0.40401801466941833
1988-06-15T00:00:00Z,0.40401801466941833,0.40848198533058167
1988-06-16T00:00:00Z,0.4017859995365143,0.3973209857940674
1988-06-17T00:00:00Z,0.3995540142059326,0.3995540142059326
1988-06-20T00:00:00Z,0.39620500802993774,0.3939729928970337
1988-06-21T00:00:00Z,0.39285698533058167,0.40066999197006226
1988-06-22T00:00:00Z,0.40625,0.407366007566452
1988-06-23T00:00:00Z,0.40848198533058167,0.4017859995365143
1988-06-24T00:00:00Z,0.4017859995365143,0.4017859995365143
1988-06-27T00:00:00Z,0.3973209857940674,0.3973209857940674
1988-06-28T00:00:00Z,0.3995540142059326,0.4129459857940674
1988-06-29T00:00:00Z,0.4107140004634857,0.4140630066394806
1988-06-30T00:00:00Z,0.4129459857940674,0.4129459857940674
1988-07-01T00:00:00Z,0.4151790142059326,0.4151790142059326
1988-07-05T00:00:00Z,0.4151790142059326,0.421875
1988-07-06T00:00:00Z,0.420758992433548,0.4151790142059326
1988-07-07T00:00:00Z,0.4151790142059326,0.4095979928970337
1988-07-08T00:00:00Z,0.40625,0.40401801466941833
1988-07-11T00:00:00Z,0.40625,0.4029020071029663
1988-07-12T00:00:00Z,0.4017859995365143,0.3995540142059326
1988-07-13T00:00:00Z,0.3995540142059326,0.3995540142059326
1988-07-14T00:00:00Z,0.3995540142059326,0.4017859995365143
1988-07-15T00:00:00Z,0.4017859995365143,0.4017859995365143
1988-07-18T00:00:00Z,0.405133992433548,0.40625
1988-07-19T00:00:00Z,0.4017859995365143,0.3995540142059326
1988-07-20T00:00:00Z,0.3995540142059326,0.3950890004634857
1988-07-21T00:00:00Z,0.390625,0.3839290142059326
1988-07-22T00:00:00Z,0.3839290142059326,0.3794640004634857
1988-07-25T00:00:00Z,0.3816959857940674,0.3816959857940674
1988-07-26T00:00:00Z,0.3816959857940674,0.3816959857940674
1988-07-27T00:00:00Z,0.3816959857940674,0.3816959857940674
1988-07-28T00:00:00Z,0.3794640004634857,0.38058000802993774
1988-07-29T00:00:00Z,0.3861609995365143,0.39620500802993774
1988-08-01T00:00:00Z,0.3973209857940674,0.4017859995365143
1988-08-02T00:00:00Z,0.4017859995365143,0.3984380066394806
1988-08-03T00:00:00Z,0.3995540142059326,0.3995540142059326
1988-08-04T00:00:00Z,0.3995540142059326,0.3984380066394806
1988-08-05T00:00:00Z,0.3973209857940674,0.3950890004634857
1988-08-08T00:00:00Z,0.3973209857940674,0.39285698533058167
1988-08-09T00:00:00Z,0.39285698533058167,0.38839301466941833
1988-08-10T00:00:00Z,0.390625,0.373883992433548
1988-08-11T00:00:00Z,0.37723198533058167,0.3861609995365143
1988-08-12T00:00:00Z,0.3839290142059326,0.3794640004634857
1988-08-15T00:00:00Z,0.37723198533058167,0.3683040142059326
1988-08-16T00:00:00Z,0.3660709857940674,0.3794640004634857
1988-08-17T00:00:00Z,0.3794640004634857,0.375
1988-08-18T00:00:00Z,0.375,0.3794640004634857
1988-08-19T00:00:00Z,0.3794640004634857,0.3638390004634857
1988-08-22T00:00:00Z,0.359375,0.3549109995365143
1988-08-23T00:00:00Z,0.3549109995365143,0.3526790142059326
1988-08-24T00:00:00Z,0.3549109995365143,0.3638390004634857
1988-08-25T00:00:00Z,0.359375,0.358258992433548
1988-08-26T00:00:00Z,0.35714301466941833,0.359375
1988-08-29T00:00:00Z,0.3638390004634857,0.36495500802993774
1988-08-30T00:00:00Z,0.3638390004634857,0.36495500802993774
1988-08-31T00:00:00Z,0.3660709857940674,0.3560270071029663
1988-09-01T00:00:00Z,0.3549109995365143,0.3470979928970337
1988-09-02T00:00:00Z,0.3526790142059326,0.3549109995365143
1988-09-06T00:00:00Z,0.35714301466941833,0.3470979928970337
1988-09-07T00:00:00Z,0.3482140004634857,0.34151801466941833
1988-09-08T00:00:00Z,0.34151801466941833,0.34598198533058167
1988-09-09T00:00:00Z,0.34598198533058167,0.36160698533058167
1988-09-12T00:00:00Z,0.3660709857940674,0.3660709857940674
1988-09-13T00:00:00Z,0.359375,0.3660709857940674
1988-09-14T00:00:00Z,0.37276801466941833,0.375
1988-09-15T00:00:00Z,0.375,0.3716520071029663
1988-09-16T00:00:00Z,0.3705359995365143,0.37723198533058167
1988-09-19T00:00:00Z,0.375,0.37276801466941833
1988-09-20T00:00:00Z,0.37276801466941833,0.3705359995365143
1988-09-21T00:00:00Z,0.37276801466941833,0.3816959857940674
1988-09-22T00:00:00Z,0.3839290142059326,0.39285698533058167
1988-09-23T00:00:00Z,0.38839301466941833,0.390625
1988-09-26T00:00:00Z,0.390625,0.3816959857940674
1988-09-27T00:00:00Z,0.3794640004634857,0.3872770071029663
1988-09-28T00:00:00Z,0.38839301466941833,0.38839301466941833
1988-09-29T00:00:00Z,0.390625,0.39285698533058167
1988-09-30T00:00:00Z,0.39285698533058167,0.3861609995365143
1988-10-03T00:00:00Z,0.3839290142059326,0.3794640004634857
1988-10-04T00:00:00Z,0.37723198533058167,0.3705359995365143
1988-10-05T00:00:00Z,0.3683040142059326,0.36495500802993774
1988-10-06T00:00:00Z,0.36160698533058167,0.3549109995365143
1988-10-07T00:00:00Z,0.3482140004634857,0.3549109995365143
1988-10-10T00:00:00Z,0.3526790142059326,0.34375
1988-10-11T00:00:00Z,0.34151801466941833,0.3482140004634857
1988-10-12T00:00:00Z,0.34375,0.34598198533058167
1988-10-13T00:00:00Z,0.34375,0.3482140004634857
1988-10-14T00:00:00Z,0.3526790142059326,0.34598198533058167
1988-10-17T00:00:00Z,0.34375,0.34375
1988-10-18T00:00:00Z,0.3482140004634857,0.3515630066394806
1988-10-19T00:00:00Z,0.3549109995365143,0.35714301466941833
1988-10-20T00:00:00Z,0.35714301466941833,0.3705359995365143
1988-10-21T00:00:00Z,0.3683040142059326,0.3660709857940674
1988-10-24T00:00:00Z,0.3683040142059326,0.35714301466941833
1988-10-25T00:00:00Z,0.359375,0.3560270071029663
1988-10-26T00:00:00Z,0.35714301466941833,0.3504459857940674
1988-10-27T00:00:00Z,0.34598198533058167,0.3482140004634857
1988-10-28T00:00:00Z,0.3482140004634857,0.34375
1988-10-31T00:00:00Z,0.34598198533058167,0.344866007566452
1988-11-01T00:00:00Z,0.34375,0.3392859995365143
1988-11-02T00:00:00Z,0.34151801466941833,0.3325890004634857
1988-11-03T00:00:00Z,0.3325890004634857,0.3314729928970337
1988-11-04T00:00:00Z,0.328125,0.3370540142059326
1988-11-07T00:00:00Z,0.3325890004634857,0.3348209857940674
1988-11-08T00:00:00Z,0.3348209857940674,0.34375
1988-11-09T00:00:00Z,0.34151801466941833,0.3504459857940674
1988-11-10T00:00:00Z,0.3526790142059326,0.3526790142059326
1988-11-11T00:00:00Z,0.3482140004634857,0.34375
1988-11-14T00:00:00Z,0.34598198533058167,0.3470979928970337
1988-11-15T00:00:00Z,0.3482140004634857,0.3482140004634857
1988-11-16T00:00:00Z,0.3482140004634857,0.3392859995365143
1988-11-17T00:00:00Z,0.3392859995365143,0.34151801466941833
1988-11-18T00:00:00Z,0.34375,0.3392859995365143
1988-11-21T00:00:00Z,0.3348209857940674,0.327008992433548
1988-11-22T00:00:00Z,0.32589301466941833,0.32254499197006226
1988-11-23T00:00:00Z,0.3191959857940674,0.329241007566452
1988-11-25T00:00:00Z,0.3236609995365143,0.32589301466941833
1988-11-28T00:00:00Z,0.32589301466941833,0.32589301466941833
1988-11-29T00:00:00Z,0.32589301466941833,0.328125
1988-11-30T00:00:00Z,0.328125,0.3359380066394806
1988-12-01T00:00:00Z,0.3370540142059326,0.34598198533058167
1988-12-02T00:00:00Z,0.34151801466941833,0.3504459857940674
1988-12-05T00:00:00Z,0.3526790142059326,0.3526790142059326
1988-12-06T00:00:00Z,0.3504459857940674,0.3526790142059326
1988-12-07T00:00:00Z,0.3482140004634857,0.3515630066394806
1988-12-08T00:00:00Z,0.3504459857940674,0.34933000802993774
1988-12-09T00:00:00Z,0.3504459857940674,0.34933000802993774
1988-12-12T00:00:00Z,0.3504459857940674,0.34375
1988-12-13T00:00:00Z,0.34375,0.34598198533058167
1988-12-14T00:00:00Z,0.34375,0.3549109995365143
1988-12-15T00:00:00Z,0.35714301466941833,0.3526790142059326
1988-12-16T00:00:00Z,0.3526790142059326,0.358258992433548
1988-12-19T00:00:00Z,0.359375,0.3638390004634857
1988-12-20T00:00:00Z,0.3660709857940674,0.3660709857940674
1988-12-21T00:00:00Z,0.3660709857940674,0.37276801466941833
1988-12-22T00:00:00Z,0.37276801466941833,0.3660709857940674
1988-12-23T00:00:00Z,0.3660709857940674,0.3671880066394806
1988-12-27T00:00:00Z,0.3660709857940674,0.36160698533058167
1988-12-28T00:00:00Z,0.36160698533058167,0.359375
1988-12-29T00:00:00Z,0.359375,0.36160698533058167
1988-12-30T00:00:00Z,0.36160698533058167,0.359375
1989-01-03T00:00:00Z,0.359375,0.360491007566452
1989-01-04T00:00:00Z,0.3638390004634857,0.375
1989-01-05T00:00:00Z,0.375,0.37723198533058167
1989-01-06T00:00:00Z,0.37723198533058167,0.38058000802993774
1989-01-09T00:00:00Z,0.3839290142059326,0.3839290142059326
1989-01-10T00:00:00Z,0.3794640004634857,0.38058000802993774
1989-01-11T00:00:00Z,0.37723198533058167,0.376116007566452
1989-01-12T00:00:00Z,0.37723198533058167,0.3816959857940674
1989-01-13T00:00:00Z,0.3816959857940674,0.3861609995365143
1989-01-16T00:00:00Z,0.3861609995365143,0.390625
1989-01-17T00:00:00Z,0.3861609995365143,0.360491007566452
1989-01-18T00:00:00Z,0.3638390004634857,0.3549109995365143
1989-01-19T00:00:00Z,0.36160698533058167,0.36160698533058167
1989-01-20T00:00:00Z,0.36160698533058167,0.3660709857940674
1989-01-23T00:00:00Z,0.3638390004634857,0.3660709857940674
1989-01-24T00:00:00Z,0.3660709857940674,0.3716520071029663
1989-01-25T00:00:00Z,0.37276801466941833,0.3705359995365143
1989-01-26T00:00:00Z,0.3638390004634857,0.37276801466941833
1989-01-27T00:00:00Z,0.34151801466941833,0.3359380066394806
1989-01-30T00:00:00Z,0.3359380066394806,0.33370500802993774
1989-01-31T00:00:00Z,0.3325890004634857,0.3370540142059326
1989-02-01T00:00:00Z,0.3370540142059326,0.3504459857940674
1989-02-02T00:00:00Z,0.3526790142059326,0.3549109995365143
1989-02-03T00:00:00Z,0.35714301466941833,0.3504459857940674
1989-02-06T00:00:00Z,0.3526790142059326,0.34375
1989-02-07T00:00:00Z,0.34151801466941833,0.3482140004634857
1989-02-08T00:00:00Z,0.3482140004634857,0.34151801466941833
1989-02-09T00:00:00Z,0.34151801466941833,0.34151801466941833
1989-02-10T00:00:00Z,0.34151801466941833,0.3325890004634857
1989-02-13T00:00:00Z,0.328125,0.33035698533058167
1989-02-14T00:00:00Z,0.329241007566452,0.3191959857940674
1989-02-15T00:00:00Z,0.3191959857940674,0.3236609995365143
1989-02-16T00:00:00Z,0.3236609995365143,0.3247770071029663
1989-02-17T00:00:00Z,0.3236609995365143,0.328125
1989-02-21T00:00:00Z,0.329241007566452,0.3348209857940674
1989-02-22T00:00:00Z,0.3325890004634857,0.328125
1989-02-23T00:00:00Z,0.32589301466941833,0.328125
1989-02-24T00:00:00Z,0.33035698533058167,0.3214290142059326
1989-02-27T00:00:00Z,0.3214290142059326,0.32589301466941833
1989-02-28T00:00:00Z,0.32589301466941833,0.3236609995365143
1989-03-01T00:00:00Z,0.3236609995365143,0.3214290142059326
1989-03-02T00:00:00Z,0.3191959857940674,0.3125
1989-03-03T00:00:00Z,0.31473198533058167,0.31026801466941833
1989-03-06T00:00:00Z,0.3125,0.3169640004634857
1989-03-07T00:00:00Z,0.3169640004634857,0.3191959857940674
1989-03-08T00:00:00Z,0.31808000802993774,0.31473198533058167
1989-03-09T00:00:00Z,0.31473198533058167,0.3080359995365143
1989-03-10T00:00:00Z,0.3080359995365143,0.3125
1989-03-13T00:00:00Z,0.3125,0.3125
1989-03-14T00:00:00Z,0.3125,0.31473198533058167
1989-03-15T00:00:00Z,0.31473198533058167,0.3125
1989-03-16T00:00:00Z,0.3125,0.31473198533058167
1989-03-17T00:00:00Z,0.3080359995365143,0.311383992433548
1989-03-20T00:00:00Z,0.3125,0.311383992433548
1989-03-21T00:00:00Z,0.3169640004634857,0.311383992433548
1989-03-22T00:00:00Z,0.3058040142059326,0.30245500802993774
1989-03-23T00:00:00Z,0.3035709857940674,0.30691999197006226
1989-03-27T00:00:00Z,0.3058040142059326,0.3013390004634857
1989-03-28T00:00:00Z,0.3035709857940674,0.3035709857940674
1989-03-29T00:00:00Z,0.3035709857940674,0.3058040142059326
1989-03-30T00:00:00Z,0.3058040142059326,0.31026801466941833
1989-03-31T00:00:00Z,0.3125,0.31808000802993774
1989-04-03T00:00:00Z,0.3169640004634857,0.3125
1989-04-04T00:00:00Z,0.3080359995365143,0.3080359995365143
1989-04-05T00:00:00Z,0.3080359995365143,0.3125
1989-04-06T00:00:00Z,0.31026801466941833,0.3214290142059326
1989-04-07T00:00:00Z,0.3214290142059326,0.33370500802993774
1989-04-10T00:00:00Z,0.3325890004634857,0.33035698533058167
1989-04-11T00:00:00Z,0.3348209857940674,0.3370540142059326
1989-04-12T00:00:00Z,0.34151801466941833,0.34375
1989-04-13T00:00:00Z,0.34598198533058167,0.34375
1989-04-14T00:00:00Z,0.3482140004634857,0.34598198533058167
1989-04-17T00:00:00Z,0.34375,0.3504459857940674
1989-04-18T00:00:00Z,0.3526790142059326,0.358258992433548
1989-04-19T00:00:00Z,0.35714301466941833,0.36495500802993774
1989-04-20T00:00:00Z,0.3638390004634857,0.3638390004634857
1989-04-21T00:00:00Z,0.36160698533058167,0.358258992433548
1989-04-24T00:00:00Z,0.35714301466941833,0.358258992433548
1989-04-25T00:00:00Z,0.35714301466941833,0.35714301466941833
1989-04-26T00:00:00Z,0.35714301466941833,0.3549109995365143
1989-04-27T00:00:00Z,0.3526790142059326,0.3515630066394806
1989-04-28T00:00:00Z,0.3504459857940674,0.3482140004634857
1989-05-01T00:00:00Z,0.34375,0.3482140004634857
1989-05-02T00:00:00Z,0.3482140004634857,0.3560270071029663
1989-05-03T00:00:00Z,0.3549109995365143,0.359375
1989-05-04T00:00:00Z,0.359375,0.3660709857940674
1989-05-05T00:00:00Z,0.3794640004634857,0.3705359995365143
1989-05-08T00:00:00Z,0.3705359995365143,0.37723198533058167
1989-05-09T00:00:00Z,0.375,0.3794640004634857
1989-05-10T00:00:00Z,0.3839290142059326,0.3861609995365143
1989-05-11T00:00:00Z,0.3861609995365143,0.391741007566452
1989-05-12T00:00:00Z,0.3973209857940674,0.4017859995365143
1989-05-15T00:00:00Z,0.3995540142059326,0.4107140004634857
1989-05-16T00:00:00Z,0.4107140004634857,0.405133992433548
1989-05-17T00:00:00Z,0.40401801466941833,0.40401801466941833
1989-05-18T00:00:00Z,0.40401801466941833,0.3995540142059326
1989-05-19T00:00:00Z,0.3995540142059326,0.40848198533058167
1989-05-22T00:00:00Z,0.40848198533058167,0.4107140004634857
1989-05-23T00:00:00Z,0.4107140004634857,0.40625
1989-05-24T00:00:00Z,0.40401801466941833,0.4263390004634857
1989-05-25T00:00:00Z,0.421875,0.4308040142059326
1989-05-26T00:00:00Z,0.4308040142059326,0.4330359995365143
1989-05-30T00:00:00Z,0.4308040142059326,0.42410698533058167
1989-05-31T00:00:00Z,0.42410698533058167,0.4263390004634857
1989-06-01T00:00:00Z,0.4263390004634857,0.43526801466941833
1989-06-02T00:00:00Z,0.4330359995365143,0.4375
1989-06-05T00:00:00Z,0.43526801466941833,0.41964301466941833
1989-06-06T00:00:00Z,0.4174109995365143,0.4174109995365143
1989-06-07T00:00:00Z,0.4174109995365143,0.4308040142059326
1989-06-08T00:00:00Z,0.4330359995365143,0.4252229928970337
1989-06-09T00:00:00Z,0.421875,0.41964301466941833
1989-06-12T00:00:00Z,0.4174109995365143,0.42410698533058167
1989-06-13T00:00:00Z,0.42410698533058167,0.4330359995365143
1989-06-14T00:00:00Z,0.4375,0.44308000802993774
1989-06-15T00:00:00Z,0.4419640004634857,0.42410698533058167
1989-06-16T00:00:00Z,0.3995540142059326,0.3973209857940674
1989-06-19T00:00:00Z,0.3973209857940674,0.39285698533058167
1989-06-20T00:00:00Z,0.39285698533058167,0.3839290142059326
1989-06-21T00:00:00Z,0.3839290142059326,0.3794640004634857
1989-06-22T00:00:00Z,0.3794640004634857,0.3861609995365143
1989-06-23T00:00:00Z,0.3861609995365143,0.391741007566452
1989-06-26T00:00:00Z,0.39285698533058167,0.38839301466941833
1989-06-27T00:00:00Z,0.390625,0.38058000802993774
1989-06-28T00:00:00Z,0.37723198533058167,0.37276801466941833
1989-06-29T00:00:00Z,0.3660709857940674,0.3627229928970337
1989-06-30T00:00:00Z,0.36160698533058167,0.3683040142059326
1989-07-03T00:00:00Z,0.37276801466941833,0.3638390004634857
1989-07-05T00:00:00Z,0.36160698533058167,0.36160698533058167
1989-07-06T00:00:00Z,0.3638390004634857,0.3683040142059326
1989-07-07T00:00:00Z,0.3683040142059326,0.3683040142059326
1989-07-10T00:00:00Z,0.3660709857940674,0.36160698533058167
1989-07-11T00:00:00Z,0.3638390004634857,0.3549109995365143
1989-07-12T00:00:00Z,0.3549109995365143,0.35714301466941833
1989-07-13T00:00:00Z,0.35714301466941833,0.3627229928970337
1989-07-14T00:00:00Z,0.3638390004634857,0.3638390004634857
1989-07-17T00:00:00Z,0.3638390004634857,0.3638390004634857
1989-07-18T00:00:00Z,0.3638390004634857,0.3504459857940674
1989-07-19T00:00:00Z,0.3526790142059326,0.36160698533058167
1989-07-20T00:00:00Z,0.3638390004634857,0.35714301466941833
1989-07-21T00:00:00Z,0.3549109995365143,0.35714301466941833
1989-07-24T00:00:00Z,0.3549109995365143,0.3504459857940674
1989-07-25T00:00:00Z,0.3504459857940674,0.34598198533058167
1989-07-26T00:00:00Z,0.34151801466941833,0.34151801466941833
1989-07-27T00:00:00Z,0.34151801466941833,0.3504459857940674
1989-07-28T00:00:00Z,0.3504459857940674,0.3515630066394806
1989-07-31T00:00:00Z,0.3504459857940674,0.3549109995365143
1989-08-01T00:00:00Z,0.3549109995365143,0.3560270071029663
1989-08-02T00:00:00Z,0.3549109995365143,0.36160698533058167
1989-08-03T00:00:00Z,0.36160698533058167,0.3683040142059326
1989-08-04T00:00:00Z,0.3683040142059326,0.3816959857940674
1989-08-07T00:00:00Z,0.3839290142059326,0.390625
1989-08-08T00:00:00Z,0.38839301466941833,0.3939729928970337
1989-08-09T00:00:00Z,0.39285698533058167,0.39285698533058167
1989-08-10T00:00:00Z,0.39285698533058167,0.3861609995365143
1989-08-11T00:00:00Z,0.39285698533058167,0.373883992433548
1989-08-14T00:00:00Z,0.3705359995365143,0.3638390004634857
1989-08-15T00:00:00Z,0.3638390004634857,0.36941999197006226
1989-08-16T00:00:00Z,0.3705359995365143,0.360491007566452
1989-08-17T00:00:00Z,0.359375,0.3660709857940674
1989-08-18T00:00:00Z,0.37276801466941833,0.37723198533058167
1989-08-21T00:00:00Z,0.37723198533058167,0.37723198533058167
1989-08-22T00:00:00Z,0.375,0.3828130066394806
1989-08-23T00:00:00Z,0.3839290142059326,0.390625
1989-08-24T00:00:00Z,0.390625,0.3939729928970337
1989-08-25T00:00:00Z,0.39285698533058167,0.3995540142059326
1989-08-28T00:00:00Z,0.3973209857940674,0.3995540142059326
1989-08-29T00:00:00Z,0.3995540142059326,0.3939729928970337
1989-08-30T00:00:00Z,0.39285698533058167,0.3973209857940674
1989-08-31T00:00:00Z,0.3973209857940674,0.3973209857940674
1989-09-01T00:00:00Z,0.3973209857940674,0.3984380066394806
1989-09-05T00:00:00Z,0.3973209857940674,0.3995540142059326
1989-09-06T00:00:00Z,0.3995540142059326,0.3995540142059326
1989-09-07T00:00:00Z,0.3995540142059326,0.3995540142059326
1989-09-08T00:00:00Z,0.3995540142059326,0.4017859995365143
1989-09-11T00:00:00Z,0.3995540142059326,0.40848198533058167
1989-09-12T00:00:00Z,0.40625,0.4107140004634857
1989-09-13T00:00:00Z,0.4129459857940674,0.4017859995365143
1989-09-14T00:00:00Z,0.4017859995365143,0.3995540142059326
1989-09-15T00:00:00Z,0.4017859995365143,0.4017859995365143
1989-09-18T00:00:00Z,0.3973209857940674,0.39285698533058167
1989-09-19T00:00:00Z,0.3950890004634857,0.3861609995365143
1989-09-20T00:00:00Z,0.39285698533058167,0.3984380066394806
1989-09-21T00:00:00Z,0.4017859995365143,0.3995540142059326
1989-09-22T00:00:00Z,0.3995540142059326,0.40066999197006226
1989-09-25T00:00:00Z,0.3995540142059326,0.40401801466941833
1989-09-26T00:00:00Z,0.4017859995365143,0.40401801466941833
1989-09-27T00:00:00Z,0.3950890004634857,0.3995540142059326
1989-09-28T00:00:00Z,0.4017859995365143,0.40625
1989-09-29T00:00:00Z,0.40401801466941833,0.3973209857940674
1989-10-02T00:00:00Z,0.3973209857940674,0.39620500802993774
1989-10-03T00:00:00Z,0.3950890004634857,0.389508992433548
1989-10-04T00:00:00Z,0.390625,0.3950890004634857
1989-10-05T00:00:00Z,0.3973209857940674,0.40625
1989-10-06T00:00:00Z,0.4129459857940674,0.4296880066394806
1989-10-09T00:00:00Z,0.4285709857940674,0.4419640004634857
1989-10-10T00:00:00Z,0.4441959857940674,0.4419640004634857
1989-10-11T00:00:00Z,0.43526801466941833,0.436383992433548
1989-10-12T00:00:00Z,0.4375,0.43526801466941833
1989-10-13T00:00:00Z,0.43526801466941833,0.40848198533058167
1989-10-16T00:00:00Z,0.3995540142059326,0.4174109995365143
1989-10-17T00:00:00Z,0.4107140004634857,0.421875
1989-10-18T00:00:00Z,0.4151790142059326,0.4308040142059326
1989-10-19T00:00:00Z,0.4308040142059326,0.43526801466941833
1989-10-20T00:00:00Z,0.4263390004634857,0.4285709857940674
1989-10-23T00:00:00Z,0.4285709857940674,0.4174109995365143
1989-10-24T00:00:00Z,0.4129459857940674,0.4252229928970337
1989-10-25T00:00:00Z,0.4263390004634857,0.4151790142059326
1989-10-26T00:00:00Z,0.40625,0.40401801466941833
1989-10-27T00:00:00Z,0.40401801466941833,0.40401801466941833
1989-10-30T00:00:00Z,0.40625,0.40848198533058167
1989-10-31T00:00:00Z,0.40848198533058167,0.4151790142059326
1989-11-01T00:00:00Z,0.4129459857940674,0.41183000802993774
1989-11-02T00:00:00Z,0.4017859995365143,0.39285698533058167
1989-11-03T00:00:00Z,0.39285698533058167,0.3861609995365143
1989-11-06T00:00:00Z,0.38839301466941833,0.3861609995365143
1989-11-07T00:00:00Z,0.3861609995365143,0.39285698533058167
1989-11-08T00:00:00Z,0.3950890004634857,0.4017859995365143
1989-11-09T00:00:00Z,0.4017859995365143,0.4107140004634857
1989-11-10T00:00:00Z,0.40848198533058167,0.4174109995365143
1989-11-13T00:00:00Z,0.4151790142059326,0.4151790142059326
1989-11-14T00:00:00Z,0.4151790142059326,0.3995540142059326
1989-11-15T00:00:00Z,0.4017859995365143,0.3950890004634857
1989-11-16T00:00:00Z,0.3973209857940674,0.3995540142059326
1989-11-17T00:00:00Z,0.3973209857940674,0.3995540142059326
1989-11-20T00:00:00Z,0.4017859995365143,0.40401801466941833
1989-11-21T00:00:00Z,0.40401801466941833,0.40401801466941833
1989-11-22T00:00:00Z,0.40625,0.3995540142059326
1989-11-24T00:00:00Z,0.3995540142059326,0.3995540142059326
1989-11-27T00:00:00Z,0.3995540142059326,0.39285698533058167
1989-11-28T00:00:00Z,0.390625,0.3939729928970337
1989-11-29T00:00:00Z,0.38839301466941833,0.39285698533058167
1989-11-30T00:00:00Z,0.390625,0.3950890004634857
1989-12-01T00:00:00Z,0.3973209857940674,0.39285698533058167
1989-12-04T00:00:00Z,0.390625,0.40401801466941833
1989-12-05T00:00:00Z,0.40401801466941833,0.4017859995365143
1989-12-06T00:00:00Z,0.4017859995365143,0.3816959857940674
1989-12-07T00:00:00Z,0.37723198533058167,0.3816959857940674
1989-12-08T00:00:00Z,0.3794640004634857,0.37276801466941833
1989-12-11T00:00:00Z,0.3660709857940674,0.3504459857940674
1989-12-12T00:00:00Z,0.3504459857940674,0.3214290142059326
1989-12-13T00:00:00Z,0.3214290142059326,0.3214290142059326
1989-12-14T00:00:00Z,0.3191959857940674,0.311383992433548
1989-12-15T00:00:00Z,0.31026801466941833,0.3013390004634857
1989-12-18T00:00:00Z,0.3013390004634857,0.31026801466941833
1989-12-19T00:00:00Z,0.3080359995365143,0.3125
1989-12-20T00:00:00Z,0.3191959857940674,0.3191959857940674
1989-12-21T00:00:00Z,0.3191959857940674,0.3236609995365143
1989-12-22T00:00:00Z,0.3236609995365143,0.32589301466941833
1989-12-26T00:00:00Z,0.328125,0.3169640004634857
1989-12-27T00:00:00Z,0.3169640004634857,0.313616007566452
1989-12-28T00:00:00Z,0.3125,0.3091520071029663
1989-12-29T00:00:00Z,0.31026801466941833,0.31473198533058167
1990-01-02T00:00:00Z,0.31473198533058167,0.3325890004634857
1990-01-03T00:00:00Z,0.3392859995365143,0.3348209857940674
1990-01-04T00:00:00Z,0.34151801466941833,0.3359380066394806
1990-01-05T00:00:00Z,0.3370540142059326,0.3370540142059326
1990-01-08T00:00:00Z,0.3348209857940674,0.3392859995365143
1990-01-09T00:00:00Z,0.3392859995365143,0.3359380066394806
1990-01-10T00:00:00Z,0.3359380066394806,0.3214290142059326
1990-01-11T00:00:00Z,0.3236609995365143,0.3080359995365143
1990-01-12T00:00:00Z,0.3058040142059326,0.3080359995365143
1990-01-15T00:00:00Z,0.3080359995365143,0.3058040142059326
1990-01-16T00:00:00Z,0.29910698533058167,0.311383992433548
1990-01-17T00:00:00Z,0.31026801466941833,0.296875
1990-01-18T00:00:00Z,0.29464301466941833,0.2890630066394806
1990-01-19T00:00:00Z,0.3013390004634857,0.3058040142059326
1990-01-22T00:00:00Z,0.3035709857940674,0.296875
1990-01-23T00:00:00Z,0.3013390004634857,0.3013390004634857
1990-01-24T00:00:00Z,0.2901790142059326,0.3035709857940674
1990-01-25T00:00:00Z,0.3058040142059326,0.3046880066394806
1990-01-26T00:00:00Z,0.3035709857940674,0.2924109995365143
1990-01-29T00:00:00Z,0.29464301466941833,0.296875
1990-01-30T00:00:00Z,0.296875,0.3035709857940674
1990-01-31T00:00:00Z,0.3080359995365143,0.3035709857940674
1990-02-01T00:00:00Z,0.3080359995365143,0.3002229928970337
1990-02-02T00:00:00Z,0.296875,0.3058040142059326
1990-02-05T00:00:00Z,0.3058040142059326,0.3125
1990-02-06T00:00:00Z,0.31026801466941833,0.31026801466941833
1990-02-07T00:00:00Z,0.29464301466941833,0.296875
1990-02-08T00:00:00Z,0.296875,0.29464301466941833
1990-02-09T00:00:00Z,0.29910698533058167,0.3058040142059326
1990-02-12T00:00:00Z,0.3058040142059326,0.3035709857940674
1990-02-13T00:00:00Z,0.3035709857940674,0.3080359995365143
1990-02-14T00:00:00Z,0.3080359995365143,0.3058040142059326
1990-02-15T00:00:00Z,0.3013390004634857,0.3058040142059326
1990-02-16T00:00:00Z,0.3058040142059326,0.3013390004634857
1990-02-20T00:00:00Z,0.29910698533058167,0.29910698533058167
1990-02-21T00:00:00Z,0.2924109995365143,0.3035709857940674
1990-02-22T00:00:00Z,0.3035709857940674,0.29464301466941833
1990-02-23T00:00:00Z,0.2924109995365143,0.296875
1990-02-26T00:00:00Z,0.29464301466941833,0.3035709857940674
1990-02-27T00:00:00Z,0.3035709857940674,0.29910698533058167
1990-02-28T00:00:00Z,0.29910698533058167,0.3035709857940674
1990-03-01T00:00:00Z,0.29910698533058167,0.3058040142059326
1990-03-02T00:00:00Z,0.29910698533058167,0.3013390004634857
1990-03-05T00:00:00Z,0.29910698533058167,0.3080359995365143
1990-03-06T00:00:00Z,0.3125,0.31473198533058167
1990-03-07T00:00:00Z,0.3125,0.3158479928970337
1990-03-08T00:00:00Z,0.3191959857940674,0.328125
1990-03-09T00:00:00Z,0.328125,0.329241007566452
1990-03-12T00:00:00Z,0.3325890004634857,0.327008992433548
1990-03-13T00:00:00Z,0.32589301466941833,0.329241007566452
1990-03-14T00:00:00Z,0.328125,0.33035698533058167
1990-03-15T00:00:00Z,0.32589301466941833,0.328125
1990-03-16T00:00:00Z,0.35714301466941833,0.359375
1990-03-19T00:00:00Z,0.36160698533058167,0.3783479928970337
1990-03-20T00:00:00Z,0.37723198533058167,0.36941999197006226
1990-03-21T00:00:00Z,0.3683040142059326,0.3716520071029663
1990-03-22T00:00:00Z,0.37276801466941833,0.3638390004634857
1990-03-23T00:00:00Z,0.3683040142059326,0.37723198533058167
1990-03-26T00:00:00Z,0.3794640004634857,0.37723198533058167
1990-03-27T00:00:00Z,0.375,0.375
1990-03-28T00:00:00Z,0.375,0.3683040142059326
1990-03-29T00:00:00Z,0.3660709857940674,0.3671880066394806
1990-03-30T00:00:00Z,0.35714301466941833,0.359375
1990-04-02T00:00:00Z,0.35714301466941833,0.359375
1990-04-03T00:00:00Z,0.36160698533058167,0.37276801466941833
1990-04-04T00:00:00Z,0.3705359995365143,0.3683040142059326
1990-04-05T00:00:00Z,0.3660709857940674,0.359375
1990-04-06T00:00:00Z,0.359375,0.3560270071029663
1990-04-09T00:00:00Z,0.3549109995365143,0.3671880066394806
1990-04-10T00:00:00Z,0.3683040142059326,0.3683040142059326
1990-04-11T00:00:00Z,0.3705359995365143,0.3794640004634857
1990-04-12T00:00:00Z,0.3839290142059326,0.3861609995365143
1990-04-16T00:00:00Z,0.38839301466941833,0.390625
1990-04-17T00:00:00Z,0.3861609995365143,0.3861609995365143
1990-04-18T00:00:00Z,0.3861609995365143,0.3861609995365143
1990-04-19T00:00:00Z,0.37276801466941833,0.359375
1990-04-20T00:00:00Z,0.36495500802993774,0.359375
1990-04-23T00:00:00Z,0.359375,0.3549109995365143
1990-04-24T00:00:00Z,0.35714301466941833,0.34598198533058167
1990-04-25T00:00:00Z,0.34598198533058167,0.34598198533058167
1990-04-26T00:00:00Z,0.3482140004634857,0.3470979928970337
1990-04-27T00:00:00Z,0.3482140004634857,0.34933000802993774
1990-04-30T00:00:00Z,0.3504459857940674,0.3515630066394806
1990-05-01T00:00:00Z,0.3549109995365143,0.35379499197006226
1990-05-02T00:00:00Z,0.3549109995365143,0.3549109995365143
1990-05-03T00:00:00Z,0.3549109995365143,0.35714301466941833
1990-05-04T00:00:00Z,0.35714301466941833,0.35714301466941833
1990-05-07T00:00:00Z,0.3549109995365143,0.3705359995365143
1990-05-08T00:00:00Z,0.3660709857940674,0.37276801466941833
1990-05-09T00:00:00Z,0.3716520071029663,0.373883992433548
1990-05-10T00:00:00Z,0.37276801466941833,0.36941999197006226
1990-05-11T00:00:00Z,0.36941999197006226,0.38058000802993774
1990-05-14T00:00:00Z,0.3816959857940674,0.37276801466941833
1990-05-15T00:00:00Z,0.36941999197006226,0.37276801466941833
1990-05-16T00:00:00Z,0.37276801466941833,0.3716520071029663
1990-05-17T00:00:00Z,0.37276801466941833,0.3705359995365143
1990-05-18T00:00:00Z,0.3683040142059326,0.3549109995365143
1990-05-21T00:00:00Z,0.3526790142059326,0.3526790142059326
1990-05-22T00:00:00Z,0.358258992433548,0.36941999197006226
1990-05-23T00:00:00Z,0.3683040142059326,0.375
1990-05-24T00:00:00Z,0.37723198533058167,0.375
1990-05-25T00:00:00Z,0.3526790142059326,0.35714301466941833
1990-05-29T00:00:00Z,0.35714301466941833,0.3660709857940674
1990-05-30T00:00:00Z,0.3716520071029663,0.36941999197006226
1990-05-31T00:00:00Z,0.3705359995365143,0.3683040142059326
1990-06-01T00:00:00Z,0.36941999197006226,0.3638390004634857
1990-06-04T00:00:00Z,0.3638390004634857,0.3638390004634857
1990-06-05T00:00:00Z,0.3660709857940674,0.3526790142059326
1990-06-06T00:00:00Z,0.3482140004634857,0.3526790142059326
1990-06-07T00:00:00Z,0.3526790142059326,0.3482140004634857
1990-06-08T00:00:00Z,0.34375,0.34151801466941833
1990-06-11T00:00:00Z,0.3370540142059326,0.3482140004634857
1990-06-12T00:00:00Z,0.34933000802993774,0.36160698533058167
1990-06-13T00:00:00Z,0.360491007566452,0.3549109995365143
1990-06-14T00:00:00Z,0.35714301466941833,0.3549109995365143
1990-06-15T00:00:00Z,0.3549109995365143,0.3526790142059326
1990-06-18T00:00:00Z,0.3504459857940674,0.3504459857940674
1990-06-19T00:00:00Z,0.3482140004634857,0.35379499197006226
1990-06-20T00:00:00Z,0.3560270071029663,0.35714301466941833
1990-06-21T00:00:00Z,0.35714301466941833,0.373883992433548
1990-06-22T00:00:00Z,0.375,0.3705359995365143
1990-06-25T00:00:00Z,0.3705359995365143,0.3683040142059326
1990-06-26T00:00:00Z,0.37276801466941833,0.3627229928970337
1990-06-27T00:00:00Z,0.3638390004634857,0.3705359995365143
1990-06-28T00:00:00Z,0.3816959857940674,0.3839290142059326
1990-06-29T00:00:00Z,0.3839290142059326,0.3995540142059326
1990-07-02T00:00:00Z,0.3973209857940674,0.39285698533058167
1990-07-03T00:00:00Z,0.391741007566452,0.39285698533058167
1990-07-05T00:00:00Z,0.390625,0.38839301466941833
1990-07-06T00:00:00Z,0.38839301466941833,0.3995540142059326
1990-07-09T00:00:00Z,0.4017859995365143,0.41629499197006226
1990-07-10T00:00:00Z,0.41964301466941833,0.41964301466941833
1990-07-11T00:00:00Z,0.4174109995365143,0.41964301466941833
1990-07-12T00:00:00Z,0.4174109995365143,0.422991007566452
1990-07-13T00:00:00Z,0.42410698533058167,0.4174109995365143
1990-07-16T00:00:00Z,0.4174109995365143,0.407366007566452
1990-07-17T00:00:00Z,0.40848198533058167,0.3950890004634857
1990-07-18T00:00:00Z,0.3973209857940674,0.3984380066394806
1990-07-19T00:00:00Z,0.3638390004634857,0.37276801466941833
1990-07-20T00:00:00Z,0.375,0.3660709857940674
1990-07-23T00:00:00Z,0.3660709857940674,0.3705359995365143
1990-07-24T00:00:00Z,0.375,0.376116007566452
1990-07-25T00:00:00Z,0.375,0.37723198533058167
1990-07-26T00:00:00Z,0.37723198533058167,0.36941999197006226
1990-07-27T00:00:00Z,0.3683040142059326,0.36941999197006226
1990-07-30T00:00:00Z,0.3638390004634857,0.3783479928970337
1990-07-31T00:00:00Z,0.3794640004634857,0.375
1990-08-01T00:00:00Z,0.375,0.3783479928970337
1990-08-02T00:00:00Z,0.3683040142059326,0.38839301466941833
1990-08-03T00:00:00Z,0.38839301466941833,0.3683040142059326
1990-08-06T00:00:00Z,0.3482140004634857,0.3526790142059326
1990-08-07T00:00:00Z,0.359375,0.3526790142059326
1990-08-08T00:00:00Z,0.3526790142059326,0.358258992433548
1990-08-09T00:00:00Z,0.359375,0.3526790142059326
1990-08-10T00:00:00Z,0.34598198533058167,0.34598198533058167
1990-08-13T00:00:00Z,0.3392859995365143,0.3560270071029663
1990-08-14T00:00:00Z,0.35714301466941833,0.3549109995365143
1990-08-15T00:00:00Z,0.35714301466941833,0.3504459857940674
1990-08-16T00:00:00Z,0.3482140004634857,0.34375
1990-08-17T00:00:00Z,0.34375,0.32589301466941833
1990-08-20T00:00:00Z,0.32589301466941833,0.328125
1990-08-21T00:00:00Z,0.3191959857940674,0.3236609995365143
1990-08-22T00:00:00Z,0.33035698533058167,0.313616007566452
1990-08-23T00:00:00Z,0.3058040142059326,0.3080359995365143
1990-08-24T00:00:00Z,0.31473198533058167,0.3169640004634857
1990-08-27T00:00:00Z,0.328125,0.3370540142059326
1990-08-28T00:00:00Z,0.3348209857940674,0.3404020071029663
1990-08-29T00:00:00Z,0.3392859995365143,0.3325890004634857
1990-08-30T00:00:00Z,0.3325890004634857,0.3236609995365143
1990-08-31T00:00:00Z,0.3214290142059326,0.33035698533058167
1990-09-04T00:00:00Z,0.32589301466941833,0.33035698533058167
1990-09-05T00:00:00Z,0.3325890004634857,0.3214290142059326
1990-09-06T00:00:00Z,0.3169640004634857,0.3191959857940674
1990-09-07T00:00:00Z,0.3169640004634857,0.3247770071029663
1990-09-10T00:00:00Z,0.33035698533058167,0.3191959857940674
1990-09-11T00:00:00Z,0.3214290142059326,0.3035709857940674
1990-09-12T00:00:00Z,0.3080359995365143,0.3035709857940674
1990-09-13T00:00:00Z,0.3080359995365143,0.3013390004634857
1990-09-14T00:00:00Z,0.29910698533058167,0.3035709857940674
1990-09-17T00:00:00Z,0.3035709857940674,0.3013390004634857
1990-09-18T00:00:00Z,0.3013390004634857,0.297991007566452
1990-09-19T00:00:00Z,0.296875,0.2901790142059326
1990-09-20T00:00:00Z,0.2879459857940674,0.282366007566452
1990-09-21T00:00:00Z,0.2857140004634857,0.28125
1990-09-24T00:00:00Z,0.28125,0.2700890004634857
1990-09-25T00:00:00Z,0.2723209857940674,0.26785698533058167
1990-09-26T00:00:00Z,0.26785698533058167,0.265625
1990-09-27T00:00:00Z,0.26785698533058167,0.25223198533058167
1990-09-28T00:00:00Z,0.2544640004634857,0.2589290142059326
1990-10-01T00:00:00Z,0.26339301466941833,0.2723209857940674
1990-10-02T00:00:00Z,0.2767859995365143,0.264508992433548
1990-10-03T00:00:00Z,0.265625,0.24107100069522858
1990-10-04T00:00:00Z,0.23883900046348572,0.25
1990-10-05T00:00:00Z,0.24107100069522858,0.25
1990-10-08T00:00:00Z,0.2566959857940674,0.26004499197006226
1990-10-09T00:00:00Z,0.2544640004634857,0.25
1990-10-10T00:00:00Z,0.24330399930477142,0.23660700023174286
1990-10-11T00:00:00Z,0.23883900046348572,0.24776799976825714
1990-10-12T00:00:00Z,0.25223198533058167,0.25223198533058167
1990-10-15T00:00:00Z,0.2544640004634857,0.24776799976825714
1990-10-16T00:00:00Z,0.24553599953651428,0.22321400046348572
1990-10-17T00:00:00Z,0.22544600069522858,0.23660700023174286
1990-10-18T00:00:00Z,0.23660700023174286,0.2544640004634857
1990-10-19T00:00:00Z,0.27901801466941833,0.280133992433548
1990-10-22T00:00:00Z,0.28125,0.2779020071029663
1990-10-23T00:00:00Z,0.2767859995365143,0.2767859995365143
1990-10-24T00:00:00Z,0.2745540142059326,0.2723209857940674
1990-10-25T00:00:00Z,0.2700890004634857,0.26785698533058167
1990-10-26T00:00:00Z,0.265625,0.26785698533058167
1990-10-29T00:00:00Z,0.2700890004634857,0.266741007566452
1990-10-30T00:00:00Z,0.265625,0.27120500802993774
1990-10-31T00:00:00Z,0.2723209857940674,0.2745540142059326
1990-11-01T00:00:00Z,0.2723209857940674,0.2723209857940674
1990-11-02T00:00:00Z,0.2723209857940674,0.28348198533058167
1990-11-05T00:00:00Z,0.2879459857940674,0.296875
1990-11-06T00:00:00Z,0.29910698533058167,0.29910698533058167
1990-11-07T00:00:00Z,0.29910698533058167,0.296875
1990-11-08T00:00:00Z,0.29464301466941833,0.3080359995365143
1990-11-09T00:00:00Z,0.3125,0.3169640004634857
1990-11-12T00:00:00Z,0.3169640004634857,0.3236609995365143
1990-11-13T00:00:00Z,0.3236609995365143,0.3214290142059326
1990-11-14T00:00:00Z,0.3191959857940674,0.33035698533058167
1990-11-15T00:00:00Z,0.328125,0.3214290142059326
1990-11-16T00:00:00Z,0.3191959857940674,0.313616007566452
1990-11-19T00:00:00Z,0.3169640004634857,0.3247770071029663
1990-11-20T00:00:00Z,0.32589301466941833,0.3169640004634857
1990-11-21T00:00:00Z,0.31473198533058167,0.32254499197006226
1990-11-23T00:00:00Z,0.3236609995365143,0.3247770071029663
1990-11-26T00:00:00Z,0.3214290142059326,0.328125
1990-11-27T00:00:00Z,0.33035698533058167,0.3348209857940674
1990-11-28T00:00:00Z,0.3370540142059326,0.328125
1990-11-29T00:00:00Z,0.33035698533058167,0.328125
1990-11-30T00:00:00Z,0.3236609995365143,0.328125
1990-12-03T00:00:00Z,0.3325890004634857,0.3404020071029663
1990-12-04T00:00:00Z,0.3348209857940674,0.34375
1990-12-05T00:00:00Z,0.34375,0.358258992433548
1990-12-06T00:00:00Z,0.3683040142059326,0.3683040142059326
1990-12-07T00:00:00Z,0.3660709857940674,0.3794640004634857
1990-12-10T00:00:00Z,0.37723198533058167,0.37276801466941833
1990-12-11T00:00:00Z,0.3683040142059326,0.35714301466941833
1990-12-12T00:00:00Z,0.3549109995365143,0.35379499197006226
1990-12-13T00:00:00Z,0.3526790142059326,0.3638390004634857
1990-12-14T00:00:00Z,0.359375,0.3560270071029663
1990-12-17T00:00:00Z,0.3482140004634857,0.358258992433548
1990-12-18T00:00:00Z,0.3660709857940674,0.37723198533058167
1990-12-19T00:00:00Z,0.3794640004634857,0.373883992433548
1990-12-20T00:00:00Z,0.3683040142059326,0.39285698533058167
1990-12-21T00:00:00Z,0.3950890004634857,0.4017859995365143
1990-12-24T00:00:00Z,0.3995540142059326,0.39285698533058167
1990-12-26T00:00:00Z,0.39285698533058167,0.390625
1990-12-27T00:00:00Z,0.3861609995365143,0.38839301466941833
1990-12-28T00:00:00Z,0.3861609995365143,0.3839290142059326
1990-12-31T00:00:00Z,0.3839290142059326,0.3839290142059326
1991-01-02T00:00:00Z,0.3816959857940674,0.38839301466941833
1991-01-03T00:00:00Z,0.38839301466941833,0.3839290142059326
1991-01-04T00:00:00Z,0.3839290142059326,0.3861609995365143
1991-01-07T00:00:00Z,0.3839290142059326,0.3861609995365143
1991-01-08T00:00:00Z,0.390625,0.3861609995365143
1991-01-09T00:00:00Z,0.3950890004634857,0.40401801466941833
1991-01-10T00:00:00Z,0.40848198533058167,0.420758992433548
1991-01-11T00:00:00Z,0.41964301466941833,0.41964301466941833
1991-01-14T00:00:00Z,0.4107140004634857,0.4129459857940674
1991-01-15T00:00:00Z,0.4151790142059326,0.4174109995365143
1991-01-16T00:00:00Z,0.41964301466941833,0.4441959857940674
1991-01-17T00:00:00Z,0.46875,0.4575890004634857
1991-01-18T00:00:00Z,0.43526801466941833,0.4486609995365143
1991-01-21T00:00:00Z,0.4441959857940674,0.453125
1991-01-22T00:00:00Z,0.45535698533058167,0.4575890004634857
1991-01-23T00:00:00Z,0.4575890004634857,0.4620540142059326
1991-01-24T00:00:00Z,0.4598209857940674,0.4654020071029663
1991-01-25T00:00:00Z,0.4642859995365143,0.4776790142059326
1991-01-28T00:00:00Z,0.4754459857940674,0.48660698533058167
1991-01-29T00:00:00Z,0.484375,0.4799109995365143
1991-01-30T00:00:00Z,0.4754459857940674,0.4955359995365143
1991-01-31T00:00:00Z,0.4955359995365143,0.4955359995365143
1991-02-01T00:00:00Z,0.4955359995365143,0.49776801466941833
1991-02-04T00:00:00Z,0.49776801466941833,0.4933040142059326
1991-02-05T00:00:00Z,0.4933040142059326,0.515625
1991-02-06T00:00:00Z,0.515625,0.5078129768371582
1991-02-07T00:00:00Z,0.5089290142059326,0.515625
1991-02-08T00:00:00Z,0.513392984867096,0.5345979928970337
1991-02-11T00:00:00Z,0.5357139706611633,0.5479909777641296
1991-02-12T00:00:00Z,0.544642984867096,0.5357139706611633
1991-02-13T00:00:00Z,0.5357139706611633,0.5357139706611633
1991-02-14T00:00:00Z,0.5357139706611633,0.5100449919700623
1991-02-15T00:00:00Z,0.5111610293388367,0.5145090222358704
1991-02-19T00:00:00Z,0.513392984867096,0.5357139706611633
1991-02-20T00:00:00Z,0.53125,0.544642984867096
1991-02-21T00:00:00Z,0.546875,0.5267860293388367
1991-02-22T00:00:00Z,0.5267860293388367,0.533482015132904
1991-02-25T00:00:00Z,0.5379459857940674,0.517857015132904
1991-02-26T00:00:00Z,0.513392984867096,0.5200889706611633
1991-02-27T00:00:00Z,0.5200889706611633,0.5200889706611633
1991-02-28T00:00:00Z,0.5200889706611633,0.5111610293388367
1991-03-01T00:00:00Z,0.5089290142059326,0.515625
1991-03-04T00:00:00Z,0.517857015132904,0.5212050080299377
1991-03-05T00:00:00Z,0.5267860293388367,0.5636159777641296
1991-03-06T00:00:00Z,0.5714290142059326,0.5625
1991-03-07T00:00:00Z,0.5669639706611633,0.6004459857940674
1991-03-08T00:00:00Z,0.6049110293388367,0.580357015132904
1991-03-11T00:00:00Z,0.575892984867096,0.5669639706611633
1991-03-12T00:00:00Z,0.5625,0.5613840222358704
1991-03-13T00:00:00Z,0.560267984867096,0.591517984867096
1991-03-14T00:00:00Z,0.595982015132904,0.5825889706611633
1991-03-15T00:00:00Z,0.5870540142059326,0.591517984867096
1991-03-18T00:00:00Z,0.5870540142059326,0.6049110293388367
1991-03-19T00:00:00Z,0.59375,0.6205360293388367
1991-03-20T00:00:00Z,0.6183040142059326,0.6049110293388367
1991-03-21T00:00:00Z,0.609375,0.578125
1991-03-22T00:00:00Z,0.5714290142059326,0.564732015132904
1991-03-25T00:00:00Z,0.5669639706611633,0.575892984867096
1991-03-26T00:00:00Z,0.578125,0.625
1991-03-27T00:00:00Z,0.625,0.6183040142059326
1991-03-28T00:00:00Z,0.6183040142059326,0.607142984867096
1991-04-01T00:00:00Z,0.607142984867096,0.611607015132904
1991-04-02T00:00:00Z,0.6160709857940674,0.6495540142059326
1991-04-03T00:00:00Z,0.6473209857940674,0.625
1991-04-04T00:00:00Z,0.625,0.638392984867096
1991-04-05T00:00:00Z,0.640625,0.6194199919700623
1991-04-08T00:00:00Z,0.6183040142059326,0.625
1991-04-09T00:00:00Z,0.622767984867096,0.6138389706611633
1991-04-10T00:00:00Z,0.611607015132904,0.5970979928970337
1991-04-11T00:00:00Z,0.6049110293388367,0.6339290142059326
1991-04-12T00:00:00Z,0.638392984867096,0.640625
1991-04-15T00:00:00Z,0.5513389706611633,0.5558040142059326
1991-04-16T00:00:00Z,0.564732015132904,0.5736610293388367
1991-04-17T00:00:00Z,0.580357015132904,0.564732015132904
1991-04-18T00:00:00Z,0.560267984867096,0.544642984867096
1991-04-19T00:00:00Z,0.544642984867096,0.5323659777641296
1991-04-22T00:00:00Z,0.53125,0.549107015132904
1991-04-23T00:00:00Z,0.5558040142059326,0.549107015132904
1991-04-24T00:00:00Z,0.5513389706611633,0.5424110293388367
1991-04-25T00:00:00Z,0.533482015132904,0.5223209857940674
1991-04-26T00:00:00Z,0.5223209857940674,0.5234379768371582
1991-04-29T00:00:00Z,0.5223209857940674,0.5200889706611633
1991-04-30T00:00:00Z,0.515625,0.4910709857940674
1991-05-01T00:00:00Z,0.4285709857940674,0.421875
1991-05-02T00:00:00Z,0.4263390004634857,0.4375
1991-05-03T00:00:00Z,0.4375,0.4375
1991-05-06T00:00:00Z,0.4330359995365143,0.4486609995365143
1991-05-07T00:00:00Z,0.45535698533058167,0.452008992433548
1991-05-08T00:00:00Z,0.453125,0.4441959857940674
1991-05-09T00:00:00Z,0.4464290142059326,0.453125
1991-05-10T00:00:00Z,0.4598209857940674,0.4575890004634857
1991-05-13T00:00:00Z,0.46651801466941833,0.47098198533058167
1991-05-14T00:00:00Z,0.47098198533058167,0.4776790142059326
1991-05-15T00:00:00Z,0.4598209857940674,0.45089301466941833
1991-05-16T00:00:00Z,0.45535698533058167,0.4375
1991-05-17T00:00:00Z,0.43526801466941833,0.41964301466941833
1991-05-20T00:00:00Z,0.421875,0.3950890004634857
1991-05-21T00:00:00Z,0.40401801466941833,0.40401801466941833
1991-05-22T00:00:00Z,0.40848198533058167,0.4129459857940674
1991-05-23T00:00:00Z,0.4151790142059326,0.4029020071029663
1991-05-24T00:00:00Z,0.40625,0.4095979928970337
1991-05-28T00:00:00Z,0.4107140004634857,0.4107140004634857
1991-05-29T00:00:00Z,0.4129459857940674,0.41964301466941833
1991-05-30T00:00:00Z,0.41964301466941833,0.4252229928970337
1991-05-31T00:00:00Z,0.42410698533058167,0.41964301466941833
1991-06-03T00:00:00Z,0.41964301466941833,0.43973198533058167
1991-06-04T00:00:00Z,0.4419640004634857,0.438616007566452
1991-06-05T00:00:00Z,0.43973198533058167,0.4285709857940674
1991-06-06T00:00:00Z,0.4308040142059326,0.41629499197006226
1991-06-07T00:00:00Z,0.4129459857940674,0.41183000802993774
1991-06-10T00:00:00Z,0.4107140004634857,0.4107140004634857
1991-06-11T00:00:00Z,0.4017859995365143,0.3984380066394806
1991-06-12T00:00:00Z,0.39285698533058167,0.3783479928970337
1991-06-13T00:00:00Z,0.3794640004634857,0.376116007566452
1991-06-14T00:00:00Z,0.3816959857940674,0.3671880066394806
1991-06-17T00:00:00Z,0.3660709857940674,0.375
1991-06-18T00:00:00Z,0.37723198533058167,0.376116007566452
1991-06-19T00:00:00Z,0.37276801466941833,0.37276801466941833
1991-06-20T00:00:00Z,0.3683040142059326,0.375
1991-06-21T00:00:00Z,0.375,0.375
1991-06-24T00:00:00Z,0.37276801466941833,0.37276801466941833
1991-06-25T00:00:00Z,0.375,0.3783479928970337
1991-06-26T00:00:00Z,0.3816959857940674,0.3839290142059326
1991-06-27T00:00:00Z,0.3794640004634857,0.3794640004634857
1991-06-28T00:00:00Z,0.37723198533058167,0.3705359995365143
1991-07-01T00:00:00Z,0.37723198533058167,0.3794640004634857
1991-07-02T00:00:00Z,0.37723198533058167,0.37723198533058167
1991-07-03T00:00:00Z,0.37723198533058167,0.38504499197006226
1991-07-05T00:00:00Z,0.3839290142059326,0.407366007566452
1991-07-08T00:00:00Z,0.40401801466941833,0.4174109995365143
1991-07-09T00:00:00Z,0.421875,0.4185270071029663
1991-07-10T00:00:00Z,0.42410698533058167,0.421875
1991-07-11T00:00:00Z,0.41964301466941833,0.4174109995365143
1991-07-12T00:00:00Z,0.421875,0.4174109995365143
1991-07-15T00:00:00Z,0.4174109995365143,0.40625
1991-07-16T00:00:00Z,0.40625,0.390625
1991-07-17T00:00:00Z,0.38839301466941833,0.3794640004634857
1991-07-18T00:00:00Z,0.39285698533058167,0.40066999197006226
1991-07-19T00:00:00Z,0.40401801466941833,0.4107140004634857
1991-07-22T00:00:00Z,0.40848198533058167,0.4107140004634857
1991-07-23T00:00:00Z,0.4129459857940674,0.4017859995365143
1991-07-24T00:00:00Z,0.40401801466941833,0.4017859995365143
1991-07-25T00:00:00Z,0.40401801466941833,0.40401801466941833
1991-07-26T00:00:00Z,0.40848198533058167,0.40066999197006226
1991-07-29T00:00:00Z,0.40401801466941833,0.40625
1991-07-30T00:00:00Z,0.40625,0.4151790142059326
1991-07-31T00:00:00Z,0.4151790142059326,0.4129459857940674
1991-08-01T00:00:00Z,0.4107140004634857,0.438616007566452
1991-08-02T00:00:00Z,0.4441959857940674,0.4464290142059326
1991-08-05T00:00:00Z,0.4441959857940674,0.4330359995365143
1991-08-06T00:00:00Z,0.43526801466941833,0.4419640004634857
1991-08-07T00:00:00Z,0.4419640004634857,0.4497770071029663
1991-08-08T00:00:00Z,0.453125,0.45089301466941833
1991-08-09T00:00:00Z,0.45089301466941833,0.453125
1991-08-12T00:00:00Z,0.453125,0.4620540142059326
1991-08-13T00:00:00Z,0.4642859995365143,0.4776790142059326
1991-08-14T00:00:00Z,0.4888390004634857,0.48995500802993774
1991-08-15T00:00:00Z,0.4910709857940674,0.4754459857940674
1991-08-16T00:00:00Z,0.47098198533058167,0.4754459857940674
1991-08-19T00:00:00Z,0.4419640004634857,0.45089301466941833
1991-08-20T00:00:00Z,0.4598209857940674,0.45535698533058167
1991-08-21T00:00:00Z,0.46875,0.4799109995365143
1991-08-22T00:00:00Z,0.48214301466941833,0.484375
1991-08-23T00:00:00Z,0.48214301466941833,0.4732140004634857
1991-08-26T00:00:00Z,0.4732140004634857,0.4732140004634857
1991-08-27T00:00:00Z,0.4732140004634857,0.48214301466941833
1991-08-28T00:00:00Z,0.48214301466941833,0.4754459857940674
1991-08-29T00:00:00Z,0.4754459857940674,0.4732140004634857
1991-08-30T00:00:00Z,0.4732140004634857,0.4732140004634857
1991-09-03T00:00:00Z,0.47098198533058167,0.46875
1991-09-04T00:00:00Z,0.47098198533058167,0.4598209857940674
1991-09-05T00:00:00Z,0.4598209857940674,0.45535698533058167
1991-09-06T00:00:00Z,0.45535698533058167,0.4598209857940674
1991-09-09T00:00:00Z,0.4620540142059326,0.4754459857940674
1991-09-10T00:00:00Z,0.47098198533058167,0.44754499197006226
1991-09-11T00:00:00Z,0.453125,0.45089301466941833
1991-09-12T00:00:00Z,0.4575890004634857,0.452008992433548
1991-09-13T00:00:00Z,0.4464290142059326,0.4341520071029663
1991-09-16T00:00:00Z,0.43973198533058167,0.421875
1991-09-17T00:00:00Z,0.41964301466941833,0.4375
1991-09-18T00:00:00Z,0.43526801466941833,0.44754499197006226
1991-09-19T00:00:00Z,0.4486609995365143,0.4441959857940674
1991-09-20T00:00:00Z,0.4441959857940674,0.452008992433548
1991-09-23T00:00:00Z,0.4464290142059326,0.4419640004634857
1991-09-24T00:00:00Z,0.4419640004634857,0.4486609995365143
1991-09-25T00:00:00Z,0.4486609995365143,0.45089301466941833
1991-09-26T00:00:00Z,0.4486609995365143,0.4464290142059326
1991-09-27T00:00:00Z,0.4464290142059326,0.4375
1991-09-30T00:00:00Z,0.43973198533058167,0.4419640004634857
1991-10-01T00:00:00Z,0.43973198533058167,0.453125
1991-10-02T00:00:00Z,0.4620540142059326,0.4441959857940674
1991-10-03T00:00:00Z,0.4464290142059326,0.4263390004634857
1991-10-04T00:00:00Z,0.4285709857940674,0.4308040142059326
1991-10-07T00:00:00Z,0.4285709857940674,0.4296880066394806
1991-10-08T00:00:00Z,0.4296880066394806,0.4308040142059326
1991-10-09T00:00:00Z,0.4308040142059326,0.4285709857940674
1991-10-10T00:00:00Z,0.43526801466941833,0.4263390004634857
1991-10-11T00:00:00Z,0.4296880066394806,0.4330359995365143
1991-10-14T00:00:00Z,0.4375,0.4453130066394806
1991-10-15T00:00:00Z,0.45089301466941833,0.46875
1991-10-16T00:00:00Z,0.46875,0.4776790142059326
1991-10-17T00:00:00Z,0.4732140004634857,0.467633992433548
1991-10-18T00:00:00Z,0.4921880066394806,0.4910709857940674
1991-10-21T00:00:00Z,0.4933040142059326,0.4888390004634857
1991-10-22T00:00:00Z,0.4955359995365143,0.48660698533058167
1991-10-23T00:00:00Z,0.4910709857940674,0.47433000802993774
1991-10-24T00:00:00Z,0.4732140004634857,0.4654020071029663
1991-10-25T00:00:00Z,0.4620540142059326,0.4575890004634857
1991-10-28T00:00:00Z,0.4598209857940674,0.4598209857940674
1991-10-29T00:00:00Z,0.4598209857940674,0.4620540142059326
1991-10-30T00:00:00Z,0.4642859995365143,0.4441959857940674
1991-10-31T00:00:00Z,0.453125,0.4598209857940674
1991-11-01T00:00:00Z,0.4575890004634857,0.45535698533058167
1991-11-04T00:00:00Z,0.453125,0.4441959857940674
1991-11-05T00:00:00Z,0.4441959857940674,0.43526801466941833
1991-11-06T00:00:00Z,0.4375,0.4285709857940674
1991-11-07T00:00:00Z,0.4330359995365143,0.4441959857940674
1991-11-08T00:00:00Z,0.4575890004634857,0.4754459857940674
1991-11-11T00:00:00Z,0.4776790142059326,0.4799109995365143
1991-11-12T00:00:00Z,0.484375,0.48660698533058167
1991-11-13T00:00:00Z,0.48214301466941833,0.483258992433548
1991-11-14T00:00:00Z,0.484375,0.4888390004634857
1991-11-15T00:00:00Z,0.48660698533058167,0.4464290142059326
1991-11-18T00:00:00Z,0.4464290142059326,0.4654020071029663
1991-11-19T00:00:00Z,0.4620540142059326,0.4575890004634857
1991-11-20T00:00:00Z,0.4575890004634857,0.45089301466941833
1991-11-21T00:00:00Z,0.45089301466941833,0.45535698533058167
1991-11-22T00:00:00Z,0.45535698533058167,0.4575890004634857
1991-11-25T00:00:00Z,0.45535698533058167,0.4575890004634857
1991-11-26T00:00:00Z,0.4598209857940674,0.4598209857940674
1991-11-27T00:00:00Z,0.4575890004634857,0.45535698533058167
1991-11-29T00:00:00Z,0.45089301466941833,0.453125
1991-12-02T00:00:00Z,0.453125,0.4620540142059326
1991-12-03T00:00:00Z,0.4642859995365143,0.45089301466941833
1991-12-04T00:00:00Z,0.453125,0.45089301466941833
1991-12-05T00:00:00Z,0.45089301466941833,0.4464290142059326
1991-12-06T00:00:00Z,0.4419640004634857,0.43526801466941833
1991-12-09T00:00:00Z,0.4375,0.438616007566452
1991-12-10T00:00:00Z,0.4375,0.438616007566452
1991-12-11T00:00:00Z,0.43973198533058167,0.4375
1991-12-12T00:00:00Z,0.4408479928970337,0.4408479928970337
1991-12-13T00:00:00Z,0.4441959857940674,0.4497770071029663
1991-12-16T00:00:00Z,0.4497770071029663,0.45089301466941833
1991-12-17T00:00:00Z,0.45089301466941833,0.45089301466941833
1991-12-18T00:00:00Z,0.4486609995365143,0.4620540142059326
1991-12-19T00:00:00Z,0.4575890004634857,0.453125
1991-12-20T00:00:00Z,0.4575890004634857,0.4486609995365143
1991-12-23T00:00:00Z,0.45089301466941833,0.4598209857940674
1991-12-24T00:00:00Z,0.4642859995365143,0.46651801466941833
1991-12-26T00:00:00Z,0.47098198533058167,0.48995500802993774
1991-12-27T00:00:00Z,0.4888390004634857,0.4910709857940674
1991-12-30T00:00:00Z,0.4910709857940674,0.5066959857940674
1991-12-31T00:00:00Z,0.5122770071029663,0.5033479928970337
1992-01-02T00:00:00Z,0.49776801466941833,0.53125
1992-01-03T00:00:00Z,0.5357139706611633,0.5267860293388367
1992-01-06T00:00:00Z,0.5245540142059326,0.517857015132904
1992-01-07T00:00:00Z,0.513392984867096,0.5279020071029663
1992-01-08T00:00:00Z,0.5223209857940674,0.5401790142059326
1992-01-09T00:00:00Z,0.5401790142059326,0.5558040142059326
1992-01-10T00:00:00Z,0.549107015132904,0.5558040142059326
1992-01-13T00:00:00Z,0.5558040142059326,0.5535709857940674
1992-01-14T00:00:00Z,0.5558040142059326,0.575892984867096
1992-01-15T00:00:00Z,0.575892984867096,0.5669639706611633
1992-01-16T00:00:00Z,0.5691959857940674,0.560267984867096
1992-01-17T00:00:00Z,0.6049110293388367,0.578125
1992-01-20T00:00:00Z,0.575892984867096,0.5714290142059326
1992-01-21T00:00:00Z,0.5736610293388367,0.5457590222358704
1992-01-22T00:00:00Z,0.549107015132904,0.5669639706611633
1992-01-23T00:00:00Z,0.5736610293388367,0.575892984867096
1992-01-24T00:00:00Z,0.575892984867096,0.5770090222358704
1992-01-27T00:00:00Z,0.578125,0.575892984867096
1992-01-28T00:00:00Z,0.578125,0.5825889706611633
1992-01-29T00:00:00Z,0.578125,0.564732015132904
1992-01-30T00:00:00Z,0.5669639706611633,0.5691959857940674
1992-01-31T00:00:00Z,0.5714290142059326,0.578125
1992-02-03T00:00:00Z,0.578125,0.5870540142059326
1992-02-04T00:00:00Z,0.5870540142059326,0.5870540142059326
1992-02-05T00:00:00Z,0.591517984867096,0.5904020071029663
1992-02-06T00:00:00Z,0.5870540142059326,0.5725449919700623
1992-02-07T00:00:00Z,0.5736610293388367,0.5714290142059326
1992-02-10T00:00:00Z,0.5714290142059326,0.5636159777641296
1992-02-11T00:00:00Z,0.5625,0.5613840222358704
1992-02-12T00:00:00Z,0.5691959857940674,0.5825889706611633
1992-02-13T00:00:00Z,0.5825889706611633,0.5736610293388367
1992-02-14T00:00:00Z,0.5691959857940674,0.5725449919700623
1992-02-18T00:00:00Z,0.5736610293388367,0.560267984867096
1992-02-19T00:00:00Z,0.560267984867096,0.5535709857940674
1992-02-20T00:00:00Z,0.5580360293388367,0.5770090222358704
1992-02-21T00:00:00Z,0.578125,0.580357015132904
1992-02-24T00:00:00Z,0.591517984867096,0.5904020071029663
1992-02-25T00:00:00Z,0.591517984867096,0.611607015132904
1992-02-26T00:00:00Z,0.609375,0.6238840222358704
1992-02-27T00:00:00Z,0.625,0.611607015132904
1992-02-28T00:00:00Z,0.611607015132904,0.6026790142059326
1992-03-02T00:00:00Z,0.6049110293388367,0.6004459857940674
1992-03-03T00:00:00Z,0.6049110293388367,0.5926340222358704
1992-03-04T00:00:00Z,0.591517984867096,0.580357015132904
1992-03-05T00:00:00Z,0.575892984867096,0.5669639706611633
1992-03-06T00:00:00Z,0.5669639706611633,0.5714290142059326
1992-03-09T00:00:00Z,0.5691959857940674,0.5691959857940674
1992-03-10T00:00:00Z,0.5714290142059326,0.5691959857940674
1992-03-11T00:00:00Z,0.5691959857940674,0.564732015132904
1992-03-12T00:00:00Z,0.564732015132904,0.560267984867096
1992-03-13T00:00:00Z,0.564732015132904,0.5636159777641296
1992-03-16T00:00:00Z,0.560267984867096,0.5658479928970337
1992-03-17T00:00:00Z,0.5669639706611633,0.5613840222358704
1992-03-18T00:00:00Z,0.564732015132904,0.5691959857940674
1992-03-19T00:00:00Z,0.5691959857940674,0.5625
1992-03-20T00:00:00Z,0.5625,0.564732015132904
1992-03-23T00:00:00Z,0.5625,0.5625
1992-03-24T00:00:00Z,0.5669639706611633,0.580357015132904
1992-03-25T00:00:00Z,0.580357015132904,0.575892984867096
1992-03-26T00:00:00Z,0.578125,0.5714290142059326
1992-03-27T00:00:00Z,0.5703129768371582,0.544642984867096
1992-03-30T00:00:00Z,0.546875,0.5189729928970337
1992-03-31T00:00:00Z,0.5200889706611633,0.5200889706611633
1992-04-01T00:00:00Z,0.5111610293388367,0.5267860293388367
1992-04-02T00:00:00Z,0.5267860293388367,0.5245540142059326
1992-04-03T00:00:00Z,0.5245540142059326,0.5267860293388367
1992-04-06T00:00:00Z,0.5267860293388367,0.5424110293388367
1992-04-07T00:00:00Z,0.544642984867096,0.5111610293388367
1992-04-08T00:00:00Z,0.5089290142059326,0.498883992433548
1992-04-09T00:00:00Z,0.5,0.5111610293388367
1992-04-10T00:00:00Z,0.5111610293388367,0.4955359995365143
1992-04-13T00:00:00Z,0.4955359995365143,0.5044639706611633
1992-04-14T00:00:00Z,0.515625,0.5245540142059326
1992-04-15T00:00:00Z,0.517857015132904,0.5401790142059326
1992-04-16T00:00:00Z,0.5379459857940674,0.5267860293388367
1992-04-20T00:00:00Z,0.5267860293388367,0.5066959857940674
1992-04-21T00:00:00Z,0.5089290142059326,0.502232015132904
1992-04-22T00:00:00Z,0.502232015132904,0.5145090222358704
1992-04-23T00:00:00Z,0.513392984867096,0.5089290142059326
1992-04-24T00:00:00Z,0.5089290142059326,0.5044639706611633
1992-04-27T00:00:00Z,0.5,0.49776801466941833
1992-04-28T00:00:00Z,0.4933040142059326,0.484375
1992-04-29T00:00:00Z,0.484375,0.5089290142059326
1992-04-30T00:00:00Z,0.5111610293388367,0.5368300080299377
1992-05-01T00:00:00Z,0.5357139706611633,0.529017984867096
1992-05-04T00:00:00Z,0.53125,0.5401790142059326
1992-05-05T00:00:00Z,0.5401790142059326,0.5401790142059326
1992-05-06T00:00:00Z,0.5424110293388367,0.5513389706611633
1992-05-07T00:00:00Z,0.549107015132904,0.5424110293388367
1992-05-08T00:00:00Z,0.549107015132904,0.5535709857940674
1992-05-11T00:00:00Z,0.5535709857940674,0.5558040142059326
1992-05-12T00:00:00Z,0.5558040142059326,0.5558040142059326
1992-05-13T00:00:00Z,0.5580360293388367,0.560267984867096
1992-05-14T00:00:00Z,0.560267984867096,0.5479909777641296
1992-05-15T00:00:00Z,0.544642984867096,0.5412949919700623
1992-05-18T00:00:00Z,0.549107015132904,0.5390629768371582
1992-05-19T00:00:00Z,0.5424110293388367,0.5301340222358704
1992-05-20T00:00:00Z,0.533482015132904,0.5357139706611633
1992-05-21T00:00:00Z,0.5379459857940674,0.5279020071029663
1992-05-22T00:00:00Z,0.5267860293388367,0.53125
1992-05-26T00:00:00Z,0.53125,0.529017984867096
1992-05-27T00:00:00Z,0.529017984867096,0.5379459857940674
1992-05-28T00:00:00Z,0.5357139706611633,0.53125
1992-05-29T00:00:00Z,0.533482015132904,0.533482015132904
1992-06-01T00:00:00Z,0.5111610293388367,0.513392984867096
1992-06-02T00:00:00Z,0.513392984867096,0.5044639706611633
1992-06-03T00:00:00Z,0.5044639706611633,0.483258992433548
1992-06-04T00:00:00Z,0.484375,0.48660698533058167
1992-06-05T00:00:00Z,0.4888390004634857,0.48995500802993774
1992-06-08T00:00:00Z,0.4910709857940674,0.484375
1992-06-09T00:00:00Z,0.484375,0.48214301466941833
1992-06-10T00:00:00Z,0.48214301466941833,0.4799109995365143
1992-06-11T00:00:00Z,0.4799109995365143,0.4810270071029663
1992-06-12T00:00:00Z,0.48660698533058167,0.4877229928970337
1992-06-15T00:00:00Z,0.48214301466941833,0.469866007566452
1992-06-16T00:00:00Z,0.4620540142059326,0.43973198533058167
1992-06-17T00:00:00Z,0.4375,0.42410698533058167
1992-06-18T00:00:00Z,0.42410698533058167,0.40401801466941833
1992-06-19T00:00:00Z,0.4107140004634857,0.3995540142059326
1992-06-22T00:00:00Z,0.39285698533058167,0.3950890004634857
1992-06-23T00:00:00Z,0.4017859995365143,0.40401801466941833
1992-06-24T00:00:00Z,0.40625,0.4107140004634857
1992-06-25T00:00:00Z,0.4151790142059326,0.407366007566452
1992-06-26T00:00:00Z,0.40848198533058167,0.40401801466941833
1992-06-29T00:00:00Z,0.40848198533058167,0.4174109995365143
1992-06-30T00:00:00Z,0.4174109995365143,0.4285709857940674
1992-07-01T00:00:00Z,0.4285709857940674,0.4375
1992-07-02T00:00:00Z,0.4375,0.4129459857940674
1992-07-06T00:00:00Z,0.4151790142059326,0.4129459857940674
1992-07-07T00:00:00Z,0.4129459857940674,0.3950890004634857
1992-07-08T00:00:00Z,0.39285698533058167,0.40848198533058167
1992-07-09T00:00:00Z,0.4107140004634857,0.4095979928970337
1992-07-10T00:00:00Z,0.4107140004634857,0.40848198533058167
1992-07-13T00:00:00Z,0.40848198533058167,0.41964301466941833
1992-07-14T00:00:00Z,0.41964301466941833,0.42410698533058167
1992-07-15T00:00:00Z,0.42410698533058167,0.4285709857940674
1992-07-16T00:00:00Z,0.4263390004634857,0.43526801466941833
1992-07-17T00:00:00Z,0.4017859995365143,0.4017859995365143
1992-07-20T00:00:00Z,0.3995540142059326,0.3995540142059326
1992-07-21T00:00:00Z,0.40625,0.40848198533058167
1992-07-22T00:00:00Z,0.40401801466941833,0.3950890004634857
1992-07-23T00:00:00Z,0.3973209857940674,0.3995540142059326
1992-07-24T00:00:00Z,0.3973209857940674,0.4095979928970337
1992-07-27T00:00:00Z,0.40848198533058167,0.40401801466941833
1992-07-28T00:00:00Z,0.40625,0.4151790142059326
1992-07-29T00:00:00Z,0.41629499197006226,0.421875
1992-07-30T00:00:00Z,0.421875,0.421875
1992-07-31T00:00:00Z,0.421875,0.4174109995365143
1992-08-03T00:00:00Z,0.4174109995365143,0.40848198533058167
1992-08-04T00:00:00Z,0.4017859995365143,0.40625
1992-08-05T00:00:00Z,0.40625,0.3995540142059326
1992-08-06T00:00:00Z,0.3950890004634857,0.39285698533058167
1992-08-07T00:00:00Z,0.375,0.3872770071029663
1992-08-10T00:00:00Z,0.3861609995365143,0.3939729928970337
1992-08-11T00:00:00Z,0.3973209857940674,0.38839301466941833
1992-08-12T00:00:00Z,0.390625,0.3939729928970337
1992-08-13T00:00:00Z,0.3973209857940674,0.3995540142059326
1992-08-14T00:00:00Z,0.4017859995365143,0.3995540142059326
1992-08-17T00:00:00Z,0.3950890004634857,0.3995540142059326
1992-08-18T00:00:00Z,0.3973209857940674,0.3995540142059326
1992-08-19T00:00:00Z,0.3984380066394806,0.3973209857940674
1992-08-20T00:00:00Z,0.3995540142059326,0.3995540142059326
1992-08-21T00:00:00Z,0.3995540142059326,0.3984380066394806
1992-08-24T00:00:00Z,0.3950890004634857,0.3861609995365143
1992-08-25T00:00:00Z,0.3861609995365143,0.39620500802993774
1992-08-26T00:00:00Z,0.3950890004634857,0.3950890004634857
1992-08-27T00:00:00Z,0.3995540142059326,0.3973209857940674
1992-08-28T00:00:00Z,0.3950890004634857,0.4017859995365143
1992-08-31T00:00:00Z,0.4017859995365143,0.4107140004634857
1992-09-01T00:00:00Z,0.4129459857940674,0.4151790142059326
1992-09-02T00:00:00Z,0.4151790142059326,0.4330359995365143
1992-09-03T00:00:00Z,0.4375,0.4263390004634857
1992-09-04T00:00:00Z,0.4308040142059326,0.421875
1992-09-08T00:00:00Z,0.4174109995365143,0.4263390004634857
1992-09-09T00:00:00Z,0.4285709857940674,0.4375
1992-09-10T00:00:00Z,0.4285709857940674,0.43973198533058167
1992-09-11T00:00:00Z,0.4375,0.4252229928970337
1992-09-14T00:00:00Z,0.4375,0.4419640004634857
1992-09-15T00:00:00Z,0.43973198533058167,0.4308040142059326
1992-09-16T00:00:00Z,0.4263390004634857,0.41964301466941833
1992-09-17T00:00:00Z,0.421875,0.4107140004634857
1992-09-18T00:00:00Z,0.40848198533058167,0.4151790142059326
1992-09-21T00:00:00Z,0.4174109995365143,0.4151790142059326
1992-09-22T00:00:00Z,0.4174109995365143,0.40848198533058167
1992-09-23T00:00:00Z,0.4107140004634857,0.42410698533058167
1992-09-24T00:00:00Z,0.421875,0.4129459857940674
1992-09-25T00:00:00Z,0.4129459857940674,0.40625
1992-09-28T00:00:00Z,0.4017859995365143,0.3995540142059326
1992-09-29T00:00:00Z,0.3973209857940674,0.40066999197006226
1992-09-30T00:00:00Z,0.4017859995365143,0.4029020071029663
1992-10-01T00:00:00Z,0.3995540142059326,0.3950890004634857
1992-10-02T00:00:00Z,0.3973209857940674,0.390625
1992-10-05T00:00:00Z,0.3861609995365143,0.38839301466941833
1992-10-06T00:00:00Z,0.390625,0.3995540142059326
1992-10-07T00:00:00Z,0.4017859995365143,0.390625
1992-10-08T00:00:00Z,0.39285698533058167,0.38839301466941833
1992-10-09T00:00:00Z,0.38839301466941833,0.3872770071029663
1992-10-12T00:00:00Z,0.3861609995365143,0.39285698533058167
1992-10-13T00:00:00Z,0.3995540142059326,0.405133992433548
1992-10-14T00:00:00Z,0.40401801466941833,0.4107140004634857
1992-10-15T00:00:00Z,0.40848198533058167,0.40625
1992-10-16T00:00:00Z,0.4174109995365143,0.4375
1992-10-19T00:00:00Z,0.4375,0.4375
1992-10-20T00:00:00Z,0.4375,0.438616007566452
1992-10-21T00:00:00Z,0.43973198533058167,0.4330359995365143
1992-10-22T00:00:00Z,0.4330359995365143,0.43526801466941833
1992-10-23T00:00:00Z,0.43973198533058167,0.43526801466941833
1992-10-26T00:00:00Z,0.43526801466941833,0.4598209857940674
1992-10-27T00:00:00Z,0.4598209857940674,0.4598209857940674
1992-10-28T00:00:00Z,0.4575890004634857,0.46651801466941833
1992-10-29T00:00:00Z,0.46651801466941833,0.4754459857940674
1992-10-30T00:00:00Z,0.4776790142059326,0.46875
1992-11-02T00:00:00Z,0.46875,0.46651801466941833
1992-11-03T00:00:00Z,0.46875,0.4642859995365143
1992-11-04T00:00:00Z,0.4642859995365143,0.46875
1992-11-05T00:00:00Z,0.46875,0.4910709857940674
1992-11-06T00:00:00Z,0.4888390004634857,0.49776801466941833
1992-11-09T00:00:00Z,0.5,0.4933040142059326
1992-11-10T00:00:00Z,0.4910709857940674,0.502232015132904
1992-11-11T00:00:00Z,0.5044639706611633,0.5066959857940674
1992-11-12T00:00:00Z,0.5089290142059326,0.5078129768371582
1992-11-13T00:00:00Z,0.5089290142059326,0.502232015132904
1992-11-16T00:00:00Z,0.502232015132904,0.5122770071029663
1992-11-17T00:00:00Z,0.5111610293388367,0.4933040142059326
1992-11-18T00:00:00Z,0.5,0.515625
1992-11-19T00:00:00Z,0.515625,0.5200889706611633
1992-11-20T00:00:00Z,0.5223209857940674,0.513392984867096
1992-11-23T00:00:00Z,0.5044639706611633,0.5066959857940674
1992-11-24T00:00:00Z,0.5089290142059326,0.513392984867096
1992-11-25T00:00:00Z,0.5089290142059326,0.5044639706611633
1992-11-27T00:00:00Z,0.5044639706611633,0.5044639706611633
1992-11-30T00:00:00Z,0.502232015132904,0.513392984867096
1992-12-01T00:00:00Z,0.5111610293388367,0.5200889706611633
1992-12-02T00:00:00Z,0.5200889706611633,0.5111610293388367
1992-12-03T00:00:00Z,0.5044639706611633,0.513392984867096
1992-12-04T00:00:00Z,0.5111610293388367,0.5078129768371582
1992-12-07T00:00:00Z,0.5066959857940674,0.515625
1992-12-08T00:00:00Z,0.515625,0.5189729928970337
1992-12-09T00:00:00Z,0.515625,0.5145090222358704
1992-12-10T00:00:00Z,0.5111610293388367,0.5111610293388367
1992-12-11T00:00:00Z,0.5111610293388367,0.513392984867096
1992-12-14T00:00:00Z,0.513392984867096,0.5111610293388367
1992-12-15T00:00:00Z,0.5066959857940674,0.5033479928970337
1992-12-16T00:00:00Z,0.502232015132904,0.4910709857940674
1992-12-17T00:00:00Z,0.4933040142059326,0.5078129768371582
1992-12-18T00:00:00Z,0.513392984867096,0.5200889706611633
1992-12-21T00:00:00Z,0.5200889706611633,0.5323659777641296
1992-12-22T00:00:00Z,0.533482015132904,0.5412949919700623
1992-12-23T00:00:00Z,0.5379459857940674,0.533482015132904
1992-12-24T00:00:00Z,0.5357139706611633,0.5267860293388367
1992-12-28T00:00:00Z,0.529017984867096,0.53125
1992-12-29T00:00:00Z,0.53125,0.5323659777641296
1992-12-30T00:00:00Z,0.533482015132904,0.5245540142059326
1992-12-31T00:00:00Z,0.5245540142059326,0.533482015132904
1993-01-04T00:00:00Z,0.53125,0.5200889706611633
1993-01-05T00:00:00Z,0.517857015132904,0.529017984867096
1993-01-06T00:00:00Z,0.5424110293388367,0.5513389706611633
1993-01-07T00:00:00Z,0.5513389706611633,0.544642984867096
1993-01-08T00:00:00Z,0.5424110293388367,0.5558040142059326
1993-01-11T00:00:00Z,0.5535709857940674,0.5725449919700623
1993-01-12T00:00:00Z,0.560267984867096,0.549107015132904
1993-01-13T00:00:00Z,0.549107015132904,0.5669639706611633
1993-01-14T00:00:00Z,0.5714290142059326,0.580357015132904
1993-01-15T00:00:00Z,0.544642984867096,0.5379459857940674
1993-01-18T00:00:00Z,0.53125,0.53125
1993-01-19T00:00:00Z,0.533482015132904,0.533482015132904
1993-01-20T00:00:00Z,0.533482015132904,0.5357139706611633
1993-01-21T00:00:00Z,0.533482015132904,0.5357139706611633
1993-01-22T00:00:00Z,0.5379459857940674,0.53125
1993-01-25T00:00:00Z,0.529017984867096,0.5357139706611633
1993-01-26T00:00:00Z,0.5401790142059326,0.5424110293388367
1993-01-27T00:00:00Z,0.544642984867096,0.5379459857940674
1993-01-28T00:00:00Z,0.5357139706611633,0.5345979928970337
1993-01-29T00:00:00Z,0.5379459857940674,0.53125
1993-02-01T00:00:00Z,0.529017984867096,0.546875
1993-02-02T00:00:00Z,0.5424110293388367,0.5379459857940674
1993-02-03T00:00:00Z,0.544642984867096,0.5357139706611633
1993-02-04T00:00:00Z,0.5357139706611633,0.53125
1993-02-05T00:00:00Z,0.529017984867096,0.5111610293388367
1993-02-08T00:00:00Z,0.5089290142059326,0.5044639706611633
1993-02-09T00:00:00Z,0.5089290142059326,0.5078129768371582
1993-02-10T00:00:00Z,0.5089290142059326,0.49776801466941833
1993-02-11T00:00:00Z,0.49776801466941833,0.4921880066394806
1993-02-12T00:00:00Z,0.4910709857940674,0.4810270071029663
1993-02-16T00:00:00Z,0.4776790142059326,0.4732140004634857
1993-02-17T00:00:00Z,0.4754459857940674,0.4810270071029663
1993-02-18T00:00:00Z,0.4910709857940674,0.4910709857940674
1993-02-19T00:00:00Z,0.4933040142059326,0.4910709857940674
1993-02-22T00:00:00Z,0.4910709857940674,0.4921880066394806
1993-02-23T00:00:00Z,0.4910709857940674,0.484375
1993-02-24T00:00:00Z,0.4654020071029663,0.47879499197006226
1993-02-25T00:00:00Z,0.4754459857940674,0.4888390004634857
1993-02-26T00:00:00Z,0.484375,0.4732140004634857
1993-03-01T00:00:00Z,0.4732140004634857,0.4754459857940674
1993-03-02T00:00:00Z,0.4732140004634857,0.484375
1993-03-03T00:00:00Z,0.48214301466941833,0.4877229928970337
1993-03-04T00:00:00Z,0.48660698533058167,0.4910709857940674
1993-03-05T00:00:00Z,0.4888390004634857,0.4910709857940674
1993-03-08T00:00:00Z,0.4910709857940674,0.5044639706611633
1993-03-09T00:00:00Z,0.5044639706611633,0.5066959857940674
1993-03-10T00:00:00Z,0.5066959857940674,0.5066959857940674
1993-03-11T00:00:00Z,0.5089290142059326,0.5078129768371582
1993-03-12T00:00:00Z,0.5066959857940674,0.502232015132904
1993-03-15T00:00:00Z,0.5,0.5089290142059326
1993-03-16T00:00:00Z,0.5111610293388367,0.5044639706611633
1993-03-17T00:00:00Z,0.5044639706611633,0.4921880066394806
1993-03-18T00:00:00Z,0.4910709857940674,0.48660698533058167
1993-03-19T00:00:00Z,0.4910709857940674,0.4799109995365143
1993-03-22T00:00:00Z,0.4776790142059326,0.4754459857940674
1993-03-23T00:00:00Z,0.4754459857940674,0.47098198533058167
1993-03-24T00:00:00Z,0.47098198533058167,0.4799109995365143
1993-03-25T00:00:00Z,0.4799109995365143,0.4888390004634857
1993-03-26T00:00:00Z,0.4888390004634857,0.4754459857940674
1993-03-29T00:00:00Z,0.46651801466941833,0.45535698533058167
1993-03-30T00:00:00Z,0.4564729928970337,0.46651801466941833
1993-03-31T00:00:00Z,0.46875,0.4598209857940674
1993-04-01T00:00:00Z,0.4575890004634857,0.4620540142059326
1993-04-02T00:00:00Z,0.45089301466941833,0.44754499197006226
1993-04-05T00:00:00Z,0.4464290142059326,0.4464290142059326
1993-04-06T00:00:00Z,0.4464290142059326,0.43526801466941833
1993-04-07T00:00:00Z,0.4375,0.45089301466941833
1993-04-08T00:00:00Z,0.4464290142059326,0.4441959857940674
1993-04-12T00:00:00Z,0.4419640004634857,0.4464290142059326
1993-04-13T00:00:00Z,0.45089301466941833,0.4330359995365143
1993-04-14T00:00:00Z,0.4308040142059326,0.43526801466941833
1993-04-15T00:00:00Z,0.4308040142059326,0.421875
1993-04-16T00:00:00Z,0.4308040142059326,0.4296880066394806
1993-04-19T00:00:00Z,0.4330359995365143,0.4330359995365143
1993-04-20T00:00:00Z,0.43526801466941833,0.4464290142059326
1993-04-21T00:00:00Z,0.4486609995365143,0.44308000802993774
1993-04-22T00:00:00Z,0.43973198533058167,0.4464290142059326
1993-04-23T00:00:00Z,0.4441959857940674,0.43973198533058167
1993-04-26T00:00:00Z,0.43973198533058167,0.4375
1993-04-27T00:00:00Z,0.43526801466941833,0.4486609995365143
1993-04-28T00:00:00Z,0.4441959857940674,0.45870500802993774
1993-04-29T00:00:00Z,0.4598209857940674,0.453125
1993-04-30T00:00:00Z,0.453125,0.4575890004634857
1993-05-03T00:00:00Z,0.4575890004634857,0.46316999197006226
1993-05-04T00:00:00Z,0.46651801466941833,0.4765630066394806
1993-05-05T00:00:00Z,0.4732140004634857,0.48660698533058167
1993-05-06T00:00:00Z,0.48660698533058167,0.4799109995365143
1993-05-07T00:00:00Z,0.4776790142059326,0.4888390004634857
1993-05-10T00:00:00Z,0.4910709857940674,0.4910709857940674
1993-05-11T00:00:00Z,0.4910709857940674,0.48660698533058167
1993-05-12T00:00:00Z,0.484375,0.4754459857940674
1993-05-13T00:00:00Z,0.4776790142059326,0.4955359995365143
1993-05-14T00:00:00Z,0.4933040142059326,0.4955359995365143
1993-05-17T00:00:00Z,0.4955359995365143,0.49776801466941833
1993-05-18T00:00:00Z,0.4955359995365143,0.4955359995365143
1993-05-19T00:00:00Z,0.4888390004634857,0.5111610293388367
1993-05-20T00:00:00Z,0.5111610293388367,0.5245540142059326
1993-05-21T00:00:00Z,0.5245540142059326,0.513392984867096
1993-05-24T00:00:00Z,0.5066959857940674,0.5145090222358704
1993-05-25T00:00:00Z,0.5066959857940674,0.5033479928970337
1993-05-26T00:00:00Z,0.5,0.515625
1993-05-27T00:00:00Z,0.515625,0.513392984867096
1993-05-28T00:00:00Z,0.5089290142059326,0.5055800080299377
1993-06-01T00:00:00Z,0.5044639706611633,0.5089290142059326
1993-06-02T00:00:00Z,0.5066959857940674,0.5089290142059326
1993-06-03T00:00:00Z,0.5089290142059326,0.5033479928970337
1993-06-04T00:00:00Z,0.49776801466941833,0.48995500802993774
1993-06-07T00:00:00Z,0.48660698533058167,0.453125
1993-06-08T00:00:00Z,0.43526801466941833,0.4419640004634857
1993-06-09T00:00:00Z,0.4017859995365143,0.3950890004634857
1993-06-10T00:00:00Z,0.38839301466941833,0.3973209857940674
1993-06-11T00:00:00Z,0.4017859995365143,0.390625
1993-06-14T00:00:00Z,0.39285698533058167,0.3984380066394806
1993-06-15T00:00:00Z,0.40401801466941833,0.375
1993-06-16T00:00:00Z,0.37723198533058167,0.37723198533058167
1993-06-17T00:00:00Z,0.3794640004634857,0.3683040142059326
1993-06-18T00:00:00Z,0.3716520071029663,0.3660709857940674
1993-06-21T00:00:00Z,0.36160698533058167,0.35379499197006226
1993-06-22T00:00:00Z,0.36495500802993774,0.36941999197006226
1993-06-23T00:00:00Z,0.37276801466941833,0.36160698533058167
1993-06-24T00:00:00Z,0.36160698533058167,0.37276801466941833
1993-06-25T00:00:00Z,0.360491007566452,0.35714301466941833
1993-06-28T00:00:00Z,0.36160698533058167,0.358258992433548
1993-06-29T00:00:00Z,0.359375,0.3482140004634857
1993-06-30T00:00:00Z,0.34598198533058167,0.3526790142059326
1993-07-01T00:00:00Z,0.3482140004634857,0.3392859995365143
1993-07-02T00:00:00Z,0.34151801466941833,0.34375
1993-07-06T00:00:00Z,0.34151801466941833,0.3370540142059326
1993-07-07T00:00:00Z,0.3348209857940674,0.32589301466941833
1993-07-08T00:00:00Z,0.32589301466941833,0.32589301466941833
1993-07-09T00:00:00Z,0.33035698533058167,0.328125
1993-07-12T00:00:00Z,0.328125,0.3392859995365143
1993-07-13T00:00:00Z,0.34598198533058167,0.3325890004634857
1993-07-14T00:00:00Z,0.328125,0.3325890004634857
1993-07-15T00:00:00Z,0.3325890004634857,0.3191959857940674
1993-07-16T00:00:00Z,0.2544640004634857,0.24553599953651428
1993-07-19T00:00:00Z,0.25,0.22879500687122345
1993-07-20T00:00:00Z,0.234375,0.23995499312877655
1993-07-21T00:00:00Z,0.23214299976825714,0.234375
1993-07-22T00:00:00Z,0.23214299976825714,0.23660700023174286
1993-07-23T00:00:00Z,0.24107100069522858,0.234375
1993-07-26T00:00:00Z,0.23883900046348572,0.23995499312877655
1993-07-27T00:00:00Z,0.23883900046348572,0.23660700023174286
1993-07-28T00:00:00Z,0.234375,0.23995499312877655
1993-07-29T00:00:00Z,0.24107100069522858,0.24330399930477142
1993-07-30T00:00:00Z,0.24553599953651428,0.24776799976825714
1993-08-02T00:00:00Z,0.25223198533058167,0.2544640004634857
1993-08-03T00:00:00Z,0.2589290142059326,0.2589290142059326
1993-08-04T00:00:00Z,0.2611609995365143,0.2700890004634857
1993-08-05T00:00:00Z,0.2745540142059326,0.26339301466941833
1993-08-06T00:00:00Z,0.2611609995365143,0.2611609995365143
1993-08-09T00:00:00Z,0.2611609995365143,0.265625
1993-08-10T00:00:00Z,0.26339301466941833,0.2544640004634857
1993-08-11T00:00:00Z,0.2544640004634857,0.24553599953651428
1993-08-12T00:00:00Z,0.24553599953651428,0.23660700023174286
1993-08-13T00:00:00Z,0.23660700023174286,0.24442000687122345
1993-08-16T00:00:00Z,0.24553599953651428,0.24553599953651428
1993-08-17T00:00:00Z,0.24776799976825714,0.2533479928970337
1993-08-18T00:00:00Z,0.2589290142059326,0.2544640004634857
1993-08-19T00:00:00Z,0.2566959857940674,0.24553599953651428
1993-08-20T00:00:00Z,0.24776799976825714,0.25
1993-08-23T00:00:00Z,0.25,0.2533479928970337
1993-08-24T00:00:00Z,0.25223198533058167,0.25
1993-08-25T00:00:00Z,0.25,0.24330399930477142
1993-08-26T00:00:00Z,0.24330399930477142,0.23995499312877655
1993-08-27T00:00:00Z,0.24107100069522858,0.23660700023174286
1993-08-30T00:00:00Z,0.23660700023174286,0.23214299976825714
1993-08-31T00:00:00Z,0.23660700023174286,0.23660700023174286
1993-09-01T00:00:00Z,0.23660700023174286,0.23325900733470917
1993-09-02T00:00:00Z,0.23214299976825714,0.22991099953651428
1993-09-03T00:00:00Z,0.23214299976825714,0.22991099953651428
1993-09-07T00:00:00Z,0.23214299976825714,0.234375
1993-09-08T00:00:00Z,0.234375,0.23883900046348572
1993-09-09T00:00:00Z,0.23883900046348572,0.23214299976825714
1993-09-10T00:00:00Z,0.234375,0.234375
1993-09-13T00:00:00Z,0.234375,0.22544600069522858
1993-09-14T00:00:00Z,0.21651799976825714,0.21651799976825714
1993-09-15T00:00:00Z,0.21875,0.21875
1993-09-16T00:00:00Z,0.21651799976825714,0.22098200023174286
1993-09-17T00:00:00Z,0.21763400733470917,0.22544600069522858
1993-09-20T00:00:00Z,0.22544600069522858,0.2220979928970337
1993-09-21T00:00:00Z,0.22098200023174286,0.21875
1993-09-22T00:00:00Z,0.21651799976825714,0.22767899930477142
1993-09-23T00:00:00Z,0.22767899930477142,0.22098200023174286
1993-09-24T00:00:00Z,0.22321400046348572,0.22321400046348572
1993-09-27T00:00:00Z,0.22321400046348572,0.22098200023174286
1993-09-28T00:00:00Z,0.22098200023174286,0.22098200023174286
1993-09-29T00:00:00Z,0.21651799976825714,0.21317000687122345
1993-09-30T00:00:00Z,0.21428599953651428,0.20870499312877655
1993-10-01T00:00:00Z,0.203125,0.203125
1993-10-04T00:00:00Z,0.20200900733470917,0.203125
1993-10-05T00:00:00Z,0.20535700023174286,0.20982100069522858
1993-10-06T00:00:00Z,0.21205399930477142,0.2109380066394806
1993-10-07T00:00:00Z,0.20982100069522858,0.20535700023174286
1993-10-08T00:00:00Z,0.20758900046348572,0.20200900733470917
1993-10-11T00:00:00Z,0.203125,0.21205399930477142
1993-10-12T00:00:00Z,0.21428599953651428,0.21428599953651428
1993-10-13T00:00:00Z,0.21651799976825714,0.21428599953651428
1993-10-14T00:00:00Z,0.21428599953651428,0.21205399930477142
1993-10-15T00:00:00Z,0.24776799976825714,0.25223198533058167
1993-10-18T00:00:00Z,0.25,0.2533479928970337
1993-10-19T00:00:00Z,0.25223198533058167,0.24776799976825714
1993-10-20T00:00:00Z,0.25,0.24776799976825714
1993-10-21T00:00:00Z,0.24553599953651428,0.2700890004634857
1993-10-22T00:00:00Z,0.2723209857940674,0.2700890004634857
1993-10-25T00:00:00Z,0.2700890004634857,0.26785698533058167
1993-10-26T00:00:00Z,0.265625,0.265625
1993-10-27T00:00:00Z,0.26785698533058167,0.28348198533058167
1993-10-28T00:00:00Z,0.28348198533058167,0.2767859995365143
1993-10-29T00:00:00Z,0.2767859995365143,0.2745540142059326
1993-11-01T00:00:00Z,0.2745540142059326,0.28125
1993-11-02T00:00:00Z,0.27901801466941833,0.2924109995365143
1993-11-03T00:00:00Z,0.29464301466941833,0.282366007566452
1993-11-04T00:00:00Z,0.28125,0.2879459857940674
1993-11-05T00:00:00Z,0.2845979928970337,0.2845979928970337
1993-11-08T00:00:00Z,0.2857140004634857,0.2745540142059326
1993-11-09T00:00:00Z,0.2767859995365143,0.2689729928970337
1993-11-10T00:00:00Z,0.2700890004634857,0.2745540142059326
1993-11-11T00:00:00Z,0.2745540142059326,0.280133992433548
1993-11-12T00:00:00Z,0.28125,0.28348198533058167
1993-11-15T00:00:00Z,0.28125,0.2857140004634857
1993-11-16T00:00:00Z,0.2857140004634857,0.3035709857940674
1993-11-17T00:00:00Z,0.3035709857940674,0.29910698533058167
1993-11-18T00:00:00Z,0.29910698533058167,0.29910698533058167
1993-11-19T00:00:00Z,0.29464301466941833,0.29464301466941833
1993-11-22T00:00:00Z,0.2924109995365143,0.2901790142059326
1993-11-23T00:00:00Z,0.2901790142059326,0.29464301466941833
1993-11-24T00:00:00Z,0.2924109995365143,0.29464301466941833
1993-11-26T00:00:00Z,0.2924109995365143,0.29129499197006226
1993-11-29T00:00:00Z,0.2879459857940674,0.28348198533058167
1993-11-30T00:00:00Z,0.28348198533058167,0.28125
1993-12-01T00:00:00Z,0.2857140004634857,0.28125
1993-12-02T00:00:00Z,0.28348198533058167,0.28348198533058167
1993-12-03T00:00:00Z,0.28348198533058167,0.28125
1993-12-06T00:00:00Z,0.28125,0.2879459857940674
1993-12-07T00:00:00Z,0.2857140004634857,0.2879459857940674
1993-12-08T00:00:00Z,0.2857140004634857,0.2845979928970337
1993-12-09T00:00:00Z,0.28348198533058167,0.26785698533058167
1993-12-10T00:00:00Z,0.2700890004634857,0.25223198533058167
1993-12-13T00:00:00Z,0.25223198533058167,0.26339301466941833
1993-12-14T00:00:00Z,0.2611609995365143,0.26004499197006226
1993-12-15T00:00:00Z,0.2589290142059326,0.265625
1993-12-16T00:00:00Z,0.26339301466941833,0.2622770071029663
1993-12-17T00:00:00Z,0.26339301466941833,0.26339301466941833
1993-12-20T00:00:00Z,0.2611609995365143,0.2544640004634857
1993-12-21T00:00:00Z,0.2544640004634857,0.24553599953651428
1993-12-22T00:00:00Z,0.24330399930477142,0.25
1993-12-23T00:00:00Z,0.24330399930477142,0.24330399930477142
1993-12-27T00:00:00Z,0.24776799976825714,0.2544640004634857
1993-12-28T00:00:00Z,0.2566959857940674,0.26004499197006226
1993-12-29T00:00:00Z,0.2611609995365143,0.2544640004634857
1993-12-30T00:00:00Z,0.2544640004634857,0.265625
1993-12-31T00:00:00Z,0.265625,0.2611609995365143
1994-01-03T00:00:00Z,0.26339301466941833,0.266741007566452
1994-01-04T00:00:00Z,0.2700890004634857,0.28125
1994-01-05T00:00:00Z,0.28348198533058167,0.3013390004634857
1994-01-06T00:00:00Z,0.3013390004634857,0.2924109995365143
1994-01-07T00:00:00Z,0.2857140004634857,0.295758992433548
1994-01-10T00:00:00Z,0.29464301466941833,0.3002229928970337
1994-01-11T00:00:00Z,0.29910698533058167,0.2845979928970337
1994-01-12T00:00:00Z,0.2879459857940674,0.2723209857940674
1994-01-13T00:00:00Z,0.26785698533058167,0.2734380066394806
1994-01-14T00:00:00Z,0.2745540142059326,0.2767859995365143
1994-01-17T00:00:00Z,0.2767859995365143,0.27120500802993774
1994-01-18T00:00:00Z,0.2700890004634857,0.2622770071029663
1994-01-19T00:00:00Z,0.2611609995365143,0.2611609995365143
1994-01-20T00:00:00Z,0.26339301466941833,0.266741007566452
1994-01-21T00:00:00Z,0.296875,0.297991007566452
1994-01-24T00:00:00Z,0.296875,0.3125
1994-01-25T00:00:00Z,0.31026801466941833,0.30245500802993774
1994-01-26T00:00:00Z,0.3013390004634857,0.29910698533058167
1994-01-27T00:00:00Z,0.29910698533058167,0.3046880066394806
1994-01-28T00:00:00Z,0.3058040142059326,0.3035709857940674
1994-01-31T00:00:00Z,0.29910698533058167,0.2924109995365143
1994-02-01T00:00:00Z,0.29464301466941833,0.296875
1994-02-02T00:00:00Z,0.296875,0.29464301466941833
1994-02-03T00:00:00Z,0.29464301466941833,0.29910698533058167
1994-02-04T00:00:00Z,0.29910698533058167,0.29910698533058167
1994-02-07T00:00:00Z,0.29910698533058167,0.32589301466941833
1994-02-08T00:00:00Z,0.3214290142059326,0.3191959857940674
1994-02-09T00:00:00Z,0.3191959857940674,0.3236609995365143
1994-02-10T00:00:00Z,0.3236609995365143,0.32589301466941833
1994-02-11T00:00:00Z,0.3236609995365143,0.33035698533058167
1994-02-14T00:00:00Z,0.33035698533058167,0.33035698533058167
1994-02-15T00:00:00Z,0.328125,0.3314729928970337
1994-02-16T00:00:00Z,0.3348209857940674,0.328125
1994-02-17T00:00:00Z,0.3325890004634857,0.33035698533058167
1994-02-18T00:00:00Z,0.32589301466941833,0.3236609995365143
1994-02-22T00:00:00Z,0.3236609995365143,0.3325890004634857
1994-02-23T00:00:00Z,0.3325890004634857,0.3325890004634857
1994-02-24T00:00:00Z,0.33035698533058167,0.327008992433548
1994-02-25T00:00:00Z,0.33035698533058167,0.3214290142059326
1994-02-28T00:00:00Z,0.3236609995365143,0.32589301466941833
1994-03-01T00:00:00Z,0.328125,0.3236609995365143
1994-03-02T00:00:00Z,0.31473198533058167,0.31808000802993774
1994-03-03T00:00:00Z,0.3191959857940674,0.3191959857940674
1994-03-04T00:00:00Z,0.3214290142059326,0.328125
1994-03-07T00:00:00Z,0.33035698533058167,0.33816999197006226
1994-03-08T00:00:00Z,0.3392859995365143,0.33035698533058167
1994-03-09T00:00:00Z,0.327008992433548,0.3348209857940674
1994-03-10T00:00:00Z,0.3325890004634857,0.3325890004634857
1994-03-11T00:00:00Z,0.33035698533058167,0.3325890004634857
1994-03-14T00:00:00Z,0.34375,0.3404020071029663
1994-03-15T00:00:00Z,0.34151801466941833,0.3359380066394806
1994-03-16T00:00:00Z,0.3348209857940674,0.328125
1994-03-17T00:00:00Z,0.328125,0.32589301466941833
1994-03-18T00:00:00Z,0.328125,0.3247770071029663
1994-03-21T00:00:00Z,0.3247770071029663,0.3169640004634857
1994-03-22T00:00:00Z,0.31473198533058167,0.3125
1994-03-23T00:00:00Z,0.31473198533058167,0.313616007566452
1994-03-24T00:00:00Z,0.313616007566452,0.3091520071029663
1994-03-25T00:00:00Z,0.31026801466941833,0.2924109995365143
1994-03-28T00:00:00Z,0.29464301466941833,0.296875
1994-03-29T00:00:00Z,0.296875,0.2924109995365143
1994-03-30T00:00:00Z,0.2901790142059326,0.2901790142059326
1994-03-31T00:00:00Z,0.2901790142059326,0.296875
1994-04-04T00:00:00Z,0.2879459857940674,0.296875
1994-04-05T00:00:00Z,0.3013390004634857,0.29910698533058167
1994-04-06T00:00:00Z,0.3035709857940674,0.29910698533058167
1994-04-07T00:00:00Z,0.29910698533058167,0.297991007566452
1994-04-08T00:00:00Z,0.3013390004634857,0.29910698533058167
1994-04-11T00:00:00Z,0.29910698533058167,0.29910698533058167
1994-04-12T00:00:00Z,0.297991007566452,0.2857140004634857
1994-04-13T00:00:00Z,0.2879459857940674,0.28348198533058167
1994-04-14T00:00:00Z,0.2723209857940674,0.28125
1994-04-15T00:00:00Z,0.27901801466941833,0.2700890004634857
1994-04-18T00:00:00Z,0.2723209857940674,0.264508992433548
1994-04-19T00:00:00Z,0.265625,0.2589290142059326
1994-04-20T00:00:00Z,0.2611609995365143,0.25223198533058167
1994-04-21T00:00:00Z,0.2544640004634857,0.264508992433548
1994-04-22T00:00:00Z,0.27901801466941833,0.265625
1994-04-25T00:00:00Z,0.265625,0.2767859995365143
1994-04-26T00:00:00Z,0.28125,0.27901801466941833
1994-04-28T00:00:00Z,0.2767859995365143,0.2700890004634857
1994-04-29T00:00:00Z,0.26785698533058167,0.26785698533058167
1994-05-02T00:00:00Z,0.26785698533058167,0.2767859995365143
1994-05-03T00:00:00Z,0.2767859995365143,0.2700890004634857
1994-05-04T00:00:00Z,0.2767859995365143,0.29464301466941833
1994-05-05T00:00:00Z,0.296875,0.2935270071029663
1994-05-06T00:00:00Z,0.2879459857940674,0.2885040044784546
1994-05-09T00:00:00Z,0.2879459857940674,0.27901801466941833
1994-05-10T00:00:00Z,0.28348198533058167,0.2767859995365143
1994-05-11T00:00:00Z,0.2767859995365143,0.2700890004634857
1994-05-12T00:00:00Z,0.2723209857940674,0.2650670111179352
1994-05-13T00:00:00Z,0.265625,0.26785698533058167
1994-05-16T00:00:00Z,0.26785698533058167,0.26339301466941833
1994-05-17T00:00:00Z,0.265625,0.2622770071029663
1994-05-18T00:00:00Z,0.265625,0.2734380066394806
1994-05-19T00:00:00Z,0.2745540142059326,0.28683000802993774
1994-05-20T00:00:00Z,0.28348198533058167,0.2773439884185791
1994-05-23T00:00:00Z,0.2767859995365143,0.2723209857940674
1994-05-24T00:00:00Z,0.2767859995365143,0.2745540142059326
1994-05-25T00:00:00Z,0.2700890004634857,0.27901801466941833
1994-05-26T00:00:00Z,0.28125,0.2723209857940674
1994-05-27T00:00:00Z,0.2700890004634857,0.26729899644851685
1994-05-31T00:00:00Z,0.26339301466941833,0.2611609995365143
1994-06-01T00:00:00Z,0.2544640004634857,0.25223198533058167
1994-06-02T00:00:00Z,0.2533479928970337,0.24442000687122345
1994-06-03T00:00:00Z,0.2421880066394806,0.2466520071029663
1994-06-06T00:00:00Z,0.24553599953651428,0.24442000687122345
1994-06-07T00:00:00Z,0.24330399930477142,0.24553599953651428
1994-06-08T00:00:00Z,0.24553599953651428,0.23325900733470917
1994-06-09T00:00:00Z,0.22879500687122345,0.24107100069522858
1994-06-10T00:00:00Z,0.2421880066394806,0.23660700023174286
1994-06-13T00:00:00Z,0.23549099266529083,0.24107100069522858
1994-06-14T00:00:00Z,0.24330399930477142,0.2416290044784546
1994-06-15T00:00:00Z,0.24107100069522858,0.24832600355148315
1994-06-16T00:00:00Z,0.24776799976825714,0.23549099266529083
1994-06-17T00:00:00Z,0.23214299976825714,0.23660700023174286
1994-06-20T00:00:00Z,0.234375,0.2421880066394806
1994-06-21T00:00:00Z,0.23995499312877655,0.23214299976825714
1994-06-22T00:00:00Z,0.234375,0.234375
1994-06-23T00:00:00Z,0.234375,0.22432999312877655
1994-06-24T00:00:00Z,0.22432999312877655,0.22865499556064606
1994-06-27T00:00:00Z,0.22544600069522858,0.234375
1994-06-28T00:00:00Z,0.234375,0.23883900046348572
1994-06-29T00:00:00Z,0.23883900046348572,0.23325900733470917
1994-06-30T00:00:00Z,0.234375,0.23660700023174286
1994-07-01T00:00:00Z,0.23549099266529083,0.22991099953651428
1994-07-05T00:00:00Z,0.22879500687122345,0.23660700023174286
1994-07-06T00:00:00Z,0.234375,0.23325900733470917
1994-07-07T00:00:00Z,0.2310270071029663,0.23939700424671173
1994-07-08T00:00:00Z,0.23660700023174286,0.2416290044784546
1994-07-11T00:00:00Z,0.2421880066394806,0.24107100069522858
1994-07-12T00:00:00Z,0.24107100069522858,0.2533479928970337
1994-07-13T00:00:00Z,0.2544640004634857,0.2650670111179352
1994-07-14T00:00:00Z,0.264508992433548,0.25558000802993774
1994-07-15T00:00:00Z,0.25209298729896545,0.25223198533058167
1994-07-18T00:00:00Z,0.251116007566452,0.2533479928970337
1994-07-19T00:00:00Z,0.25558000802993774,0.24720999598503113
1994-07-20T00:00:00Z,0.24442000687122345,0.2377229928970337
1994-07-21T00:00:00Z,0.2377229928970337,0.25
1994-07-22T00:00:00Z,0.282366007566452,0.2767859995365143
1994-07-25T00:00:00Z,0.2779020071029663,0.28292399644851685
1994-07-26T00:00:00Z,0.28348198533058167,0.280133992433548
1994-07-27T00:00:00Z,0.27901801466941833,0.2773439884185791
1994-07-28T00:00:00Z,0.2767859995365143,0.2845979928970337
1994-07-29T00:00:00Z,0.2845979928970337,0.3007810115814209
1994-08-01T00:00:00Z,0.3002229928970337,0.297991007566452
1994-08-02T00:00:00Z,0.29910698533058167,0.29073700308799744
1994-08-03T00:00:00Z,0.2924109995365143,0.295758992433548
1994-08-04T00:00:00Z,0.295758992433548,0.296875
1994-08-05T00:00:00Z,0.2935270071029663,0.296875
1994-08-08T00:00:00Z,0.295758992433548,0.3013390004634857
1994-08-09T00:00:00Z,0.29910698533058167,0.3002229928970337
1994-08-10T00:00:00Z,0.3002229928970337,0.3091520071029663
1994-08-11T00:00:00Z,0.3058040142059326,0.30636200308799744
1994-08-12T00:00:00Z,0.30691999197006226,0.31026801466941833
1994-08-15T00:00:00Z,0.31026801466941833,0.3091520071029663
1994-08-16T00:00:00Z,0.30691999197006226,0.31026801466941833
1994-08-17T00:00:00Z,0.311383992433548,0.3125
1994-08-18T00:00:00Z,0.31026801466941833,0.3091520071029663
1994-08-19T00:00:00Z,0.31026801466941833,0.311383992433548
1994-08-22T00:00:00Z,0.31026801466941833,0.311383992433548
1994-08-23T00:00:00Z,0.311383992433548,0.3125
1994-08-24T00:00:00Z,0.31026801466941833,0.311383992433548
1994-08-25T00:00:00Z,0.3058040142059326,0.3130579888820648
1994-08-26T00:00:00Z,0.31473198533058167,0.3191959857940674
1994-08-29T00:00:00Z,0.3191959857940674,0.3158479928970337
1994-08-30T00:00:00Z,0.31473198533058167,0.3236609995365143
1994-08-31T00:00:00Z,0.3214290142059326,0.32310301065444946
1994-09-01T00:00:00Z,0.3158479928970337,0.3125
1994-09-02T00:00:00Z,0.31473198533058167,0.3158479928970337
1994-09-06T00:00:00Z,0.31473198533058167,0.31752198934555054
1994-09-07T00:00:00Z,0.31808000802993774,0.32254499197006226
1994-09-08T00:00:00Z,0.3214290142059326,0.32254499197006226
1994-09-09T00:00:00Z,0.3191959857940674,0.3191959857940674
1994-09-12T00:00:00Z,0.31808000802993774,0.3191959857940674
1994-09-13T00:00:00Z,0.3191959857940674,0.3197540044784546
1994-09-14T00:00:00Z,0.31808000802993774,0.313616007566452
1994-09-15T00:00:00Z,0.313616007566452,0.3214290142059326
1994-09-16T00:00:00Z,0.3203130066394806,0.3247770071029663
1994-09-19T00:00:00Z,0.3247770071029663,0.3169640004634857
1994-09-20T00:00:00Z,0.313616007566452,0.3085939884185791
1994-09-21T00:00:00Z,0.3080359995365143,0.3046880066394806
1994-09-22T00:00:00Z,0.3058040142059326,0.30245500802993774
1994-09-23T00:00:00Z,0.30245500802993774,0.30301299691200256
1994-09-26T00:00:00Z,0.30245500802993774,0.30301299691200256
1994-09-27T00:00:00Z,0.3013390004634857,0.30245500802993774
1994-09-28T00:00:00Z,0.3035709857940674,0.30245500802993774
1994-09-29T00:00:00Z,0.3013390004634857,0.3046880066394806
1994-09-30T00:00:00Z,0.3046880066394806,0.3007810115814209
1994-10-03T00:00:00Z,0.3002229928970337,0.295758992433548
1994-10-04T00:00:00Z,0.296875,0.3013390004634857
1994-10-05T00:00:00Z,0.3002229928970337,0.33816999197006226
1994-10-06T00:00:00Z,0.33370500802993774,0.3236609995365143
1994-10-07T00:00:00Z,0.32254499197006226,0.33035698533058167
1994-10-10T00:00:00Z,0.3314729928970337,0.3470979928970337
1994-10-11T00:00:00Z,0.36941999197006226,0.35379499197006226
1994-10-12T00:00:00Z,0.35379499197006226,0.376116007566452
1994-10-13T00:00:00Z,0.38058000802993774,0.3671880066394806
1994-10-14T00:00:00Z,0.3705359995365143,0.3671880066394806
1994-10-17T00:00:00Z,0.36495500802993774,0.3549109995365143
1994-10-18T00:00:00Z,0.3627229928970337,0.3683040142059326
1994-10-19T00:00:00Z,0.3660709857940674,0.3683040142059326
1994-10-20T00:00:00Z,0.3683040142059326,0.3660709857940674
1994-10-21T00:00:00Z,0.3638390004634857,0.38058000802993774
1994-10-24T00:00:00Z,0.3816959857940674,0.37723198533058167
1994-10-25T00:00:00Z,0.3716520071029663,0.38058000802993774
1994-10-26T00:00:00Z,0.38058000802993774,0.3861609995365143
1994-10-27T00:00:00Z,0.3861609995365143,0.3816959857940674
1994-10-28T00:00:00Z,0.3783479928970337,0.376116007566452
1994-10-31T00:00:00Z,0.375,0.38560301065444946
1994-11-01T00:00:00Z,0.3828130066394806,0.38504499197006226
1994-11-02T00:00:00Z,0.38504499197006226,0.36941999197006226
1994-11-03T00:00:00Z,0.37276801466941833,0.3705359995365143
1994-11-04T00:00:00Z,0.3705359995365143,0.360491007566452
1994-11-07T00:00:00Z,0.360491007566452,0.3638390004634857
1994-11-08T00:00:00Z,0.3627229928970337,0.37723198533058167
1994-11-09T00:00:00Z,0.3816959857940674,0.3716520071029663
1994-11-10T00:00:00Z,0.37276801466941833,0.36886200308799744
1994-11-11T00:00:00Z,0.3683040142059326,0.3671880066394806
1994-11-14T00:00:00Z,0.3683040142059326,0.3794640004634857
1994-11-15T00:00:00Z,0.3794640004634857,0.36941999197006226
1994-11-16T00:00:00Z,0.3638390004634857,0.36551299691200256
1994-11-17T00:00:00Z,0.36495500802993774,0.35714301466941833
1994-11-18T00:00:00Z,0.35714301466941833,0.35714301466941833
1994-11-21T00:00:00Z,0.35714301466941833,0.3404020071029663
1994-11-22T00:00:00Z,0.3370540142059326,0.33370500802993774
1994-11-23T00:00:00Z,0.33035698533058167,0.329241007566452
1994-11-25T00:00:00Z,0.329241007566452,0.3370540142059326
1994-11-28T00:00:00Z,0.3359380066394806,0.33761200308799744
1994-11-29T00:00:00Z,0.3392859995365143,0.34151801466941833
1994-11-30T00:00:00Z,0.342633992433548,0.3325890004634857
1994-12-01T00:00:00Z,0.33035698533058167,0.32310301065444946
1994-12-02T00:00:00Z,0.32589301466941833,0.32645100355148315
1994-12-05T00:00:00Z,0.32589301466941833,0.3320310115814209
1994-12-06T00:00:00Z,0.33035698533058167,0.3353790044784546
1994-12-07T00:00:00Z,0.3348209857940674,0.327008992433548
1994-12-08T00:00:00Z,0.329241007566452,0.3203130066394806
1994-12-09T00:00:00Z,0.3203130066394806,0.3236609995365143
1994-12-12T00:00:00Z,0.3247770071029663,0.32589301466941833
1994-12-13T00:00:00Z,0.327008992433548,0.3247770071029663
1994-12-14T00:00:00Z,0.32589301466941833,0.33816999197006226
1994-12-15T00:00:00Z,0.3392859995365143,0.3314729928970337
1994-12-16T00:00:00Z,0.3325890004634857,0.3325890004634857
1994-12-19T00:00:00Z,0.3325890004634857,0.34933000802993774
1994-12-20T00:00:00Z,0.34933000802993774,0.34375
1994-12-21T00:00:00Z,0.33816999197006226,0.342633992433548
1994-12-22T00:00:00Z,0.34375,0.344866007566452
1994-12-23T00:00:00Z,0.34375,0.3470979928970337
1994-12-27T00:00:00Z,0.3504459857940674,0.34933000802993774
1994-12-28T00:00:00Z,0.34933000802993774,0.34933000802993774
1994-12-29T00:00:00Z,0.3504459857940674,0.3526790142059326
1994-12-30T00:00:00Z,0.3515630066394806,0.3482140004634857
1995-01-03T00:00:00Z,0.3470979928970337,0.342633992433548
1995-01-04T00:00:00Z,0.344866007566452,0.3515630066394806
1995-01-05T00:00:00Z,0.3504459857940674,0.3470979928970337
1995-01-06T00:00:00Z,0.3716520071029663,0.375
1995-01-09T00:00:00Z,0.3716520071029663,0.3678849935531616
1995-01-10T00:00:00Z,0.3683040142059326,0.3900670111179352
1995-01-11T00:00:00Z,0.390625,0.4174109995365143
1995-01-12T00:00:00Z,0.41183000802993774,0.405133992433548
1995-01-13T00:00:00Z,0.41183000802993774,0.40066999197006226
1995-01-16T00:00:00Z,0.40066999197006226,0.3973209857940674
1995-01-17T00:00:00Z,0.3973209857940674,0.4017859995365143
1995-01-18T00:00:00Z,0.4017859995365143,0.407366007566452
1995-01-19T00:00:00Z,0.40625,0.4095979928970337
1995-01-20T00:00:00Z,0.41964301466941833,0.38058000802993774
1995-01-23T00:00:00Z,0.373883992433548,0.37723198533058167
1995-01-24T00:00:00Z,0.37723198533058167,0.3716520071029663
1995-01-25T00:00:00Z,0.3526790142059326,0.36593198776245117
1995-01-26T00:00:00Z,0.36495500802993774,0.3526790142059326
1995-01-27T00:00:00Z,0.3560270071029663,0.3560270071029663
1995-01-30T00:00:00Z,0.358258992433548,0.358258992433548
1995-01-31T00:00:00Z,0.36160698533058167,0.360491007566452
1995-02-01T00:00:00Z,0.3638390004634857,0.358258992433548
1995-02-02T00:00:00Z,0.358258992433548,0.3716520071029663
1995-02-03T00:00:00Z,0.375,0.36160698533058167
1995-02-06T00:00:00Z,0.3638390004634857,0.36160698533058167
1995-02-07T00:00:00Z,0.360491007566452,0.36439698934555054
1995-02-08T00:00:00Z,0.3660709857940674,0.37779000401496887
1995-02-09T00:00:00Z,0.376116007566452,0.389508992433548
1995-02-10T00:00:00Z,0.389508992433548,0.390625
1995-02-13T00:00:00Z,0.38839301466941833,0.390625
1995-02-14T00:00:00Z,0.390625,0.3833709955215454
1995-02-15T00:00:00Z,0.3861609995365143,0.38002198934555054
1995-02-16T00:00:00Z,0.38504499197006226,0.38560301065444946
1995-02-17T00:00:00Z,0.3828130066394806,0.3794640004634857
1995-02-21T00:00:00Z,0.38058000802993774,0.3660709857940674
1995-02-22T00:00:00Z,0.3627229928970337,0.36439698934555054
1995-02-23T00:00:00Z,0.3671880066394806,0.3588170111179352
1995-02-24T00:00:00Z,0.358258992433548,0.3482140004634857
1995-02-27T00:00:00Z,0.34151801466941833,0.34151801466941833
1995-02-28T00:00:00Z,0.34375,0.3526790142059326
1995-03-01T00:00:00Z,0.3549109995365143,0.35714301466941833
1995-03-02T00:00:00Z,0.358258992433548,0.35714301466941833
1995-03-03T00:00:00Z,0.3549109995365143,0.359375
1995-03-06T00:00:00Z,0.3549109995365143,0.3549109995365143
1995-03-07T00:00:00Z,0.3560270071029663,0.34207600355148315
1995-03-08T00:00:00Z,0.34598198533058167,0.35323700308799744
1995-03-09T00:00:00Z,0.3560270071029663,0.3549109995365143
1995-03-10T00:00:00Z,0.35379499197006226,0.3526790142059326
1995-03-13T00:00:00Z,0.35379499197006226,0.3404020071029663
1995-03-14T00:00:00Z,0.34151801466941833,0.3125
1995-03-15T00:00:00Z,0.3169640004634857,0.3125
1995-03-16T00:00:00Z,0.31473198533058167,0.31473198533058167
1995-03-17T00:00:00Z,0.3169640004634857,0.313616007566452
1995-03-20T00:00:00Z,0.313616007566452,0.31473198533058167
1995-03-21T00:00:00Z,0.3169640004634857,0.3236609995365143
1995-03-22T00:00:00Z,0.3236609995365143,0.3398439884185791
1995-03-23T00:00:00Z,0.33816999197006226,0.3314729928970337
1995-03-24T00:00:00Z,0.33370500802993774,0.3370540142059326
1995-03-27T00:00:00Z,0.3359380066394806,0.3320310115814209
1995-03-28T00:00:00Z,0.3236609995365143,0.30691999197006226
1995-03-29T00:00:00Z,0.3035709857940674,0.30691999197006226
1995-03-30T00:00:00Z,0.3091520071029663,0.3158479928970337
1995-03-31T00:00:00Z,0.313616007566452,0.31473198533058167
1995-04-03T00:00:00Z,0.3169640004634857,0.3169640004634857
1995-04-04T00:00:00Z,0.3191959857940674,0.30245500802993774
1995-04-05T00:00:00Z,0.3046880066394806,0.31026801466941833
1995-04-06T00:00:00Z,0.3325890004634857,0.328125
1995-04-07T00:00:00Z,0.33035698533058167,0.328125
1995-04-10T00:00:00Z,0.329241007566452,0.327008992433548
1995-04-11T00:00:00Z,0.328125,0.3370540142059326
1995-04-12T00:00:00Z,0.34151801466941833,0.3482140004634857
1995-04-13T00:00:00Z,0.3504459857940674,0.34151801466941833
1995-04-17T00:00:00Z,0.3404020071029663,0.342633992433548
1995-04-18T00:00:00Z,0.34375,0.3348209857940674
1995-04-19T00:00:00Z,0.3348209857940674,0.3247770071029663
1995-04-20T00:00:00Z,0.3314729928970337,0.3359380066394806
1995-04-21T00:00:00Z,0.3325890004634857,0.34933000802993774
1995-04-24T00:00:00Z,0.3482140004634857,0.3482140004634857
1995-04-25T00:00:00Z,0.34933000802993774,0.3370540142059326
1995-04-26T00:00:00Z,0.3359380066394806,0.34151801466941833
1995-04-27T00:00:00Z,0.34375,0.33816999197006226
1995-04-28T00:00:00Z,0.3392859995365143,0.34151801466941833
1995-05-01T00:00:00Z,0.34151801466941833,0.34151801466941833
1995-05-02T00:00:00Z,0.34151801466941833,0.3404020071029663
1995-05-03T00:00:00Z,0.34151801466941833,0.3404020071029663
1995-05-04T00:00:00Z,0.34151801466941833,0.34375
1995-05-05T00:00:00Z,0.34598198533058167,0.3470979928970337
1995-05-08T00:00:00Z,0.3560270071029663,0.36160698533058167
1995-05-09T00:00:00Z,0.3627229928970337,0.3683040142059326
1995-05-10T00:00:00Z,0.3705359995365143,0.36997801065444946
1995-05-11T00:00:00Z,0.3716520071029663,0.3660709857940674
1995-05-12T00:00:00Z,0.36495500802993774,0.389508992433548
1995-05-15T00:00:00Z,0.38504499197006226,0.389508992433548
1995-05-16T00:00:00Z,0.38504499197006226,0.390625
1995-05-17T00:00:00Z,0.390625,0.39285698533058167
1995-05-18T00:00:00Z,0.3939729928970337,0.3872770071029663
1995-05-19T00:00:00Z,0.3828130066394806,0.3816959857940674
1995-05-22T00:00:00Z,0.3794640004634857,0.3939729928970337
1995-05-23T00:00:00Z,0.3939729928970337,0.391741007566452
1995-05-24T00:00:00Z,0.390625,0.38839301466941833
1995-05-25T00:00:00Z,0.3861609995365143,0.3872770071029663
1995-05-26T00:00:00Z,0.3839290142059326,0.38113799691200256
1995-05-30T00:00:00Z,0.38058000802993774,0.375
1995-05-31T00:00:00Z,0.376116007566452,0.3710939884185791
1995-06-01T00:00:00Z,0.373883992433548,0.37667399644851685
1995-06-02T00:00:00Z,0.373883992433548,0.376116007566452
1995-06-05T00:00:00Z,0.3783479928970337,0.38839301466941833
1995-06-06T00:00:00Z,0.389508992433548,0.39285698533058167
1995-06-07T00:00:00Z,0.3939729928970337,0.38504499197006226
1995-06-08T00:00:00Z,0.3872770071029663,0.3833709955215454
1995-06-09T00:00:00Z,0.389508992433548,0.38839301466941833
1995-06-12T00:00:00Z,0.39285698533058167,0.3943920135498047
1995-06-13T00:00:00Z,0.3973209857940674,0.39285698533058167
1995-06-14T00:00:00Z,0.391741007566452,0.389508992433548
1995-06-15T00:00:00Z,0.389508992433548,0.389508992433548
1995-06-16T00:00:00Z,0.391741007566452,0.391741007566452
1995-06-19T00:00:00Z,0.391741007566452,0.39620500802993774
1995-06-20T00:00:00Z,0.4107140004634857,0.422991007566452
1995-06-21T00:00:00Z,0.4252229928970337,0.4408479928970337
1995-06-22T00:00:00Z,0.4375,0.438616007566452
1995-06-23T00:00:00Z,0.43526801466941833,0.43526801466941833
1995-06-26T00:00:00Z,0.4308040142059326,0.4296880066394806
1995-06-27T00:00:00Z,0.422991007566452,0.4140630066394806
1995-06-28T00:00:00Z,0.4107140004634857,0.41629499197006226
1995-06-29T00:00:00Z,0.4140630066394806,0.421875
1995-06-30T00:00:00Z,0.421875,0.4146209955215454
1995-07-03T00:00:00Z,0.4151790142059326,0.41908499598503113
1995-07-05T00:00:00Z,0.4185270071029663,0.4151790142059326
1995-07-06T00:00:00Z,0.4151790142059326,0.41964301466941833
1995-07-07T00:00:00Z,0.4185270071029663,0.4341520071029663
1995-07-10T00:00:00Z,0.4341520071029663,0.4341520071029663
1995-07-11T00:00:00Z,0.4263390004634857,0.420758992433548
1995-07-12T00:00:00Z,0.421875,0.41964301466941833
1995-07-13T00:00:00Z,0.422991007566452,0.4252229928970337
1995-07-14T00:00:00Z,0.422991007566452,0.43526801466941833
1995-07-17T00:00:00Z,0.436383992433548,0.4375
1995-07-18T00:00:00Z,0.4375,0.4296880066394806
1995-07-19T00:00:00Z,0.41964301466941833,0.40625
1995-07-20T00:00:00Z,0.4107140004634857,0.42020100355148315
1995-07-21T00:00:00Z,0.3839290142059326,0.390625
1995-07-24T00:00:00Z,0.39285698533058167,0.405133992433548
1995-07-25T00:00:00Z,0.4107140004634857,0.40848198533058167
1995-07-26T00:00:00Z,0.4129459857940674,0.405133992433548
1995-07-27T00:00:00Z,0.40625,0.4179689884185791
1995-07-28T00:00:00Z,0.4174109995365143,0.40625
1995-07-31T00:00:00Z,0.40625,0.4017859995365143
1995-08-01T00:00:00Z,0.40066999197006226,0.38839301466941833
1995-08-02T00:00:00Z,0.391741007566452,0.39620500802993774
1995-08-03T00:00:00Z,0.3939729928970337,0.4017859995365143
1995-08-04T00:00:00Z,0.4017859995365143,0.3950890004634857
1995-08-07T00:00:00Z,0.3939729928970337,0.3872770071029663
1995-08-08T00:00:00Z,0.389508992433548,0.3794640004634857
1995-08-09T00:00:00Z,0.38058000802993774,0.38504499197006226
1995-08-10T00:00:00Z,0.38504499197006226,0.3816959857940674
1995-08-11T00:00:00Z,0.3828130066394806,0.38448700308799744
1995-08-14T00:00:00Z,0.3839290142059326,0.3872770071029663
1995-08-15T00:00:00Z,0.391741007566452,0.39341500401496887
1995-08-16T00:00:00Z,0.39285698533058167,0.3973209857940674
1995-08-17T00:00:00Z,0.3984380066394806,0.3984380066394806
1995-08-18T00:00:00Z,0.40066999197006226,0.40066999197006226
1995-08-21T00:00:00Z,0.40066999197006226,0.3939729928970337
1995-08-22T00:00:00Z,0.39620500802993774,0.3995540142059326
1995-08-23T00:00:00Z,0.40066999197006226,0.40625
1995-08-24T00:00:00Z,0.407366007566452,0.40848198533058167
1995-08-25T00:00:00Z,0.4095979928970337,0.3995540142059326
1995-08-28T00:00:00Z,0.40066999197006226,0.3839290142059326
1995-08-29T00:00:00Z,0.3839290142059326,0.38504499197006226
1995-08-30T00:00:00Z,0.3861609995365143,0.3872770071029663
1995-08-31T00:00:00Z,0.3872770071029663,0.3839290142059326
1995-09-01T00:00:00Z,0.3839290142059326,0.3833709955215454
1995-09-05T00:00:00Z,0.38839301466941833,0.38839301466941833
1995-09-06T00:00:00Z,0.391741007566452,0.390625
1995-09-07T00:00:00Z,0.39285698533058167,0.3995540142059326
1995-09-08T00:00:00Z,0.3995540142059326,0.3995540142059326
1995-09-11T00:00:00Z,0.40066999197006226,0.3950890004634857
1995-09-12T00:00:00Z,0.3973209857940674,0.3833709955215454
1995-09-13T00:00:00Z,0.3828130066394806,0.3783479928970337
1995-09-14T00:00:00Z,0.36941999197006226,0.35714301466941833
1995-09-15T00:00:00Z,0.33370500802993774,0.3203130066394806
1995-09-18T00:00:00Z,0.3247770071029663,0.3275670111179352
1995-09-19T00:00:00Z,0.328125,0.328125
1995-09-20T00:00:00Z,0.3325890004634857,0.327008992433548
1995-09-21T00:00:00Z,0.32589301466941833,0.33035698533058167
1995-09-22T00:00:00Z,0.329241007566452,0.33091500401496887
1995-09-25T00:00:00Z,0.34151801466941833,0.3349609971046448
1995-09-26T00:00:00Z,0.3370540142059326,0.33370500802993774
1995-09-27T00:00:00Z,0.3348209857940674,0.3236609995365143
1995-09-28T00:00:00Z,0.32589301466941833,0.3370540142059326
1995-09-29T00:00:00Z,0.3392859995365143,0.3325890004634857
1995-10-02T00:00:00Z,0.3370540142059326,0.3359380066394806
1995-10-03T00:00:00Z,0.3404020071029663,0.3359380066394806
1995-10-04T00:00:00Z,0.327008992433548,0.3247770071029663
1995-10-05T00:00:00Z,0.3236609995365143,0.32589301466941833
1995-10-06T00:00:00Z,0.328125,0.31863799691200256
1995-10-09T00:00:00Z,0.3158479928970337,0.31082600355148315
1995-10-10T00:00:00Z,0.30691999197006226,0.30970999598503113
1995-10-11T00:00:00Z,0.31473198533058167,0.311383992433548
1995-10-12T00:00:00Z,0.3125,0.31529000401496887
1995-10-13T00:00:00Z,0.3191959857940674,0.3214290142059326
1995-10-16T00:00:00Z,0.3236609995365143,0.32254499197006226
1995-10-17T00:00:00Z,0.32589301466941833,0.327008992433548
1995-10-18T00:00:00Z,0.33035698533058167,0.33370500802993774
1995-10-19T00:00:00Z,0.3203130066394806,0.31026801466941833
1995-10-20T00:00:00Z,0.31473198533058167,0.313616007566452
1995-10-23T00:00:00Z,0.313616007566452,0.313616007566452
1995-10-24T00:00:00Z,0.3169640004634857,0.313616007566452
1995-10-25T00:00:00Z,0.31473198533058167,0.31026801466941833
1995-10-26T00:00:00Z,0.311383992433548,0.311383992433548
1995-10-27T00:00:00Z,0.311383992433548,0.31026801466941833
1995-10-30T00:00:00Z,0.311383992433548,0.31473198533058167
1995-10-31T00:00:00Z,0.31473198533058167,0.3242189884185791
1995-11-01T00:00:00Z,0.327008992433548,0.327008992433548
1995-11-02T00:00:00Z,0.329241007566452,0.327008992433548
1995-11-03T00:00:00Z,0.328125,0.32589301466941833
1995-11-06T00:00:00Z,0.32589301466941833,0.3404020071029663
1995-11-07T00:00:00Z,0.3370540142059326,0.35379499197006226
1995-11-08T00:00:00Z,0.3549109995365143,0.3470979928970337
1995-11-09T00:00:00Z,0.3549109995365143,0.3515630066394806
1995-11-10T00:00:00Z,0.3515630066394806,0.3549109995365143
1995-11-13T00:00:00Z,0.359375,0.36495500802993774
1995-11-14T00:00:00Z,0.3660709857940674,0.3705359995365143
1995-11-15T00:00:00Z,0.375,0.3660709857940674
1995-11-16T00:00:00Z,0.36495500802993774,0.35658499598503113
1995-11-17T00:00:00Z,0.35714301466941833,0.358258992433548
1995-11-20T00:00:00Z,0.359375,0.344866007566452
1995-11-21T00:00:00Z,0.34598198533058167,0.344866007566452
1995-11-22T00:00:00Z,0.344866007566452,0.344866007566452
1995-11-24T00:00:00Z,0.3470979928970337,0.3588170111179352
1995-11-27T00:00:00Z,0.3627229928970337,0.3515630066394806
1995-11-28T00:00:00Z,0.3515630066394806,0.35714301466941833
1995-11-29T00:00:00Z,0.358258992433548,0.3504459857940674
1995-11-30T00:00:00Z,0.3470979928970337,0.3404020071029663
1995-12-01T00:00:00Z,0.3392859995365143,0.3359380066394806
1995-12-04T00:00:00Z,0.358258992433548,0.3526790142059326
1995-12-05T00:00:00Z,0.34375,0.3526790142059326
1995-12-06T00:00:00Z,0.3549109995365143,0.34598198533058167
1995-12-07T00:00:00Z,0.34598198533058167,0.3443079888820648
1995-12-08T00:00:00Z,0.34598198533058167,0.3515630066394806
1995-12-11T00:00:00Z,0.3526790142059326,0.344866007566452
1995-12-12T00:00:00Z,0.344866007566452,0.3392859995365143
1995-12-13T00:00:00Z,0.34151801466941833,0.342633992433548
1995-12-14T00:00:00Z,0.3470979928970337,0.34151801466941833
1995-12-15T00:00:00Z,0.3169640004634857,0.31473198533058167
1995-12-18T00:00:00Z,0.313616007566452,0.2879459857940674
1995-12-19T00:00:00Z,0.2924109995365143,0.2924109995365143
1995-12-20T00:00:00Z,0.29910698533058167,0.29129499197006226
1995-12-21T00:00:00Z,0.2924109995365143,0.2901790142059326
1995-12-22T00:00:00Z,0.29129499197006226,0.2879459857940674
1995-12-26T00:00:00Z,0.2901790142059326,0.28627198934555054
1995-12-27T00:00:00Z,0.28683000802993774,0.2890630066394806
1995-12-28T00:00:00Z,0.28683000802993774,0.2857140004634857
1995-12-29T00:00:00Z,0.2857140004634857,0.2845979928970337
1996-01-02T00:00:00Z,0.2879459857940674,0.28683000802993774
1996-01-03T00:00:00Z,0.2857140004634857,0.28683000802993774
1996-01-04T00:00:00Z,0.2890630066394806,0.2818079888820648
1996-01-05T00:00:00Z,0.282366007566452,0.3058040142059326
1996-01-08T00:00:00Z,0.3080359995365143,0.3091520071029663
1996-01-09T00:00:00Z,0.3091520071029663,0.2924109995365143
1996-01-10T00:00:00Z,0.2901790142059326,0.3058040142059326
1996-01-11T00:00:00Z,0.29129499197006226,0.3125
1996-01-12T00:00:00Z,0.31026801466941833,0.30245500802993774
1996-01-15T00:00:00Z,0.3013390004634857,0.3046880066394806
1996-01-16T00:00:00Z,0.30691999197006226,0.3085939884185791
1996-01-17T00:00:00Z,0.30691999197006226,0.3035709857940674
1996-01-18T00:00:00Z,0.2935270071029663,0.2851560115814209
1996-01-19T00:00:00Z,0.2767859995365143,0.266741007566452
1996-01-22T00:00:00Z,0.265625,0.2723209857940674
1996-01-23T00:00:00Z,0.3013390004634857,0.282366007566452
1996-01-24T00:00:00Z,0.28683000802993774,0.2879459857940674
1996-01-25T00:00:00Z,0.28348198533058167,0.2700890004634857
1996-01-26T00:00:00Z,0.27120500802993774,0.2734380066394806
1996-01-29T00:00:00Z,0.2589290142059326,0.26004499197006226
1996-01-30T00:00:00Z,0.24107100069522858,0.24386200308799744
1996-01-31T00:00:00Z,0.24776799976825714,0.2466520071029663
1996-02-01T00:00:00Z,0.24553599953651428,0.2533479928970337
1996-02-02T00:00:00Z,0.2578130066394806,0.2611609995365143
1996-02-05T00:00:00Z,0.2650670111179352,0.2611609995365143
1996-02-06T00:00:00Z,0.2611609995365143,0.264508992433548
1996-02-07T00:00:00Z,0.265625,0.25223198533058167
1996-02-08T00:00:00Z,0.24553599953651428,0.24888400733470917
1996-02-09T00:00:00Z,0.24888400733470917,0.24776799976825714
1996-02-12T00:00:00Z,0.251116007566452,0.2533479928970337
1996-02-13T00:00:00Z,0.25,0.251116007566452
1996-02-14T00:00:00Z,0.25223198533058167,0.2466520071029663
1996-02-15T00:00:00Z,0.2466520071029663,0.25
1996-02-16T00:00:00Z,0.251116007566452,0.24553599953651428
1996-02-20T00:00:00Z,0.25,0.2589290142059326
1996-02-21T00:00:00Z,0.2622770071029663,0.264508992433548
1996-02-22T00:00:00Z,0.26785698533058167,0.266741007566452
1996-02-23T00:00:00Z,0.266741007566452,0.266741007566452
1996-02-26T00:00:00Z,0.26785698533058167,0.26339301466941833
1996-02-27T00:00:00Z,0.266741007566452,0.25558000802993774
1996-02-28T00:00:00Z,0.2578130066394806,0.24776799976825714
1996-02-29T00:00:00Z,0.24553599953651428,0.24553599953651428
1996-03-01T00:00:00Z,0.2466520071029663,0.23995499312877655
1996-03-04T00:00:00Z,0.24330399930477142,0.234375
1996-03-05T00:00:00Z,0.23660700023174286,0.2377229928970337
1996-03-06T00:00:00Z,0.23883900046348572,0.233816996216774
1996-03-07T00:00:00Z,0.234375,0.2304690033197403
1996-03-08T00:00:00Z,0.22991099953651428,0.23214299976825714
1996-03-11T00:00:00Z,0.234375,0.2310270071029663
1996-03-12T00:00:00Z,0.23214299976825714,0.2304690033197403
1996-03-13T00:00:00Z,0.2310270071029663,0.22991099953651428
1996-03-14T00:00:00Z,0.2310270071029663,0.22879500687122345
1996-03-15T00:00:00Z,0.23214299976825714,0.2310270071029663
1996-03-18T00:00:00Z,0.23158499598503113,0.23325900733470917
1996-03-19T00:00:00Z,0.23549099266529083,0.22991099953651428
1996-03-20T00:00:00Z,0.22991099953651428,0.22544600069522858
1996-03-21T00:00:00Z,0.22767899930477142,0.22432999312877655
1996-03-22T00:00:00Z,0.22544600069522858,0.2265630066394806
1996-03-25T00:00:00Z,0.22767899930477142,0.21428599953651428
1996-03-26T00:00:00Z,0.21428599953651428,0.21317000687122345
1996-03-27T00:00:00Z,0.20758900046348572,0.22544600069522858
1996-03-28T00:00:00Z,0.22098200023174286,0.21595999598503113
1996-03-29T00:00:00Z,0.21651799976825714,0.219308003783226
1996-04-01T00:00:00Z,0.22432999312877655,0.22767899930477142
1996-04-02T00:00:00Z,0.22879500687122345,0.22321400046348572
1996-04-03T00:00:00Z,0.22432999312877655,0.219308003783226
1996-04-04T00:00:00Z,0.21986599266529083,0.2154020071029663
1996-04-08T00:00:00Z,0.21317000687122345,0.21763400733470917
1996-04-09T00:00:00Z,0.2220979928970337,0.23214299976825714
1996-04-10T00:00:00Z,0.23325900733470917,0.23214299976825714
1996-04-11T00:00:00Z,0.23325900733470917,0.22991099953651428
1996-04-12T00:00:00Z,0.2310270071029663,0.22767899930477142
1996-04-15T00:00:00Z,0.22767899930477142,0.22991099953651428
1996-04-16T00:00:00Z,0.2310270071029663,0.2310270071029663
1996-04-17T00:00:00Z,0.2310270071029663,0.22544600069522858
1996-04-18T00:00:00Z,0.2265630066394806,0.22098200023174286
1996-04-19T00:00:00Z,0.21986599266529083,0.22377200424671173
1996-04-22T00:00:00Z,0.22544600069522858,0.22432999312877655
1996-04-23T00:00:00Z,0.22432999312877655,0.22098200023174286
1996-04-24T00:00:00Z,0.21986599266529083,0.21651799976825714
1996-04-25T00:00:00Z,0.21763400733470917,0.2220979928970337
1996-04-26T00:00:00Z,0.22321400046348572,0.22098200023174286
1996-04-29T00:00:00Z,0.22321400046348572,0.22098200023174286
1996-04-30T00:00:00Z,0.2220979928970337,0.21763400733470917
1996-05-01T00:00:00Z,0.21763400733470917,0.21763400733470917
1996-05-02T00:00:00Z,0.21875,0.21205399930477142
1996-05-03T00:00:00Z,0.2154020071029663,0.21317000687122345
1996-05-06T00:00:00Z,0.2220979928970337,0.22879500687122345
1996-05-07T00:00:00Z,0.23549099266529083,0.23995499312877655
1996-05-08T00:00:00Z,0.24330399930477142,0.23883900046348572
1996-05-09T00:00:00Z,0.23549099266529083,0.23325900733470917
1996-05-10T00:00:00Z,0.234375,0.24330399930477142
1996-05-13T00:00:00Z,0.2421880066394806,0.2416290044784546
1996-05-14T00:00:00Z,0.24776799976825714,0.24553599953651428
1996-05-15T00:00:00Z,0.24888400733470917,0.2544640004634857
1996-05-16T00:00:00Z,0.25223198533058167,0.2533479928970337
1996-05-17T00:00:00Z,0.2533479928970337,0.2466520071029663
1996-05-20T00:00:00Z,0.24888400733470917,0.249441996216774
1996-05-21T00:00:00Z,0.25,0.2421880066394806
1996-05-22T00:00:00Z,0.24442000687122345,0.23270100355148315
1996-05-23T00:00:00Z,0.23325900733470917,0.234375
1996-05-24T00:00:00Z,0.234375,0.23883900046348572
1996-05-28T00:00:00Z,0.23883900046348572,0.23549099266529083
1996-05-29T00:00:00Z,0.234375,0.2220979928970337
1996-05-30T00:00:00Z,0.2220979928970337,0.22767899930477142
1996-05-31T00:00:00Z,0.22879500687122345,0.23325900733470917
1996-06-03T00:00:00Z,0.2310270071029663,0.22098200023174286
1996-06-04T00:00:00Z,0.21428599953651428,0.21595999598503113
1996-06-05T00:00:00Z,0.2265630066394806,0.22432999312877655
1996-06-06T00:00:00Z,0.22321400046348572,0.21651799976825714
1996-06-07T00:00:00Z,0.21428599953651428,0.21763400733470917
1996-06-10T00:00:00Z,0.21763400733470917,0.2154020071029663
1996-06-11T00:00:00Z,0.21651799976825714,0.21428599953651428
1996-06-12T00:00:00Z,0.21875,0.21651799976825714
1996-06-13T00:00:00Z,0.21763400733470917,0.21986599266529083
1996-06-14T00:00:00Z,0.22098200023174286,0.21372799575328827
1996-06-17T00:00:00Z,0.2154020071029663,0.2109380066394806
1996-06-18T00:00:00Z,0.2109380066394806,0.203125
1996-06-19T00:00:00Z,0.2064729928970337,0.2064729928970337
1996-06-20T00:00:00Z,0.20870499312877655,0.203125
1996-06-21T00:00:00Z,0.20424099266529083,0.20200900733470917
1996-06-24T00:00:00Z,0.20200900733470917,0.19866099953651428
1996-06-25T00:00:00Z,0.19754500687122345,0.1841520071029663
1996-06-26T00:00:00Z,0.1841520071029663,0.17745499312877655
1996-06-27T00:00:00Z,0.17857100069522858,0.1841520071029663
1996-06-28T00:00:00Z,0.18638400733470917,0.1875
1996-07-01T00:00:00Z,0.18861599266529083,0.19196400046348572
1996-07-02T00:00:00Z,0.1908479928970337,0.1875
1996-07-03T00:00:00Z,0.18192000687122345,0.17299099266529083
1996-07-05T00:00:00Z,0.17299099266529083,0.17410700023174286
1996-07-08T00:00:00Z,0.1752229928970337,0.17075900733470917
1996-07-09T00:00:00Z,0.17410700023174286,0.16964299976825714
1996-07-10T00:00:00Z,0.17075900733470917,0.16741099953651428
1996-07-11T00:00:00Z,0.16741099953651428,0.1595979928970337
1996-07-12T00:00:00Z,0.1640630066394806,0.16127200424671173
1996-07-15T00:00:00Z,0.16182999312877655,0.15345999598503113
1996-07-16T00:00:00Z,0.15513400733470917,0.15067000687122345
1996-07-17T00:00:00Z,0.15513400733470917,0.15067000687122345
1996-07-18T00:00:00Z,0.19196400046348572,0.18638400733470917
1996-07-19T00:00:00Z,0.18638400733470917,0.18526799976825714
1996-07-22T00:00:00Z,0.18638400733470917,0.18080399930477142
1996-07-23T00:00:00Z,0.18303599953651428,0.18303599953651428
1996-07-24T00:00:00Z,0.17857100069522858,0.18582600355148315
1996-07-25T00:00:00Z,0.18861599266529083,0.1875
1996-07-26T00:00:00Z,0.19196400046348572,0.19642899930477142
1996-07-29T00:00:00Z,0.19642899930477142,0.19866099953651428
1996-07-30T00:00:00Z,0.20200900733470917,0.1908479928970337
1996-07-31T00:00:00Z,0.18973200023174286,0.19642899930477142
1996-08-01T00:00:00Z,0.19642899930477142,0.18973200023174286
1996-08-02T00:00:00Z,0.19307999312877655,0.19307999312877655
1996-08-05T00:00:00Z,0.19307999312877655,0.1875
1996-08-06T00:00:00Z,0.1875,0.19196400046348572
1996-08-07T00:00:00Z,0.19419600069522858,0.1997770071029663
1996-08-08T00:00:00Z,0.1997770071029663,0.19754500687122345
1996-08-09T00:00:00Z,0.19866099953651428,0.2064729928970337
1996-08-12T00:00:00Z,0.20870499312877655,0.20535700023174286
1996-08-13T00:00:00Z,0.20424099266529083,0.20089299976825714
1996-08-14T00:00:00Z,0.20200900733470917,0.203125
1996-08-15T00:00:00Z,0.20200900733470917,0.19866099953651428
1996-08-16T00:00:00Z,0.20200900733470917,0.20089299976825714
1996-08-19T00:00:00Z,0.1997770071029663,0.2109380066394806
1996-08-20T00:00:00Z,0.21317000687122345,0.20982100069522858
1996-08-21T00:00:00Z,0.20982100069522858,0.20535700023174286
1996-08-22T00:00:00Z,0.20535700023174286,0.20758900046348572
1996-08-23T00:00:00Z,0.20535700023174286,0.21317000687122345
1996-08-26T00:00:00Z,0.21317000687122345,0.2154020071029663
1996-08-27T00:00:00Z,0.2154020071029663,0.22195899486541748
1996-08-28T00:00:00Z,0.2220979928970337,0.2220979928970337
1996-08-29T00:00:00Z,0.2220979928970337,0.21875
1996-08-30T00:00:00Z,0.22098200023174286,0.21651799976825714
1996-09-03T00:00:00Z,0.2154020071029663,0.2154020071029663
1996-09-04T00:00:00Z,0.21317000687122345,0.2154020071029663
1996-09-05T00:00:00Z,0.20982100069522858,0.20424099266529083
1996-09-06T00:00:00Z,0.2064729928970337,0.20535700023174286
1996-09-09T00:00:00Z,0.20200900733470917,0.19642899930477142
1996-09-10T00:00:00Z,0.19754500687122345,0.19196400046348572
1996-09-11T00:00:00Z,0.19196400046348572,0.18861599266529083
1996-09-12T00:00:00Z,0.1875,0.18192000687122345
1996-09-13T00:00:00Z,0.18192000687122345,0.1875
1996-09-16T00:00:00Z,0.19196400046348572,0.1997770071029663
1996-09-17T00:00:00Z,0.20424099266529083,0.20535700023174286
1996-09-18T00:00:00Z,0.20535700023174286,0.20982100069522858
1996-09-19T00:00:00Z,0.2109380066394806,0.20870499312877655
1996-09-20T00:00:00Z,0.20870499312877655,0.20424099266529083
1996-09-23T00:00:00Z,0.20424099266529083,0.1997770071029663
1996-09-24T00:00:00Z,0.1997770071029663,0.20089299976825714
1996-09-25T00:00:00Z,0.20089299976825714,0.1997770071029663
1996-09-26T00:00:00Z,0.1997770071029663,0.1997770071029663
1996-09-27T00:00:00Z,0.19866099953651428,0.1992190033197403
1996-09-30T00:00:00Z,0.19754500687122345,0.19810299575328827
1996-10-01T00:00:00Z,0.19642899930477142,0.21986599266529083
1996-10-02T00:00:00Z,0.2109380066394806,0.2109380066394806
1996-10-03T00:00:00Z,0.2109380066394806,0.1997770071029663
1996-10-04T00:00:00Z,0.20424099266529083,0.203683003783226
1996-10-07T00:00:00Z,0.20535700023174286,0.2064729928970337
1996-10-08T00:00:00Z,0.20982100069522858,0.20758900046348572
1996-10-09T00:00:00Z,0.20870499312877655,0.20535700023174286
1996-10-10T00:00:00Z,0.21317000687122345,0.21595999598503113
1996-10-11T00:00:00Z,0.21763400733470917,0.21651799976825714
1996-10-14T00:00:00Z,0.21875,0.22544600069522858
1996-10-15T00:00:00Z,0.22991099953651428,0.22544600069522858
1996-10-16T00:00:00Z,0.22544600069522858,0.22991099953651428
1996-10-17T00:00:00Z,0.24553599953651428,0.23549099266529083
1996-10-18T00:00:00Z,0.23660700023174286,0.23716500401496887
1996-10-21T00:00:00Z,0.23660700023174286,0.22879500687122345
1996-10-22T00:00:00Z,0.22879500687122345,0.2220979928970337
1996-10-23T00:00:00Z,0.22098200023174286,0.22098200023174286
1996-10-24T00:00:00Z,0.22321400046348572,0.22098200023174286
1996-10-25T00:00:00Z,0.2220979928970337,0.21875
1996-10-28T00:00:00Z,0.22432999312877655,0.21875
1996-10-29T00:00:00Z,0.21986599266529083,0.20758900046348572
1996-10-30T00:00:00Z,0.20982100069522858,0.20424099266529083
1996-10-31T00:00:00Z,0.20758900046348572,0.20535700023174286
1996-11-01T00:00:00Z,0.20870499312877655,0.21651799976825714
1996-11-04T00:00:00Z,0.21763400733470917,0.21763400733470917
1996-11-05T00:00:00Z,0.21875,0.22767899930477142
1996-11-06T00:00:00Z,0.22879500687122345,0.22767899930477142
1996-11-07T00:00:00Z,0.2265630066394806,0.2310270071029663
1996-11-08T00:00:00Z,0.2310270071029663,0.234375
1996-11-11T00:00:00Z,0.23549099266529083,0.23214299976825714
1996-11-12T00:00:00Z,0.23325900733470917,0.22544600069522858
1996-11-13T00:00:00Z,0.2265630066394806,0.22823700308799744
1996-11-14T00:00:00Z,0.22767899930477142,0.22879500687122345
1996-11-15T00:00:00Z,0.2310270071029663,0.22321400046348572
1996-11-18T00:00:00Z,0.22321400046348572,0.22098200023174286
1996-11-19T00:00:00Z,0.2220979928970337,0.2220979928970337
1996-11-20T00:00:00Z,0.2220979928970337,0.22321400046348572
1996-11-21T00:00:00Z,0.2220979928970337,0.21875
1996-11-22T00:00:00Z,0.21875,0.22544600069522858
1996-11-25T00:00:00Z,0.2265630066394806,0.22321400046348572
1996-11-26T00:00:00Z,0.2220979928970337,0.21651799976825714
1996-11-27T00:00:00Z,0.2154020071029663,0.21875
1996-11-29T00:00:00Z,0.21875,0.2154020071029663
1996-12-02T00:00:00Z,0.2154020071029663,0.22432999312877655
1996-12-03T00:00:00Z,0.22544600069522858,0.22432999312877655
1996-12-04T00:00:00Z,0.22432999312877655,0.22321400046348572
1996-12-05T00:00:00Z,0.22321400046348572,0.22321400046348572
1996-12-06T00:00:00Z,0.21763400733470917,0.22432999312877655
1996-12-09T00:00:00Z,0.22544600069522858,0.22321400046348572
1996-12-10T00:00:00Z,0.2220979928970337,0.21875
1996-12-11T00:00:00Z,0.21205399930477142,0.21428599953651428
1996-12-12T00:00:00Z,0.2154020071029663,0.21317000687122345
1996-12-13T00:00:00Z,0.21205399930477142,0.20758900046348572
1996-12-16T00:00:00Z,0.20982100069522858,0.20200900733470917
1996-12-17T00:00:00Z,0.1997770071029663,0.20089299976825714
1996-12-18T00:00:00Z,0.203125,0.2064729928970337
1996-12-19T00:00:00Z,0.20535700023174286,0.19866099953651428
1996-12-20T00:00:00Z,0.20089299976825714,0.20982100069522858
1996-12-23T00:00:00Z,0.21428599953651428,0.20758900046348572
1996-12-24T00:00:00Z,0.20758900046348572,0.2064729928970337
1996-12-26T00:00:00Z,0.20758900046348572,0.20535700023174286
1996-12-27T00:00:00Z,0.20424099266529083,0.2064729928970337
1996-12-30T00:00:00Z,0.2064729928970337,0.19419600069522858
1996-12-31T00:00:00Z,0.1908479928970337,0.18638400733470917
1997-01-02T00:00:00Z,0.18861599266529083,0.1875
1997-01-03T00:00:00Z,0.18861599266529083,0.19419600069522858
1997-01-06T00:00:00Z,0.15736599266529083,0.1595979928970337
1997-01-07T00:00:00Z,0.16182999312877655,0.15625
1997-01-08T00:00:00Z,0.16294600069522858,0.15736599266529083
1997-01-09T00:00:00Z,0.15848200023174286,0.15848200023174286
1997-01-10T00:00:00Z,0.15736599266529083,0.16294600069522858
1997-01-13T00:00:00Z,0.16517899930477142,0.16182999312877655
1997-01-14T00:00:00Z,0.1640630066394806,0.1595979928970337
1997-01-15T00:00:00Z,0.16071400046348572,0.15401799976825714
1997-01-16T00:00:00Z,0.1529020071029663,0.14955399930477142
1997-01-17T00:00:00Z,0.14955399930477142,0.14955399930477142
1997-01-20T00:00:00Z,0.15067000687122345,0.15122799575328827
1997-01-21T00:00:00Z,0.15178599953651428,0.15401799976825714
1997-01-22T00:00:00Z,0.15513400733470917,0.15345999598503113
1997-01-23T00:00:00Z,0.15401799976825714,0.15401799976825714
1997-01-24T00:00:00Z,0.15401799976825714,0.15067000687122345
1997-01-27T00:00:00Z,0.1529020071029663,0.1484380066394806
1997-01-28T00:00:00Z,0.15178599953651428,0.1484380066394806
1997-01-29T00:00:00Z,0.1484380066394806,0.1484380066394806
1997-01-30T00:00:00Z,0.14955399930477142,0.14955399930477142
1997-01-31T00:00:00Z,0.1484380066394806,0.1484380066394806
1997-02-03T00:00:00Z,0.15067000687122345,0.14564700424671173
1997-02-04T00:00:00Z,0.14508900046348572,0.1372770071029663
1997-02-05T00:00:00Z,0.13616099953651428,0.13616099953651428
1997-02-06T00:00:00Z,0.13616099953651428,0.14285700023174286
1997-02-07T00:00:00Z,0.14732100069522858,0.141183003783226
1997-02-10T00:00:00Z,0.1439729928970337,0.13950900733470917
1997-02-11T00:00:00Z,0.14174099266529083,0.140066996216774
1997-02-12T00:00:00Z,0.140625,0.140625
1997-02-13T00:00:00Z,0.140625,0.1439729928970337
1997-02-14T00:00:00Z,0.14508900046348572,0.14564700424671173
1997-02-18T00:00:00Z,0.1484380066394806,0.1595979928970337
1997-02-19T00:00:00Z,0.1595979928970337,0.15736599266529083
1997-02-20T00:00:00Z,0.15736599266529083,0.15178599953651428
1997-02-21T00:00:00Z,0.15067000687122345,0.14620499312877655
1997-02-24T00:00:00Z,0.14508900046348572,0.1484380066394806
1997-02-25T00:00:00Z,0.15178599953651428,0.15067000687122345
1997-02-26T00:00:00Z,0.15178599953651428,0.1529020071029663
1997-02-27T00:00:00Z,0.15178599953651428,0.15178599953651428
1997-02-28T00:00:00Z,0.15067000687122345,0.14508900046348572
1997-03-03T00:00:00Z,0.14732100069522858,0.1439729928970337
1997-03-04T00:00:00Z,0.14508900046348572,0.14732100069522858
1997-03-05T00:00:00Z,0.1484380066394806,0.15178599953651428
1997-03-06T00:00:00Z,0.15178599953651428,0.1484380066394806
1997-03-07T00:00:00Z,0.14955399930477142,0.14732100069522858
1997-03-10T00:00:00Z,0.1484380066394806,0.1484380066394806
1997-03-11T00:00:00Z,0.1484380066394806,0.14620499312877655
1997-03-12T00:00:00Z,0.14508900046348572,0.14508900046348572
1997-03-13T00:00:00Z,0.14620499312877655,0.14620499312877655
1997-03-14T00:00:00Z,0.14620499312877655,0.1478790044784546
1997-03-17T00:00:00Z,0.14508900046348572,0.14732100069522858
1997-03-18T00:00:00Z,0.14620499312877655,0.14508900046348572
1997-03-19T00:00:00Z,0.14620499312877655,0.1439729928970337
1997-03-20T00:00:00Z,0.14285700023174286,0.15401799976825714
1997-03-21T00:00:00Z,0.15625,0.1484380066394806
1997-03-24T00:00:00Z,0.14732100069522858,0.14732100069522858
1997-03-25T00:00:00Z,0.1484380066394806,0.14732100069522858
1997-03-26T00:00:00Z,0.14620499312877655,0.14955399930477142
1997-03-27T00:00:00Z,0.15625,0.16629500687122345
1997-03-31T00:00:00Z,0.16629500687122345,0.16294600069522858
1997-04-01T00:00:00Z,0.15736599266529083,0.15625
1997-04-02T00:00:00Z,0.1595979928970337,0.16071400046348572
1997-04-03T00:00:00Z,0.16517899930477142,0.1685270071029663
1997-04-04T00:00:00Z,0.17075900733470917,0.171875
1997-04-07T00:00:00Z,0.17633900046348572,0.17410700023174286
1997-04-08T00:00:00Z,0.1752229928970337,0.17075900733470917
1997-04-09T00:00:00Z,0.171875,0.16964299976825714
1997-04-10T00:00:00Z,0.16964299976825714,0.1685270071029663
1997-04-11T00:00:00Z,0.1685270071029663,0.16294600069522858
1997-04-14T00:00:00Z,0.1640630066394806,0.16741099953651428
1997-04-15T00:00:00Z,0.17075900733470917,0.1646209955215454
1997-04-16T00:00:00Z,0.16629500687122345,0.16573700308799744
1997-04-17T00:00:00Z,0.16294600069522858,0.16964299976825714
1997-04-18T00:00:00Z,0.17075900733470917,0.1640630066394806
1997-04-21T00:00:00Z,0.16629500687122345,0.16071400046348572
1997-04-22T00:00:00Z,0.16182999312877655,0.16517899930477142
1997-04-23T00:00:00Z,0.1640630066394806,0.16182999312877655
1997-04-24T00:00:00Z,0.16517899930477142,0.1595979928970337
1997-04-25T00:00:00Z,0.15736599266529083,0.15625
1997-04-28T00:00:00Z,0.15848200023174286,0.15736599266529083
1997-04-29T00:00:00Z,0.16071400046348572,0.15792399644851685
1997-04-30T00:00:00Z,0.15178599953651428,0.15178599953651428
1997-05-01T00:00:00Z,0.15067000687122345,0.15178599953651428
1997-05-02T00:00:00Z,0.15178599953651428,0.15178599953651428
1997-05-05T00:00:00Z,0.15178599953651428,0.15178599953651428
1997-05-06T00:00:00Z,0.15178599953651428,0.15067000687122345
1997-05-07T00:00:00Z,0.15067000687122345,0.14732100069522858
1997-05-08T00:00:00Z,0.1484380066394806,0.15178599953651428
1997-05-09T00:00:00Z,0.15178599953651428,0.1523440033197403
1997-05-12T00:00:00Z,0.15401799976825714,0.156808003783226
1997-05-13T00:00:00Z,0.15625,0.156808003783226
1997-05-14T00:00:00Z,0.1595979928970337,0.15792399644851685
1997-05-15T00:00:00Z,0.15848200023174286,0.15848200023174286
1997-05-16T00:00:00Z,0.15625,0.15401799976825714
1997-05-19T00:00:00Z,0.15625,0.15178599953651428
1997-05-20T00:00:00Z,0.15178599953651428,0.15401799976825714
1997-05-21T00:00:00Z,0.1529020071029663,0.15067000687122345
1997-05-22T00:00:00Z,0.14955399930477142,0.1484380066394806
1997-05-23T00:00:00Z,0.1484380066394806,0.15067000687122345
1997-05-27T00:00:00Z,0.14955399930477142,0.15401799976825714
1997-05-28T00:00:00Z,0.15513400733470917,0.15178599953651428
1997-05-29T00:00:00Z,0.1529020071029663,0.1484380066394806
1997-05-30T00:00:00Z,0.14732100069522858,0.1484380066394806
1997-06-02T00:00:00Z,0.15178599953651428,0.15122799575328827
1997-06-03T00:00:00Z,0.14955399930477142,0.1489959955215454
1997-06-04T00:00:00Z,0.1484380066394806,0.1484380066394806
1997-06-05T00:00:00Z,0.1484380066394806,0.1489959955215454
1997-06-06T00:00:00Z,0.1484380066394806,0.14955399930477142
1997-06-09T00:00:00Z,0.1489959955215454,0.1484380066394806
1997-06-10T00:00:00Z,0.14955399930477142,0.14508900046348572
1997-06-11T00:00:00Z,0.14564700424671173,0.14564700424671173
1997-06-12T00:00:00Z,0.14620499312877655,0.14341500401496887
1997-06-13T00:00:00Z,0.14341500401496887,0.141183003783226
1997-06-16T00:00:00Z,0.14174099266529083,0.13839299976825714
1997-06-17T00:00:00Z,0.13895100355148315,0.14592599868774414
1997-06-18T00:00:00Z,0.1439729928970337,0.14229899644851685
1997-06-19T00:00:00Z,0.14285700023174286,0.140625
1997-06-20T00:00:00Z,0.140066996216774,0.13895100355148315
1997-06-23T00:00:00Z,0.13839299976825714,0.1372770071029663
1997-06-24T00:00:00Z,0.13783499598503113,0.1367190033197403
1997-06-25T00:00:00Z,0.1367190033197403,0.13504500687122345
1997-06-26T00:00:00Z,0.13504500687122345,0.13113799691200256
1997-06-27T00:00:00Z,0.13113799691200256,0.13113799691200256
1997-06-30T00:00:00Z,0.13169600069522858,0.12723200023174286
1997-07-01T00:00:00Z,0.12444200366735458,0.11774600297212601
1997-07-02T00:00:00Z,0.11830399930477142,0.11662899702787399
1997-07-03T00:00:00Z,0.1171879991889,0.12221000343561172
1997-07-07T00:00:00Z,0.12444200366735458,0.12332600355148315
1997-07-08T00:00:00Z,0.12388399988412857,0.12276799976825714
1997-07-09T00:00:00Z,0.12332600355148315,0.12221000343561172
1997-07-10T00:00:00Z,0.11495500057935715,0.11830399930477142
1997-07-11T00:00:00Z,0.11941999942064285,0.13560299575328827
1997-07-14T00:00:00Z,0.13616099953651428,0.13950900733470917
1997-07-15T00:00:00Z,0.140625,0.14229899644851685
1997-07-16T00:00:00Z,0.141183003783226,0.14676299691200256
1997-07-17T00:00:00Z,0.15178599953651428,0.15625
1997-07-18T00:00:00Z,0.1595979928970337,0.15485499799251556
1997-07-21T00:00:00Z,0.156808003783226,0.1442520022392273
1997-07-22T00:00:00Z,0.14620499312877655,0.1478790044784546
1997-07-23T00:00:00Z,0.14955399930477142,0.1439729928970337
1997-07-24T00:00:00Z,0.1439729928970337,0.141183003783226
1997-07-25T00:00:00Z,0.14174099266529083,0.14508900046348572
1997-07-28T00:00:00Z,0.14676299691200256,0.14676299691200256
1997-07-29T00:00:00Z,0.14676299691200256,0.14732100069522858
1997-07-30T00:00:00Z,0.15122799575328827,0.15513400733470917
1997-07-31T00:00:00Z,0.15513400733470917,0.15625
1997-08-01T00:00:00Z,0.15736599266529083,0.171316996216774
1997-08-04T00:00:00Z,0.171316996216774,0.17633900046348572
1997-08-05T00:00:00Z,0.17801299691200256,0.17633900046348572
1997-08-06T00:00:00Z,0.22544600069522858,0.234933003783226
1997-08-07T00:00:00Z,0.2566959857940674,0.26060301065444946
1997-08-08T00:00:00Z,0.24832600355148315,0.23939700424671173
1997-08-11T00:00:00Z,0.234933003783226,0.219308003783226
1997-08-12T00:00:00Z,0.2148440033197403,0.19698700308799744
1997-08-13T00:00:00Z,0.19866099953651428,0.2109380066394806
1997-08-14T00:00:00Z,0.2109380066394806,0.20535700023174286
1997-08-15T00:00:00Z,0.2064729928970337,0.20758900046348572
1997-08-18T00:00:00Z,0.20814700424671173,0.2109380066394806
1997-08-19T00:00:00Z,0.2114959955215454,0.218191996216774
1997-08-20T00:00:00Z,0.218191996216774,0.21986599266529083
1997-08-21T00:00:00Z,0.21875,0.21428599953651428
1997-08-22T00:00:00Z,0.20926299691200256,0.2109380066394806
1997-08-25T00:00:00Z,0.2109380066394806,0.20591500401496887
1997-08-26T00:00:00Z,0.20200900733470917,0.19866099953651428
1997-08-27T00:00:00Z,0.1997770071029663,0.202566996216774
1997-08-28T00:00:00Z,0.19754500687122345,0.19642899930477142
1997-08-29T00:00:00Z,0.1947540044784546,0.19419600069522858
1997-09-02T00:00:00Z,0.19642899930477142,0.1997770071029663
1997-09-03T00:00:00Z,0.1997770071029663,0.20089299976825714
1997-09-04T00:00:00Z,0.20145100355148315,0.20089299976825714
1997-09-05T00:00:00Z,0.20200900733470917,0.19810299575328827
1997-09-08T00:00:00Z,0.19866099953651428,0.19196400046348572
1997-09-09T00:00:00Z,0.19029000401496887,0.1947540044784546
1997-09-10T00:00:00Z,0.19419600069522858,0.20479899644851685
1997-09-11T00:00:00Z,0.20424099266529083,0.1997770071029663
1997-09-12T00:00:00Z,0.19810299575328827,0.19698700308799744
1997-09-15T00:00:00Z,0.1953130066394806,0.19196400046348572
1997-09-16T00:00:00Z,0.19698700308799744,0.1958709955215454
1997-09-17T00:00:00Z,0.19642899930477142,0.1947540044784546
1997-09-18T00:00:00Z,0.19196400046348572,0.1992190033197403
1997-09-19T00:00:00Z,0.19810299575328827,0.1958709955215454
1997-09-22T00:00:00Z,0.19754500687122345,0.203683003783226
1997-09-23T00:00:00Z,0.19866099953651428,0.19419600069522858
1997-09-24T00:00:00Z,0.19363799691200256,0.19196400046348572
1997-09-25T00:00:00Z,0.19029000401496887,0.18861599266529083
1997-09-26T00:00:00Z,0.19196400046348572,0.19029000401496887
1997-09-29T00:00:00Z,0.19363799691200256,0.19698700308799744
1997-09-30T00:00:00Z,0.19642899930477142,0.19363799691200256
1997-10-01T00:00:00Z,0.19363799691200256,0.19224299490451813
1997-10-02T00:00:00Z,0.1914059966802597,0.1958709955215454
1997-10-03T00:00:00Z,0.19642899930477142,0.19754500687122345
1997-10-06T00:00:00Z,0.19810299575328827,0.1958709955215454
1997-10-07T00:00:00Z,0.1953130066394806,0.1947540044784546
1997-10-08T00:00:00Z,0.19419600069522858,0.19196400046348572
1997-10-09T00:00:00Z,0.18973200023174286,0.19419600069522858
1997-10-10T00:00:00Z,0.19196400046348572,0.202566996216774
1997-10-13T00:00:00Z,0.203125,0.202566996216774
1997-10-14T00:00:00Z,0.202566996216774,0.202566996216774
1997-10-15T00:00:00Z,0.19754500687122345,0.21261200308799744
1997-10-16T00:00:00Z,0.18861599266529083,0.19196400046348572
1997-10-17T00:00:00Z,0.18861599266529083,0.1796880066394806
1997-10-20T00:00:00Z,0.1796880066394806,0.16685299575328827
1997-10-21T00:00:00Z,0.1685270071029663,0.17020100355148315
1997-10-22T00:00:00Z,0.17020100355148315,0.16573700308799744
1997-10-23T00:00:00Z,0.16071400046348572,0.15848200023174286
1997-10-24T00:00:00Z,0.16182999312877655,0.1478790044784546
1997-10-27T00:00:00Z,0.14955399930477142,0.14955399930477142
1997-10-28T00:00:00Z,0.14285700023174286,0.16182999312877655
1997-10-29T00:00:00Z,0.1646209955215454,0.15625
1997-10-30T00:00:00Z,0.1523440033197403,0.14732100069522858
1997-10-31T00:00:00Z,0.15513400733470917,0.1520649939775467
1997-11-03T00:00:00Z,0.156808003783226,0.15513400733470917
1997-11-04T00:00:00Z,0.15848200023174286,0.1601559966802597
1997-11-05T00:00:00Z,0.16294600069522858,0.1640630066394806
1997-11-06T00:00:00Z,0.1685270071029663,0.16964299976825714
1997-11-07T00:00:00Z,0.1685270071029663,0.17633900046348572
1997-11-10T00:00:00Z,0.1875,0.16685299575328827
1997-11-11T00:00:00Z,0.16964299976825714,0.1640630066394806
1997-11-12T00:00:00Z,0.16127200424671173,0.15736599266529083
1997-11-13T00:00:00Z,0.16071400046348572,0.16071400046348572
1997-11-14T00:00:00Z,0.16294600069522858,0.1646209955215454
1997-11-17T00:00:00Z,0.1685270071029663,0.16517899930477142
1997-11-18T00:00:00Z,0.16517899930477142,0.16127200424671173
1997-11-19T00:00:00Z,0.1595979928970337,0.16294600069522858
1997-11-20T00:00:00Z,0.16238799691200256,0.16517899930477142
1997-11-21T00:00:00Z,0.16629500687122345,0.16238799691200256
1997-11-24T00:00:00Z,0.156808003783226,0.15736599266529083
1997-11-25T00:00:00Z,0.15792399644851685,0.15513400733470917
1997-11-26T00:00:00Z,0.15513400733470917,0.15625
1997-11-28T00:00:00Z,0.15736599266529083,0.15848200023174286
1997-12-01T00:00:00Z,0.15792399644851685,0.15848200023174286
1997-12-02T00:00:00Z,0.15513400733470917,0.14174099266529083
1997-12-03T00:00:00Z,0.14341500401496887,0.140625
1997-12-04T00:00:00Z,0.14285700023174286,0.13950900733470917
1997-12-05T00:00:00Z,0.13895100355148315,0.141183003783226
1997-12-08T00:00:00Z,0.13895100355148315,0.13895100355148315
1997-12-09T00:00:00Z,0.13839299976825714,0.13616099953651428
1997-12-10T00:00:00Z,0.13448700308799744,0.13169600069522858
1997-12-11T00:00:00Z,0.1289059966802597,0.13002200424671173
1997-12-12T00:00:00Z,0.13169600069522858,0.12611599266529083
1997-12-15T00:00:00Z,0.12611599266529083,0.12444200366735458
1997-12-16T00:00:00Z,0.125,0.12779000401496887
1997-12-17T00:00:00Z,0.12779000401496887,0.12444200366735458
1997-12-18T00:00:00Z,0.125,0.12332600355148315
1997-12-19T00:00:00Z,0.1210940033197403,0.12221000343561172
1997-12-22T00:00:00Z,0.12388399988412857,0.11886200308799744
1997-12-23T00:00:00Z,0.1171879991889,0.11551299691200256
1997-12-24T00:00:00Z,0.11607100069522858,0.1171879991889
1997-12-26T00:00:00Z,0.11662899702787399,0.11886200308799744
1997-12-29T00:00:00Z,0.11886200308799744,0.1171879991889
1997-12-30T00:00:00Z,0.11607100069522858,0.11774600297212601
1997-12-31T00:00:00Z,0.1171879991889,0.1171879991889
1998-01-02T00:00:00Z,0.12165199965238571,0.14508900046348572
1998-01-05T00:00:00Z,0.14732100069522858,0.14174099266529083
1998-01-06T00:00:00Z,0.14229899644851685,0.16908499598503113
1998-01-07T00:00:00Z,0.1679690033197403,0.15625
1998-01-08T00:00:00Z,0.155691996216774,0.16238799691200256
1998-01-09T00:00:00Z,0.16182999312877655,0.16238799691200256
1998-01-12T00:00:00Z,0.155691996216774,0.16294600069522858
1998-01-13T00:00:00Z,0.16629500687122345,0.17410700023174286
1998-01-14T00:00:00Z,0.17745499312877655,0.17633900046348572
1998-01-15T00:00:00Z,0.171316996216774,0.171316996216774
1998-01-16T00:00:00Z,0.17354899644851685,0.1679690033197403
1998-01-20T00:00:00Z,0.17020100355148315,0.17020100355148315
1998-01-21T00:00:00Z,0.16741099953651428,0.16880600154399872
1998-01-22T00:00:00Z,0.16685299575328827,0.171875
1998-01-23T00:00:00Z,0.17299099266529083,0.17410700023174286
1998-01-26T00:00:00Z,0.17354899644851685,0.17354899644851685
1998-01-27T00:00:00Z,0.171316996216774,0.17075900733470917
1998-01-28T00:00:00Z,0.171316996216774,0.171316996216774
1998-01-29T00:00:00Z,0.16908499598503113,0.16517899930477142
1998-01-30T00:00:00Z,0.1635040044784546,0.1635040044784546
1998-02-02T00:00:00Z,0.16517899930477142,0.15792399644851685
1998-02-03T00:00:00Z,0.15792399644851685,0.1635040044784546
1998-02-04T00:00:00Z,0.16127200424671173,0.16294600069522858
1998-02-05T00:00:00Z,0.16294600069522858,0.1635040044784546
1998-02-06T00:00:00Z,0.1640630066394806,0.16517899930477142
1998-02-09T00:00:00Z,0.1640630066394806,0.171316996216774
1998-02-10T00:00:00Z,0.17075900733470917,0.17354899644851685
1998-02-11T00:00:00Z,0.17410700023174286,0.16964299976825714
1998-02-12T00:00:00Z,0.17075900733470917,0.17299099266529083
1998-02-13T00:00:00Z,0.171316996216774,0.17410700023174286
1998-02-17T00:00:00Z,0.17410700023174286,0.1752229928970337
1998-02-18T00:00:00Z,0.17466500401496887,0.1835940033197403
1998-02-19T00:00:00Z,0.18638400733470917,0.18247799575328827
1998-02-20T00:00:00Z,0.18303599953651428,0.17857100069522858
1998-02-23T00:00:00Z,0.1796880066394806,0.18973200023174286
1998-02-24T00:00:00Z,0.19029000401496887,0.19029000401496887
1998-02-25T00:00:00Z,0.19029000401496887,0.1992190033197403
1998-02-26T00:00:00Z,0.1992190033197403,0.20982100069522858
1998-02-27T00:00:00Z,0.20814700424671173,0.2109380066394806
1998-03-02T00:00:00Z,0.2103790044784546,0.203125
1998-03-03T00:00:00Z,0.1953130066394806,0.2064729928970337
1998-03-04T00:00:00Z,0.20424099266529083,0.218191996216774
1998-03-05T00:00:00Z,0.20758900046348572,0.2148440033197403
1998-03-06T00:00:00Z,0.21317000687122345,0.218191996216774
1998-03-09T00:00:00Z,0.21205399930477142,0.203125
1998-03-10T00:00:00Z,0.20535700023174286,0.2148440033197403
1998-03-11T00:00:00Z,0.22432999312877655,0.23325900733470917
1998-03-12T00:00:00Z,0.23325900733470917,0.24107100069522858
1998-03-13T00:00:00Z,0.24330399930477142,0.2421880066394806
1998-03-16T00:00:00Z,0.2421880066394806,0.2382809966802597
1998-03-17T00:00:00Z,0.23660700023174286,0.23521199822425842
1998-03-18T00:00:00Z,0.23214299976825714,0.24051299691200256
1998-03-19T00:00:00Z,0.23995499312877655,0.23883900046348572
1998-03-20T00:00:00Z,0.2382809966802597,0.23549099266529083
1998-03-23T00:00:00Z,0.23158499598503113,0.23325900733470917
1998-03-24T00:00:00Z,0.23549099266529083,0.25
1998-03-25T00:00:00Z,0.2466520071029663,0.242467001080513
1998-03-26T00:00:00Z,0.23883900046348572,0.23716500401496887
1998-03-27T00:00:00Z,0.2377229928970337,0.24051299691200256
1998-03-30T00:00:00Z,0.23883900046348572,0.24497799575328827
1998-03-31T00:00:00Z,0.24497799575328827,0.24553599953651428
1998-04-01T00:00:00Z,0.24497799575328827,0.24553599953651428
1998-04-02T00:00:00Z,0.24386200308799744,0.24386200308799744
1998-04-03T00:00:00Z,0.2421880066394806,0.2416290044784546
1998-04-06T00:00:00Z,0.24107100069522858,0.234375
1998-04-07T00:00:00Z,0.2304690033197403,0.22767899930477142
1998-04-08T00:00:00Z,0.22544600069522858,0.22321400046348572
1998-04-09T00:00:00Z,0.22377200424671173,0.22879500687122345
1998-04-13T00:00:00Z,0.22879500687122345,0.23604899644851685
1998-04-14T00:00:00Z,0.23549099266529083,0.24051299691200256
1998-04-15T00:00:00Z,0.2427459955215454,0.24497799575328827
1998-04-16T00:00:00Z,0.2611609995365143,0.25558000802993774
1998-04-17T00:00:00Z,0.25502198934555054,0.249441996216774
1998-04-20T00:00:00Z,0.2466520071029663,0.2589290142059326
1998-04-21T00:00:00Z,0.25948700308799744,0.2589290142059326
1998-04-22T00:00:00Z,0.2566959857940674,0.24553599953651428
1998-04-23T00:00:00Z,0.24497799575328827,0.24720999598503113
1998-04-24T00:00:00Z,0.24776799976825714,0.249441996216774
1998-04-27T00:00:00Z,0.23883900046348572,0.24776799976825714
1998-04-28T00:00:00Z,0.24888400733470917,0.24051299691200256
1998-04-29T00:00:00Z,0.24051299691200256,0.24107100069522858
1998-04-30T00:00:00Z,0.24442000687122345,0.24442000687122345
1998-05-01T00:00:00Z,0.24553599953651428,0.25
1998-05-04T00:00:00Z,0.2578130066394806,0.25948700308799744
1998-05-05T00:00:00Z,0.2611609995365143,0.2650670111179352
1998-05-06T00:00:00Z,0.266741007566452,0.27064698934555054
1998-05-07T00:00:00Z,0.2728790044784546,0.2695310115814209
1998-05-08T00:00:00Z,0.26841500401496887,0.27176299691200256
1998-05-11T00:00:00Z,0.27566999197006226,0.27622801065444946
1998-05-12T00:00:00Z,0.2728790044784546,0.2689729928970337
1998-05-13T00:00:00Z,0.26841500401496887,0.27176299691200256
1998-05-14T00:00:00Z,0.27120500802993774,0.26841500401496887
1998-05-15T00:00:00Z,0.26841500401496887,0.26395100355148315
1998-05-18T00:00:00Z,0.2622770071029663,0.2544640004634857
1998-05-19T00:00:00Z,0.2583709955215454,0.2622770071029663
1998-05-20T00:00:00Z,0.264508992433548,0.26395100355148315
1998-05-21T00:00:00Z,0.26395100355148315,0.2578130066394806
1998-05-22T00:00:00Z,0.2566959857940674,0.24888400733470917
1998-05-26T00:00:00Z,0.2505579888820648,0.2382809966802597
1998-05-27T00:00:00Z,0.22935299575328827,0.23883900046348572
1998-05-28T00:00:00Z,0.23883900046348572,0.24497799575328827
1998-05-29T00:00:00Z,0.24553599953651428,0.2377229928970337
1998-06-01T00:00:00Z,0.23660700023174286,0.234375
1998-06-02T00:00:00Z,0.23604899644851685,0.23995499312877655
1998-06-03T00:00:00Z,0.2421880066394806,0.234933003783226
1998-06-04T00:00:00Z,0.2377229928970337,0.23939700424671173
1998-06-05T00:00:00Z,0.23995499312877655,0.23995499312877655
1998-06-08T00:00:00Z,0.24107100069522858,0.24330399930477142
1998-06-09T00:00:00Z,0.24442000687122345,0.25223198533058167
1998-06-10T00:00:00Z,0.25,0.2505579888820648
1998-06-11T00:00:00Z,0.25167399644851685,0.24832600355148315
1998-06-12T00:00:00Z,0.2466520071029663,0.251116007566452
1998-06-15T00:00:00Z,0.24330399930477142,0.24553599953651428
1998-06-16T00:00:00Z,0.24720999598503113,0.25
1998-06-17T00:00:00Z,0.25,0.251116007566452
1998-06-18T00:00:00Z,0.24776799976825714,0.24386200308799744
1998-06-19T00:00:00Z,0.24442000687122345,0.2416290044784546
1998-06-22T00:00:00Z,0.24107100069522858,0.24442000687122345
1998-06-23T00:00:00Z,0.24497799575328827,0.24832600355148315
1998-06-24T00:00:00Z,0.24776799976825714,0.25223198533058167
1998-06-25T00:00:00Z,0.25502198934555054,0.25502198934555054
1998-06-26T00:00:00Z,0.2544640004634857,0.25167399644851685
1998-06-29T00:00:00Z,0.25223198533058167,0.25613799691200256
1998-06-30T00:00:00Z,0.25558000802993774,0.25613799691200256
1998-07-01T00:00:00Z,0.2578130066394806,0.26729899644851685
1998-07-02T00:00:00Z,0.2650670111179352,0.2589290142059326
1998-07-06T00:00:00Z,0.26339301466941833,0.27120500802993774
1998-07-07T00:00:00Z,0.27120500802993774,0.2723209857940674
1998-07-08T00:00:00Z,0.2745540142059326,0.29073700308799744
1998-07-09T00:00:00Z,0.29408499598503113,0.28292399644851685
1998-07-10T00:00:00Z,0.28738799691200256,0.28627198934555054
1998-07-13T00:00:00Z,0.2851560115814209,0.30301299691200256
1998-07-14T00:00:00Z,0.30301299691200256,0.29854899644851685
1998-07-15T00:00:00Z,0.3007810115814209,0.30747801065444946
1998-07-16T00:00:00Z,0.33816999197006226,0.3348209857940674
1998-07-17T00:00:00Z,0.3325890004634857,0.329241007566452
1998-07-20T00:00:00Z,0.32645100355148315,0.3236609995365143
1998-07-21T00:00:00Z,0.32254499197006226,0.31808000802993774
1998-07-22T00:00:00Z,0.3119420111179352,0.3125
1998-07-23T00:00:00Z,0.31082600355148315,0.3119420111179352
1998-07-24T00:00:00Z,0.3158479928970337,0.30970999598503113
1998-07-27T00:00:00Z,0.3058040142059326,0.30747801065444946
1998-07-28T00:00:00Z,0.3041290044784546,0.3002229928970337
1998-07-29T00:00:00Z,0.3013390004634857,0.313616007566452
1998-07-30T00:00:00Z,0.3197540044784546,0.32589301466941833
1998-07-31T00:00:00Z,0.327008992433548,0.3091520071029663
1998-08-03T00:00:00Z,0.3058040142059326,0.313616007566452
1998-08-04T00:00:00Z,0.3169640004634857,0.3052459955215454
1998-08-05T00:00:00Z,0.3013390004634857,0.3214290142059326
1998-08-06T00:00:00Z,0.3130579888820648,0.329241007566452
1998-08-07T00:00:00Z,0.3320310115814209,0.32589301466941833
1998-08-10T00:00:00Z,0.3242189884185791,0.33872801065444946
1998-08-11T00:00:00Z,0.3370540142059326,0.3482140004634857
1998-08-12T00:00:00Z,0.3549109995365143,0.35770100355148315
1998-08-13T00:00:00Z,0.35658499598503113,0.3521209955215454
1998-08-14T00:00:00Z,0.3632810115814209,0.36160698533058167
1998-08-17T00:00:00Z,0.3660709857940674,0.3744420111179352
1998-08-18T00:00:00Z,0.3789060115814209,0.38002198934555054
1998-08-19T00:00:00Z,0.38839301466941833,0.3660709857940674
1998-08-20T00:00:00Z,0.3660709857940674,0.3627229928970337
1998-08-21T00:00:00Z,0.35714301466941833,0.3839290142059326
1998-08-24T00:00:00Z,0.38783499598503113,0.3677459955215454
1998-08-25T00:00:00Z,0.3783479928970337,0.36439698934555054
1998-08-26T00:00:00Z,0.3560270071029663,0.360491007566452
1998-08-27T00:00:00Z,0.3504459857940674,0.3348209857940674
1998-08-28T00:00:00Z,0.3314729928970337,0.3052459955215454
1998-08-31T00:00:00Z,0.31026801466941833,0.27845999598503113
1998-09-01T00:00:00Z,0.280133992433548,0.3046880066394806
1998-09-02T00:00:00Z,0.3169640004634857,0.31752198934555054
1998-09-03T00:00:00Z,0.3125,0.3091520071029663
1998-09-04T00:00:00Z,0.3169640004634857,0.313616007566452
1998-09-08T00:00:00Z,0.3392859995365143,0.34151801466941833
1998-09-09T00:00:00Z,0.3398439884185791,0.33370500802993774
1998-09-10T00:00:00Z,0.3236609995365143,0.3404020071029663
1998-09-11T00:00:00Z,0.34375,0.3359380066394806
1998-09-14T00:00:00Z,0.34151801466941833,0.3320310115814209
1998-09-15T00:00:00Z,0.328125,0.34095999598503113
1998-09-16T00:00:00Z,0.344866007566452,0.33314698934555054
1998-09-17T00:00:00Z,0.32198700308799744,0.3214290142059326
1998-09-18T00:00:00Z,0.32198700308799744,0.328125
1998-09-21T00:00:00Z,0.31863799691200256,0.32979899644851685
1998-09-22T00:00:00Z,0.3314729928970337,0.33035698533058167
1998-09-23T00:00:00Z,0.3325890004634857,0.34207600355148315
1998-09-24T00:00:00Z,0.33816999197006226,0.34375
1998-09-25T00:00:00Z,0.34095999598503113,0.34598198533058167
1998-09-28T00:00:00Z,0.3549109995365143,0.34877198934555054
1998-09-29T00:00:00Z,0.34877198934555054,0.3526790142059326
1998-09-30T00:00:00Z,0.34598198533058167,0.3404020071029663
1998-10-01T00:00:00Z,0.328125,0.31863799691200256
1998-10-02T00:00:00Z,0.3169640004634857,0.3130579888820648
1998-10-05T00:00:00Z,0.3035709857940674,0.28738799691200256
1998-10-06T00:00:00Z,0.3007810115814209,0.29073700308799744
1998-10-07T00:00:00Z,0.2890630066394806,0.2851560115814209
1998-10-08T00:00:00Z,0.2767859995365143,0.27511200308799744
1998-10-09T00:00:00Z,0.28348198533058167,0.313616007566452
1998-10-12T00:00:00Z,0.3348209857940674,0.33426299691200256
1998-10-13T00:00:00Z,0.3398439884185791,0.34598198533058167
1998-10-14T00:00:00Z,0.3549109995365143,0.33370500802993774
1998-10-15T00:00:00Z,0.3236609995365143,0.327008992433548
1998-10-16T00:00:00Z,0.3314729928970337,0.3275670111179352
1998-10-19T00:00:00Z,0.3275670111179352,0.3348209857940674
1998-10-20T00:00:00Z,0.33872801065444946,0.32198700308799744
1998-10-21T00:00:00Z,0.328125,0.3314729928970337
1998-10-22T00:00:00Z,0.329241007566452,0.328125
1998-10-23T00:00:00Z,0.328125,0.3169640004634857
1998-10-26T00:00:00Z,0.32198700308799744,0.33426299691200256
1998-10-27T00:00:00Z,0.3392859995365143,0.31473198533058167
1998-10-28T00:00:00Z,0.31473198533058167,0.3286829888820648
1998-10-29T00:00:00Z,0.32533499598503113,0.32533499598503113
1998-10-30T00:00:00Z,0.3286829888820648,0.3314729928970337
1998-11-02T00:00:00Z,0.3348209857940674,0.3359380066394806
1998-11-03T00:00:00Z,0.33370500802993774,0.33761200308799744
1998-11-04T00:00:00Z,0.3443079888820648,0.34542399644851685
1998-11-05T00:00:00Z,0.342633992433548,0.34095999598503113
1998-11-06T00:00:00Z,0.33816999197006226,0.3398439884185791
1998-11-09T00:00:00Z,0.3364959955215454,0.327008992433548
1998-11-10T00:00:00Z,0.32310301065444946,0.313616007566452
1998-11-11T00:00:00Z,0.3191959857940674,0.29966500401496887
1998-11-12T00:00:00Z,0.295758992433548,0.3035709857940674
1998-11-13T00:00:00Z,0.3119420111179352,0.31863799691200256
1998-11-16T00:00:00Z,0.3208709955215454,0.3214290142059326
1998-11-17T00:00:00Z,0.3191959857940674,0.31082600355148315
1998-11-18T00:00:00Z,0.31417399644851685,0.3164060115814209
1998-11-19T00:00:00Z,0.3169640004634857,0.3191959857940674
1998-11-20T00:00:00Z,0.32533499598503113,0.31529000401496887
1998-11-23T00:00:00Z,0.31752198934555054,0.3236609995365143
1998-11-24T00:00:00Z,0.32254499197006226,0.3208709955215454
1998-11-25T00:00:00Z,0.3203130066394806,0.313616007566452
1998-11-27T00:00:00Z,0.3130579888820648,0.3130579888820648
1998-11-30T00:00:00Z,0.3085939884185791,0.2851560115814209
1998-12-01T00:00:00Z,0.2857140004634857,0.3046880066394806
1998-12-02T00:00:00Z,0.3046880066394806,0.3214290142059326
1998-12-03T00:00:00Z,0.3242189884185791,0.3007810115814209
1998-12-04T00:00:00Z,0.30636200308799744,0.2924109995365143
1998-12-07T00:00:00Z,0.297991007566452,0.3013390004634857
1998-12-08T00:00:00Z,0.30301299691200256,0.28627198934555054
1998-12-09T00:00:00Z,0.29185301065444946,0.2857140004634857
1998-12-10T00:00:00Z,0.29185301065444946,0.2857140004634857
1998-12-11T00:00:00Z,0.2879459857940674,0.3013390004634857
1998-12-14T00:00:00Z,0.2935270071029663,0.2901790142059326
1998-12-15T00:00:00Z,0.2924109995365143,0.29966500401496887
1998-12-16T00:00:00Z,0.3013390004634857,0.2929689884185791
1998-12-17T00:00:00Z,0.29408499598503113,0.29854899644851685
1998-12-18T00:00:00Z,0.297991007566452,0.31417399644851685
1998-12-21T00:00:00Z,0.3158479928970337,0.3130579888820648
1998-12-22T00:00:00Z,0.3247770071029663,0.3392859995365143
1998-12-23T00:00:00Z,0.344866007566452,0.3554689884185791
1998-12-24T00:00:00Z,0.3560270071029663,0.3504459857940674
1998-12-28T00:00:00Z,0.3482140004634857,0.36495500802993774
1998-12-29T00:00:00Z,0.3671880066394806,0.36439698934555054
1998-12-30T00:00:00Z,0.358258992433548,0.35770100355148315
1998-12-31T00:00:00Z,0.36160698533058167,0.36551299691200256
1999-01-04T00:00:00Z,0.376116007566452,0.3683040142059326
1999-01-05T00:00:00Z,0.3744420111179352,0.3867189884185791
1999-01-06T00:00:00Z,0.3939729928970337,0.37276801466941833
1999-01-07T00:00:00Z,0.37723198533058167,0.4017859995365143
1999-01-08T00:00:00Z,0.41573700308799744,0.4017859995365143
1999-01-11T00:00:00Z,0.40848198533058167,0.4095979928970337
1999-01-12T00:00:00Z,0.4135040044784546,0.41183000802993774
1999-01-13T00:00:00Z,0.3828130066394806,0.4151790142059326
1999-01-14T00:00:00Z,0.40625,0.36941999197006226
1999-01-15T00:00:00Z,0.37332600355148315,0.36886200308799744
1999-01-19T00:00:00Z,0.3744420111179352,0.36495500802993774
1999-01-20T00:00:00Z,0.3666290044784546,0.36216500401496887
1999-01-21T00:00:00Z,0.36104899644851685,0.34654000401496887
1999-01-22T00:00:00Z,0.3364959955215454,0.34598198533058167
1999-01-25T00:00:00Z,0.3504459857940674,0.3515630066394806
1999-01-26T00:00:00Z,0.35658499598503113,0.36160698533058167
1999-01-27T00:00:00Z,0.3660709857940674,0.358258992433548
1999-01-28T00:00:00Z,0.36495500802993774,0.36495500802993774
1999-01-29T00:00:00Z,0.3677459955215454,0.3677459955215454
1999-02-01T00:00:00Z,0.37220999598503113,0.36551299691200256
1999-02-02T00:00:00Z,0.360491007566452,0.34988799691200256
1999-02-03T00:00:00Z,0.3482140004634857,0.3588170111179352
1999-02-04T00:00:00Z,0.3588170111179352,0.33816999197006226
1999-02-05T00:00:00Z,0.34151801466941833,0.3242189884185791
1999-02-08T00:00:00Z,0.3275670111179352,0.3370540142059326
1999-02-09T00:00:00Z,0.33872801065444946,0.3320310115814209
1999-02-10T00:00:00Z,0.329241007566452,0.34207600355148315
1999-02-11T00:00:00Z,0.34598198533058167,0.35379499197006226
1999-02-12T00:00:00Z,0.34933000802993774,0.3364959955215454
1999-02-16T00:00:00Z,0.3470979928970337,0.34207600355148315
1999-02-17T00:00:00Z,0.3404020071029663,0.33035698533058167
1999-02-18T00:00:00Z,0.3353790044784546,0.3214290142059326
1999-02-19T00:00:00Z,0.3236609995365143,0.3320310115814209
1999-02-22T00:00:00Z,0.33370500802993774,0.3431920111179352
1999-02-23T00:00:00Z,0.3443079888820648,0.3431920111179352
1999-02-24T00:00:00Z,0.34654000401496887,0.33426299691200256
1999-02-25T00:00:00Z,0.33314698934555054,0.32979899644851685
1999-02-26T00:00:00Z,0.32589301466941833,0.31082600355148315
1999-03-01T00:00:00Z,0.31082600355148315,0.3013390004634857
1999-03-02T00:00:00Z,0.3046880066394806,0.3091520071029663
1999-03-03T00:00:00Z,0.31026801466941833,0.3052459955215454
1999-03-04T00:00:00Z,0.3080359995365143,0.29854899644851685
1999-03-05T00:00:00Z,0.30636200308799744,0.2963170111179352
1999-03-08T00:00:00Z,0.296875,0.30691999197006226
1999-03-09T00:00:00Z,0.30636200308799744,0.3046880066394806
1999-03-10T00:00:00Z,0.3052459955215454,0.29073700308799744
1999-03-11T00:00:00Z,0.2879459857940674,0.28738799691200256
1999-03-12T00:00:00Z,0.2885040044784546,0.2963170111179352
1999-03-15T00:00:00Z,0.2974329888820648,0.3041290044784546
1999-03-16T00:00:00Z,0.3125,0.3169640004634857
1999-03-17T00:00:00Z,0.3208709955215454,0.3041290044784546
1999-03-18T00:00:00Z,0.30691999197006226,0.3169640004634857
1999-03-19T00:00:00Z,0.3208709955215454,0.29910698533058167
1999-03-22T00:00:00Z,0.3035709857940674,0.3130579888820648
1999-03-23T00:00:00Z,0.30747801065444946,0.29464301466941833
1999-03-24T00:00:00Z,0.296875,0.3007810115814209
1999-03-25T00:00:00Z,0.30691999197006226,0.30189698934555054
1999-03-26T00:00:00Z,0.3013390004634857,0.296875
1999-03-29T00:00:00Z,0.29910698533058167,0.3158479928970337
1999-03-30T00:00:00Z,0.3125,0.3203130066394806
1999-03-31T00:00:00Z,0.3247770071029663,0.3208709955215454
1999-04-01T00:00:00Z,0.32198700308799744,0.32198700308799744
1999-04-05T00:00:00Z,0.3214290142059326,0.33091500401496887
1999-04-06T00:00:00Z,0.3286829888820648,0.3392859995365143
1999-04-07T00:00:00Z,0.3398439884185791,0.3314729928970337
1999-04-08T00:00:00Z,0.329241007566452,0.329241007566452
1999-04-09T00:00:00Z,0.3236609995365143,0.328125
1999-04-12T00:00:00Z,0.3125,0.3236609995365143
1999-04-13T00:00:00Z,0.3242189884185791,0.3091520071029663
1999-04-14T00:00:00Z,0.31473198533058167,0.3172430098056793
1999-04-15T00:00:00Z,0.3158479928970337,0.3191959857940674
1999-04-16T00:00:00Z,0.3203130066394806,0.3164060115814209
1999-04-19T00:00:00Z,0.31863799691200256,0.30245500802993774
1999-04-20T00:00:00Z,0.30245500802993774,0.3041290044784546
1999-04-21T00:00:00Z,0.3035709857940674,0.30691999197006226
1999-04-22T00:00:00Z,0.3130579888820648,0.3247770071029663
1999-04-23T00:00:00Z,0.3236609995365143,0.34988799691200256
1999-04-26T00:00:00Z,0.3526790142059326,0.36551299691200256
1999-04-27T00:00:00Z,0.3839290142059326,0.40848198533058167
1999-04-28T00:00:00Z,0.3984380066394806,0.39341500401496887
1999-04-29T00:00:00Z,0.3861609995365143,0.3839290142059326
1999-04-30T00:00:00Z,0.39285698533058167,0.4107140004634857
1999-05-03T00:00:00Z,0.41127198934555054,0.44252198934555054
1999-05-04T00:00:00Z,0.4308040142059326,0.4151790142059326
1999-05-05T00:00:00Z,0.4135040044784546,0.41964301466941833
1999-05-06T00:00:00Z,0.41573700308799744,0.3973209857940674
1999-05-07T00:00:00Z,0.3984380066394806,0.4095979928970337
1999-05-10T00:00:00Z,0.4174109995365143,0.40401801466941833
1999-05-11T00:00:00Z,0.40066999197006226,0.3995540142059326
1999-05-12T00:00:00Z,0.40066999197006226,0.4151790142059326
1999-05-13T00:00:00Z,0.4146209955215454,0.41238799691200256
1999-05-14T00:00:00Z,0.4029020071029663,0.39620500802993774
1999-05-17T00:00:00Z,0.390625,0.39620500802993774
1999-05-18T00:00:00Z,0.40011200308799744,0.40401801466941833
1999-05-19T00:00:00Z,0.40625,0.40345999598503113
1999-05-20T00:00:00Z,0.4056920111179352,0.3794640004634857
1999-05-21T00:00:00Z,0.3839290142059326,0.39229899644851685
1999-05-24T00:00:00Z,0.389508992433548,0.3744420111179352
1999-05-25T00:00:00Z,0.3710939884185791,0.3705359995365143
1999-05-26T00:00:00Z,0.37276801466941833,0.39341500401496887
1999-05-27T00:00:00Z,0.38560301065444946,0.38839301466941833
1999-05-28T00:00:00Z,0.3867189884185791,0.39341500401496887
1999-06-01T00:00:00Z,0.4017859995365143,0.40011200308799744
1999-06-02T00:00:00Z,0.3973209857940674,0.41573700308799744
1999-06-03T00:00:00Z,0.4185270071029663,0.42354899644851685
1999-06-04T00:00:00Z,0.4252229928970337,0.4296880066394806
1999-06-07T00:00:00Z,0.4296880066394806,0.4369420111179352
1999-06-08T00:00:00Z,0.43526801466941833,0.4257810115814209
1999-06-09T00:00:00Z,0.42354899644851685,0.43247801065444946
1999-06-10T00:00:00Z,0.42745500802993774,0.4296880066394806
1999-06-11T00:00:00Z,0.4296880066394806,0.4146209955215454
1999-06-14T00:00:00Z,0.4151790142059326,0.4056920111179352
1999-06-15T00:00:00Z,0.40345999598503113,0.41127198934555054
1999-06-16T00:00:00Z,0.4140630066394806,0.42801299691200256
1999-06-17T00:00:00Z,0.4252229928970337,0.4140630066394806
1999-06-18T00:00:00Z,0.405133992433548,0.420758992433548
1999-06-21T00:00:00Z,0.41964301466941833,0.4151790142059326
1999-06-22T00:00:00Z,0.4135040044784546,0.405133992433548
1999-06-23T00:00:00Z,0.4023439884185791,0.3900670111179352
1999-06-24T00:00:00Z,0.389508992433548,0.37779000401496887
1999-06-25T00:00:00Z,0.3794640004634857,0.37667399644851685
1999-06-28T00:00:00Z,0.3789060115814209,0.38002198934555054
1999-06-29T00:00:00Z,0.38141700625419617,0.405133992433548
1999-06-30T00:00:00Z,0.40792399644851685,0.4135040044784546
1999-07-01T00:00:00Z,0.4135040044784546,0.40457600355148315
1999-07-02T00:00:00Z,0.4065290093421936,0.4135040044784546
1999-07-06T00:00:00Z,0.4101560115814209,0.422991007566452
1999-07-07T00:00:00Z,0.422991007566452,0.4453130066394806
1999-07-08T00:00:00Z,0.4564729928970337,0.48660698533058167
1999-07-09T00:00:00Z,0.48660698533058167,0.4966520071029663
1999-07-12T00:00:00Z,0.4955359995365143,0.48660698533058167
1999-07-13T00:00:00Z,0.4776790142059326,0.47935301065444946
1999-07-14T00:00:00Z,0.48660698533058167,0.4994420111179352
1999-07-15T00:00:00Z,0.498883992433548,0.4754459857940674
1999-07-16T00:00:00Z,0.47879499197006226,0.47377198934555054
1999-07-19T00:00:00Z,0.48158499598503113,0.48604899644851685
1999-07-20T00:00:00Z,0.48716500401496887,0.4720979928970337
1999-07-21T00:00:00Z,0.48270100355148315,0.48270100355148315
1999-07-22T00:00:00Z,0.47879499197006226,0.467633992433548
1999-07-23T00:00:00Z,0.47154000401496887,0.4760040044784546
1999-07-26T00:00:00Z,0.4720979928970337,0.45479899644851685
1999-07-27T00:00:00Z,0.469866007566452,0.47935301065444946
1999-07-28T00:00:00Z,0.4810270071029663,0.485491007566452
1999-07-29T00:00:00Z,0.4765630066394806,0.4810270071029663
1999-07-30T00:00:00Z,0.48660698533058167,0.49720999598503113
1999-08-02T00:00:00Z,0.4966520071029663,0.49776801466941833
1999-08-03T00:00:00Z,0.5066959857940674,0.4933040142059326
1999-08-04T00:00:00Z,0.4927459955215454,0.4804689884185791
1999-08-05T00:00:00Z,0.4776790142059326,0.4888390004634857
1999-08-06T00:00:00Z,0.48270100355148315,0.483258992433548
1999-08-09T00:00:00Z,0.4852119982242584,0.48604899644851685
1999-08-10T00:00:00Z,0.48214301466941833,0.49441999197006226
1999-08-11T00:00:00Z,0.5,0.5329239964485168
1999-08-12T00:00:00Z,0.5273439884185791,0.5357139706611633
1999-08-13T00:00:00Z,0.5412949919700623,0.5362719893455505
1999-08-16T00:00:00Z,0.5340399742126465,0.5401790142059326
1999-08-17T00:00:00Z,0.5385040044784546,0.5385040044784546
1999-08-18T00:00:00Z,0.5362719893455505,0.5368300080299377
1999-08-19T00:00:00Z,0.5340399742126465,0.5245540142059326
1999-08-20T00:00:00Z,0.529017984867096,0.5284600257873535
1999-08-23T00:00:00Z,0.5301340222358704,0.5424110293388367
1999-08-24T00:00:00Z,0.5390629768371582,0.5390629768371582
1999-08-25T00:00:00Z,0.5418530106544495,0.5479909777641296
1999-08-26T00:00:00Z,0.5457590222358704,0.5546879768371582
1999-08-27T00:00:00Z,0.560267984867096,0.578125
1999-08-30T00:00:00Z,0.580357015132904,0.5541290044784546
1999-08-31T00:00:00Z,0.5588729977607727,0.5825889706611633
1999-09-01T00:00:00Z,0.5982139706611633,0.6127229928970337
1999-09-02T00:00:00Z,0.6037949919700623,0.6300219893455505
1999-09-03T00:00:00Z,0.6422989964485168,0.65625
1999-09-07T00:00:00Z,0.658482015132904,0.6819199919700623
1999-09-08T00:00:00Z,0.6802459955215454,0.6651790142059326
1999-09-09T00:00:00Z,0.674107015132904,0.6746649742126465
1999-09-10T00:00:00Z,0.6785709857940674,0.6914060115814209
1999-09-13T00:00:00Z,0.6880580186843872,0.669642984867096
1999-09-14T00:00:00Z,0.6671320199966431,0.6947540044784546
1999-09-15T00:00:00Z,0.7042409777641296,0.6729909777641296
1999-09-16T00:00:00Z,0.6791290044784546,0.6858260035514832
1999-09-17T00:00:00Z,0.6902899742126465,0.6869419813156128
1999-09-20T00:00:00Z,0.6875,0.7059149742126465
1999-09-21T00:00:00Z,0.6534600257873535,0.6183040142059326
1999-09-22T00:00:00Z,0.622767984867096,0.6277899742126465
1999-09-23T00:00:00Z,0.6350449919700623,0.5652899742126465
1999-09-24T00:00:00Z,0.5658479928970337,0.5797989964485168
1999-09-27T00:00:00Z,0.5926340222358704,0.5474330186843872
1999-09-28T00:00:00Z,0.549107015132904,0.5323659777641296
1999-09-29T00:00:00Z,0.5379459857940674,0.5273439884185791
1999-09-30T00:00:00Z,0.5318080186843872,0.5652899742126465
1999-10-01T00:00:00Z,0.5546879768371582,0.5510600209236145
1999-10-04T00:00:00Z,0.5569199919700623,0.5764510035514832
1999-10-05T00:00:00Z,0.5859379768371582,0.6065850257873535
1999-10-06T00:00:00Z,0.6194199919700623,0.599888026714325
1999-10-07T00:00:00Z,0.6110489964485168,0.5926340222358704
1999-10-08T00:00:00Z,0.5909600257873535,0.5853790044784546
1999-10-11T00:00:00Z,0.5892860293388367,0.5954239964485168
1999-10-12T00:00:00Z,0.6060270071029663,0.6043530106544495
1999-10-13T00:00:00Z,0.5948659777641296,0.5717080235481262
1999-10-14T00:00:00Z,0.6183040142059326,0.6534600257873535
1999-10-15T00:00:00Z,0.6350449919700623,0.665736973285675
1999-10-18T00:00:00Z,0.6595979928970337,0.654017984867096
1999-10-19T00:00:00Z,0.6395090222358704,0.611607015132904
1999-10-20T00:00:00Z,0.625,0.6707590222358704
1999-10-21T00:00:00Z,0.6478790044784546,0.6796879768371582
1999-10-22T00:00:00Z,0.6886159777641296,0.6601560115814209
1999-10-25T00:00:00Z,0.6629459857940674,0.6651790142059326
1999-10-26T00:00:00Z,0.6690850257873535,0.6702010035514832
1999-10-27T00:00:00Z,0.6640629768371582,0.6819199919700623
1999-10-28T00:00:00Z,0.6880580186843872,0.6953129768371582
1999-10-29T00:00:00Z,0.7036830186843872,0.7154020071029663
1999-11-01T00:00:00Z,0.7142860293388367,0.6930800080299377
1999-11-02T00:00:00Z,0.6964290142059326,0.716517984867096
1999-11-03T00:00:00Z,0.7287949919700623,0.7276790142059326
1999-11-04T00:00:00Z,0.7327010035514832,0.7466520071029663
1999-11-05T00:00:00Z,0.7555800080299377,0.7885040044784546
1999-11-08T00:00:00Z,0.783482015132904,0.8604909777641296
1999-11-09T00:00:00Z,0.8426340222358704,0.8002229928970337
1999-11-10T00:00:00Z,0.7879459857940674,0.8164060115814209
1999-11-11T00:00:00Z,0.8178009986877441,0.8236610293388367
1999-11-12T00:00:00Z,0.8208709955215454,0.8091520071029663
1999-11-15T00:00:00Z,0.8002229928970337,0.7985489964485168
1999-11-16T00:00:00Z,0.8035709857940674,0.8141739964485168
1999-11-17T00:00:00Z,0.8097100257873535,0.8058040142059326
1999-11-18T00:00:00Z,0.8130580186843872,0.8002229928970337
1999-11-19T00:00:00Z,0.799107015132904,0.8253350257873535
1999-11-22T00:00:00Z,0.8191959857940674,0.8091520071029663
1999-11-23T00:00:00Z,0.8191959857940674,0.8286830186843872
1999-11-24T00:00:00Z,0.830357015132904,0.8454239964485168
1999-11-26T00:00:00Z,0.845982015132904,0.8487719893455505
1999-11-29T00:00:00Z,0.841517984867096,0.8443080186843872
1999-11-30T00:00:00Z,0.8761159777641296,0.8738840222358704
1999-12-01T00:00:00Z,0.9017860293388367,0.9202010035514832
1999-12-02T00:00:00Z,0.9207590222358704,0.9838169813156128
1999-12-03T00:00:00Z,1.0016740560531616,1.026785969734192
1999-12-06T00:00:00Z,1.0228790044784546,1.035714030265808
1999-12-07T00:00:00Z,1.0407370328903198,1.0518970489501953
1999-12-08T00:00:00Z,1.0379459857940674,0.9827010035514832
1999-12-09T00:00:00Z,0.9910709857940674,0.939732015132904
1999-12-10T00:00:00Z,0.9402899742126465,0.919642984867096
1999-12-13T00:00:00Z,0.9142019748687744,0.8839290142059326
1999-12-14T00:00:00Z,0.8783479928970337,0.8470979928970337
1999-12-15T00:00:00Z,0.8325889706611633,0.8660709857940674
1999-12-16T00:00:00Z,0.875,0.8777899742126465
1999-12-17T00:00:00Z,0.9006699919700623,0.892857015132904
1999-12-20T00:00:00Z,0.8889510035514832,0.875
1999-12-21T00:00:00Z,0.8766739964485168,0.9151790142059326
1999-12-22T00:00:00Z,0.9185270071029663,0.8922989964485168
1999-12-23T00:00:00Z,0.9090399742126465,0.924107015132904
1999-12-27T00:00:00Z,0.9319199919700623,0.8867189884185791
1999-12-28T00:00:00Z,0.8850449919700623,0.8766739964485168
1999-12-29T00:00:00Z,0.8643969893455505,0.8989959955215454
1999-12-30T00:00:00Z,0.912388026714325,0.8956469893455505
1999-12-31T00:00:00Z,0.9012280106544495,0.9179689884185791
2000-01-03T00:00:00Z,0.9363840222358704,0.9994419813156128
2000-01-04T00:00:00Z,0.966517984867096,0.9151790142059326
2000-01-05T00:00:00Z,0.9263389706611633,0.9285709857940674
2000-01-06T00:00:00Z,0.9475449919700623,0.8482139706611633
2000-01-07T00:00:00Z,0.861607015132904,0.888392984867096
2000-01-10T00:00:00Z,0.9107139706611633,0.872767984867096
2000-01-11T00:00:00Z,0.8565850257873535,0.828125
2000-01-12T00:00:00Z,0.8482139706611633,0.7784600257873535
2000-01-13T00:00:00Z,0.8436099886894226,0.8638389706611633
2000-01-14T00:00:00Z,0.892857015132904,0.896763026714325
2000-01-18T00:00:00Z,0.9017860293388367,0.928013026714325
2000-01-19T00:00:00Z,0.9430800080299377,0.9514510035514832
2000-01-20T00:00:00Z,1.03125,1.0133930444717407
2000-01-21T00:00:00Z,1.020089030265808,0.993861973285675
2000-01-24T00:00:00Z,0.9681919813156128,0.9486610293388367
2000-01-25T00:00:00Z,0.9375,1.0022319555282593
2000-01-26T00:00:00Z,0.982142984867096,0.9838169813156128
2000-01-27T00:00:00Z,0.9715399742126465,0.982142984867096
2000-01-28T00:00:00Z,0.9659600257873535,0.9073659777641296
2000-01-31T00:00:00Z,0.9017860293388367,0.9263389706611633
2000-02-01T00:00:00Z,0.9285709857940674,0.8950889706611633
2000-02-02T00:00:00Z,0.8995540142059326,0.8822540044784546
2000-02-03T00:00:00Z,0.8956469893455505,0.9224330186843872
2000-02-04T00:00:00Z,0.928013026714325,0.9642860293388367
2000-02-07T00:00:00Z,0.9642860293388367,1.0184149742126465
2000-02-08T00:00:00Z,1.0178569555282593,1.025670051574707
2000-02-09T00:00:00Z,1.0189729928970337,1.005579948425293
2000-02-10T00:00:00Z,1.0078129768371582,1.0133930444717407
2000-02-11T00:00:00Z,1.0145089626312256,0.970982015132904
2000-02-14T00:00:00Z,0.9760040044784546,1.0340399742126465
2000-02-15T00:00:00Z,1.0290180444717407,1.0625
2000-02-16T00:00:00Z,1.051339030265808,1.0189729928970337
2000-02-17T00:00:00Z,1.0284600257873535,1.025670051574707
2000-02-18T00:00:00Z,1.0234379768371582,0.9933040142059326
2000-02-22T00:00:00Z,0.9832590222358704,1.0161830186843872
2000-02-23T00:00:00Z,1.0110210180282593,1.0379459857940674
2000-02-24T00:00:00Z,1.0474330186843872,1.0285990238189697
2000-02-25T00:00:00Z,1.0251120328903198,0.9854909777641296
2000-02-28T00:00:00Z,0.9832590222358704,1.011160969734192
2000-02-29T00:00:00Z,1.0139509439468384,1.0234379768371582
2000-03-01T00:00:00Z,1.058593988418579,1.1635040044784546
2000-03-02T00:00:00Z,1.1339290142059326,1.089285969734192
2000-03-03T00:00:00Z,1.114954948425293,1.1428569555282593
2000-03-06T00:00:00Z,1.125,1.1222100257873535
2000-03-07T00:00:00Z,1.128906011581421,1.0970979928970337
2000-03-08T00:00:00Z,1.0970979928970337,1.089285969734192
2000-03-09T00:00:00Z,1.0792410373687744,1.0915180444717407
2000-03-10T00:00:00Z,1.0864959955215454,1.1227680444717407
2000-03-13T00:00:00Z,1.0904020071029663,1.0831470489501953
2000-03-14T00:00:00Z,1.0823099613189697,1.020089030265808
2000-03-15T00:00:00Z,1.0323660373687744,1.0379459857940674
2000-03-16T00:00:00Z,1.0474330186843872,1.0853790044784546
2000-03-17T00:00:00Z,1.072545051574707,1.1160709857940674
2000-03-20T00:00:00Z,1.1026790142059326,1.098214030265808
2000-03-21T00:00:00Z,1.0943080186843872,1.2047990560531616
2000-03-22T00:00:00Z,1.1855469942092896,1.2873879671096802
2000-03-23T00:00:00Z,1.2678569555282593,1.261718988418579
2000-03-24T00:00:00Z,1.2717629671096802,1.238281011581421
2000-03-27T00:00:00Z,1.228795051574707,1.246093988418579
2000-03-28T00:00:00Z,1.2254459857940674,1.2421879768371582
2000-03-29T00:00:00Z,1.244420051574707,1.2137279510498047
2000-03-30T00:00:00Z,1.1925220489501953,1.1227680444717407
2000-03-31T00:00:00Z,1.1378350257873535,1.2126120328903198
2000-04-03T00:00:00Z,1.2098209857940674,1.1902899742126465
2000-04-04T00:00:00Z,1.1841520071029663,1.136718988418579
2000-04-05T00:00:00Z,1.1291849613189697,1.1640629768371582
2000-04-06T00:00:00Z,1.166295051574707,1.1177459955215454
2000-04-07T00:00:00Z,1.136160969734192,1.176339030265808
2000-04-10T00:00:00Z,1.175781011581421,1.1160709857940674
2000-04-11T00:00:00Z,1.1026790142059326,1.066406011581421
2000-04-12T00:00:00Z,1.0625,0.9754459857940674
2000-04-13T00:00:00Z,0.9955360293388367,1.0161830186843872
2000-04-14T00:00:00Z,0.9760040044784546,0.9988840222358704
2000-04-17T00:00:00Z,0.9776790142059326,1.1060270071029663
2000-04-18T00:00:00Z,1.1026790142059326,1.1328129768371582
2000-04-19T00:00:00Z,1.1266740560531616,1.0814729928970337
2000-04-20T00:00:00Z,1.1043529510498047,1.0613839626312256
2000-04-24T00:00:00Z,1.026785969734192,1.0758930444717407
2000-04-25T00:00:00Z,1.0904020071029663,1.1456470489501953
2000-04-26T00:00:00Z,1.130579948425293,1.0831470489501953
2000-04-27T00:00:00Z,1.0463169813156128,1.1316959857940674
2000-04-28T00:00:00Z,1.135045051574707,1.1077009439468384
2000-05-01T00:00:00Z,1.114954948425293,1.1099330186843872
2000-05-02T00:00:00Z,1.1004459857940674,1.052454948425293
2000-05-03T00:00:00Z,1.0619419813156128,1.027343988418579
2000-05-04T00:00:00Z,1.0279020071029663,0.9882810115814209
2000-05-05T00:00:00Z,0.9893969893455505,1.010045051574707
2000-05-08T00:00:00Z,1.000836968421936,0.9832590222358704
2000-05-09T00:00:00Z,0.9849330186843872,0.9414060115814209
2000-05-10T00:00:00Z,0.9291290044784546,0.8867189884185791
2000-05-11T00:00:00Z,0.9051340222358704,0.9179689884185791
2000-05-12T00:00:00Z,0.9464290142059326,0.9609379768371582
2000-05-15T00:00:00Z,0.9648439884185791,0.9017860293388367
2000-05-16T00:00:00Z,0.9331750273704529,0.943638026714325
2000-05-17T00:00:00Z,0.9252229928970337,0.9051340222358704
2000-05-18T00:00:00Z,0.919642984867096,0.8995540142059326
2000-05-19T00:00:00Z,0.8861610293388367,0.8392860293388367
2000-05-22T00:00:00Z,0.8370540142059326,0.803013026714325
2000-05-23T00:00:00Z,0.8080360293388367,0.7661830186843872
2000-05-24T00:00:00Z,0.7695310115814209,0.7829239964485168
2000-05-25T00:00:00Z,0.7901790142059326,0.7791569828987122
2000-05-26T00:00:00Z,0.7857139706611633,0.7712050080299377
2000-05-30T00:00:00Z,0.7823659777641296,0.7818080186843872
2000-05-31T00:00:00Z,0.7756699919700623,0.75
2000-06-01T00:00:00Z,0.7299110293388367,0.7957590222358704
2000-06-02T00:00:00Z,0.8370540142059326,0.8264510035514832
2000-06-05T00:00:00Z,0.8331469893455505,0.8152899742126465
2000-06-06T00:00:00Z,0.821150004863739,0.8292409777641296
2000-06-07T00:00:00Z,0.8359379768371582,0.8621649742126465
2000-06-08T00:00:00Z,0.8716520071029663,0.8465399742126465
2000-06-09T00:00:00Z,0.8638389706611633,0.8549110293388367
2000-06-12T00:00:00Z,0.8604909777641296,0.8141739964485168
2000-06-13T00:00:00Z,0.8141739964485168,0.84375
2000-06-14T00:00:00Z,0.8454239964485168,0.8074780106544495
2000-06-15T00:00:00Z,0.814732015132904,0.8247770071029663
2000-06-16T00:00:00Z,0.8348209857940674,0.8141739964485168
2000-06-19T00:00:00Z,0.8085939884185791,0.8627229928970337
2000-06-20T00:00:00Z,0.8794639706611633,0.904017984867096
2000-06-21T00:00:00Z,0.9017860293388367,0.9933040142059326
2000-06-22T00:00:00Z,0.9955360293388367,0.9598209857940674
2000-06-23T00:00:00Z,0.9603790044784546,0.9229909777641296
2000-06-26T00:00:00Z,0.9375,0.966517984867096
2000-06-27T00:00:00Z,0.9603790044784546,0.924107015132904
2000-06-28T00:00:00Z,0.9520090222358704,0.9720979928970337
2000-06-29T00:00:00Z,0.9475449919700623,0.9151790142059326
2000-06-30T00:00:00Z,0.9430800080299377,0.935267984867096
2000-07-03T00:00:00Z,0.9308040142059326,0.9520090222358704
2000-07-05T00:00:00Z,0.950892984867096,0.921875
2000-07-06T00:00:00Z,0.9375,0.9252229928970337
2000-07-07T00:00:00Z,0.9391739964485168,0.9720979928970337
2000-07-10T00:00:00Z,0.9659600257873535,1.020089030265808
2000-07-11T00:00:00Z,1.0178569555282593,1.0167410373687744
2000-07-12T00:00:00Z,1.0379459857940674,1.051339030265808
2000-07-13T00:00:00Z,1.0446430444717407,1.0089290142059326
2000-07-14T00:00:00Z,1.020089030265808,1.0301339626312256
2000-07-17T00:00:00Z,1.0401790142059326,1.041295051574707
2000-07-18T00:00:00Z,1.0446430444717407,1.0223209857940674
2000-07-19T00:00:00Z,0.9854909777641296,0.9408479928970337
2000-07-20T00:00:00Z,0.982142984867096,0.984375
2000-07-21T00:00:00Z,0.9707030057907104,0.9564729928970337
2000-07-24T00:00:00Z,0.9386159777641296,0.8694199919700623
2000-07-25T00:00:00Z,0.8984379768371582,0.8939729928970337
2000-07-26T00:00:00Z,0.8900669813156128,0.8939729928970337
2000-07-27T00:00:00Z,0.892857015132904,0.9285709857940674
2000-07-28T00:00:00Z,0.9335939884185791,0.8627229928970337
2000-07-31T00:00:00Z,0.8777899742126465,0.9073659777641296
2000-08-01T00:00:00Z,0.8984379768371582,0.8805800080299377
2000-08-02T00:00:00Z,0.875,0.84375
2000-08-03T00:00:00Z,0.8136159777641296,0.857142984867096
2000-08-04T00:00:00Z,0.8833709955215454,0.845982015132904
2000-08-07T00:00:00Z,0.8549110293388367,0.8560270071029663
2000-08-08T00:00:00Z,0.8560270071029663,0.8348209857940674
2000-08-09T00:00:00Z,0.859375,0.8482139706611633
2000-08-10T00:00:00Z,0.857142984867096,0.8493300080299377
2000-08-11T00:00:00Z,0.8364959955215454,0.8515629768371582
2000-08-14T00:00:00Z,0.849888026714325,0.8404020071029663
2000-08-15T00:00:00Z,0.84375,0.8337050080299377
2000-08-16T00:00:00Z,0.8370540142059326,0.8660709857940674
2000-08-17T00:00:00Z,0.8638389706611633,0.9185270071029663
2000-08-18T00:00:00Z,0.9174110293388367,0.892857015132904
2000-08-21T00:00:00Z,0.8973209857940674,0.9017860293388367
2000-08-22T00:00:00Z,0.904017984867096,0.9229909777641296
2000-08-23T00:00:00Z,0.9190850257873535,0.9698659777641296
2000-08-24T00:00:00Z,0.9762830138206482,1.0019530057907104
2000-08-25T00:00:00Z,1.0089290142059326,1.0145089626312256
2000-08-28T00:00:00Z,1.0223209857940674,1.036829948425293
2000-08-29T00:00:00Z,1.0334819555282593,1.056920051574707
2000-08-30T00:00:00Z,1.0535709857940674,1.0625
2000-08-31T00:00:00Z,1.0530129671096802,1.088170051574707
2000-09-01T00:00:00Z,1.0948660373687744,1.1328129768371582
2000-09-05T00:00:00Z,1.1188620328903198,1.114954948425293
2000-09-06T00:00:00Z,1.0959819555282593,1.0435270071029663
2000-09-07T00:00:00Z,1.0558040142059326,1.1071430444717407
2000-09-08T00:00:00Z,1.1004459857940674,1.051339030265808
2000-09-11T00:00:00Z,1.0479910373687744,1.0435270071029663
2000-09-12T00:00:00Z,1.0239959955215454,1.03125
2000-09-13T00:00:00Z,1.0133930444717407,1.035714030265808
2000-09-14T00:00:00Z,1.0457589626312256,1.0153460502624512
2000-09-15T00:00:00Z,1.03125,0.9863280057907104
2000-09-18T00:00:00Z,0.986607015132904,1.0831470489501953
2000-09-19T00:00:00Z,1.066964030265808,1.0703129768371582
2000-09-20T00:00:00Z,1.0608259439468384,1.0901230573654175
2000-09-21T00:00:00Z,1.0446430444717407,1.0122770071029663
2000-09-22T00:00:00Z,0.8984379768371582,0.9319199919700623
2000-09-25T00:00:00Z,0.9419639706611633,0.955357015132904
2000-09-26T00:00:00Z,0.9520090222358704,0.9185270071029663
2000-09-27T00:00:00Z,0.924107015132904,0.8738840222358704
2000-09-28T00:00:00Z,0.8805800080299377,0.955357015132904
2000-09-29T00:00:00Z,0.5033479928970337,0.4598209857940674
2000-10-02T00:00:00Z,0.4765630066394806,0.4330359995365143
2000-10-03T00:00:00Z,0.4453130066394806,0.3984380066394806
2000-10-04T00:00:00Z,0.3995540142059326,0.421875
2000-10-05T00:00:00Z,0.41964301466941833,0.3939729928970337
2000-10-06T00:00:00Z,0.405133992433548,0.39620500802993774
2000-10-09T00:00:00Z,0.40401801466941833,0.38839301466941833
2000-10-10T00:00:00Z,0.3861609995365143,0.37276801466941833
2000-10-11T00:00:00Z,0.359375,0.3504459857940674
2000-10-12T00:00:00Z,0.3627229928970337,0.35714301466941833
2000-10-13T00:00:00Z,0.36160698533058167,0.3939729928970337
2000-10-16T00:00:00Z,0.3984380066394806,0.3839290142059326
2000-10-17T00:00:00Z,0.3872770071029663,0.359375
2000-10-18T00:00:00Z,0.3470979928970337,0.359375
2000-10-19T00:00:00Z,0.34207600355148315,0.33816999197006226
2000-10-20T00:00:00Z,0.3404020071029663,0.3482140004634857
2000-10-23T00:00:00Z,0.36188599467277527,0.3638390004634857
2000-10-24T00:00:00Z,0.36941999197006226,0.3370540142059326
2000-10-25T00:00:00Z,0.3404020071029663,0.33035698533058167
2000-10-26T00:00:00Z,0.3359380066394806,0.33035698533058167
2000-10-27T00:00:00Z,0.3370540142059326,0.3314729928970337
2000-10-30T00:00:00Z,0.34151801466941833,0.344866007566452
2000-10-31T00:00:00Z,0.3526790142059326,0.34933000802993774
2000-11-01T00:00:00Z,0.3470979928970337,0.3660709857940674
2000-11-02T00:00:00Z,0.37723198533058167,0.3984380066394806
2000-11-03T00:00:00Z,0.4107140004634857,0.3973209857940674
2000-11-06T00:00:00Z,0.40066999197006226,0.3828130066394806
2000-11-07T00:00:00Z,0.3839290142059326,0.38058000802993774
2000-11-08T00:00:00Z,0.3816959857940674,0.358258992433548
2000-11-09T00:00:00Z,0.3549109995365143,0.360491007566452
2000-11-10T00:00:00Z,0.34570300579071045,0.3404020071029663
2000-11-13T00:00:00Z,0.3348209857940674,0.34598198533058167
2000-11-14T00:00:00Z,0.3560270071029663,0.36160698533058167
2000-11-15T00:00:00Z,0.35770100355148315,0.3549109995365143
2000-11-16T00:00:00Z,0.3482140004634857,0.3392859995365143
2000-11-17T00:00:00Z,0.342633992433548,0.33035698533058167
2000-11-20T00:00:00Z,0.3320310115814209,0.33816999197006226
2000-11-21T00:00:00Z,0.342633992433548,0.3359380066394806
2000-11-22T00:00:00Z,0.3359380066394806,0.33035698533058167
2000-11-24T00:00:00Z,0.336775004863739,0.344866007566452
2000-11-27T00:00:00Z,0.3549109995365143,0.33370500802993774
2000-11-28T00:00:00Z,0.33370500802993774,0.32198700308799744
2000-11-29T00:00:00Z,0.32310301065444946,0.313616007566452
2000-11-30T00:00:00Z,0.297991007566452,0.29464301466941833
2000-12-01T00:00:00Z,0.3035709857940674,0.3046880066394806
2000-12-04T00:00:00Z,0.30691999197006226,0.297991007566452
2000-12-05T00:00:00Z,0.30245500802993774,0.3035709857940674
2000-12-06T00:00:00Z,0.2611609995365143,0.25558000802993774
2000-12-07T00:00:00Z,0.2578130066394806,0.25558000802993774
2000-12-08T00:00:00Z,0.264508992433548,0.2689729928970337
2000-12-11T00:00:00Z,0.27120500802993774,0.27120500802993774
2000-12-12T00:00:00Z,0.2723209857940674,0.2745540142059326
2000-12-13T00:00:00Z,0.2779020071029663,0.26785698533058167
2000-12-14T00:00:00Z,0.26841500401496887,0.2578130066394806
2000-12-15T00:00:00Z,0.26004499197006226,0.251116007566452
2000-12-18T00:00:00Z,0.26004499197006226,0.2544640004634857
2000-12-19T00:00:00Z,0.2566959857940674,0.25
2000-12-20T00:00:00Z,0.2460940033197403,0.2566959857940674
2000-12-21T00:00:00Z,0.2544640004634857,0.251116007566452
2000-12-22T00:00:00Z,0.25223198533058167,0.26785698533058167
2000-12-26T00:00:00Z,0.265625,0.2622770071029663
2000-12-27T00:00:00Z,0.25613799691200256,0.264508992433548
2000-12-28T00:00:00Z,0.2566959857940674,0.264508992433548
2000-12-29T00:00:00Z,0.2622770071029663,0.265625
2001-01-02T00:00:00Z,0.265625,0.265625
2001-01-03T00:00:00Z,0.2589290142059326,0.2924109995365143
2001-01-04T00:00:00Z,0.3239400088787079,0.3046880066394806
2001-01-05T00:00:00Z,0.30245500802993774,0.2924109995365143
2001-01-08T00:00:00Z,0.30245500802993774,0.295758992433548
2001-01-09T00:00:00Z,0.3002229928970337,0.30691999197006226
2001-01-10T00:00:00Z,0.297991007566452,0.295758992433548
2001-01-11T00:00:00Z,0.2901790142059326,0.3214290142059326
2001-01-12T00:00:00Z,0.3191959857940674,0.30691999197006226
2001-01-16T00:00:00Z,0.311383992433548,0.3058040142059326
2001-01-17T00:00:00Z,0.313616007566452,0.3002229928970337
2001-01-18T00:00:00Z,0.31808000802993774,0.33370500802993774
2001-01-19T00:00:00Z,0.3470979928970337,0.3482140004634857
2001-01-22T00:00:00Z,0.3404020071029663,0.34375
2001-01-23T00:00:00Z,0.344866007566452,0.3660709857940674
2001-01-24T00:00:00Z,0.3683040142059326,0.3660709857940674
2001-01-25T00:00:00Z,0.3671880066394806,0.3560270071029663
2001-01-26T00:00:00Z,0.3482140004634857,0.34933000802993774
2001-01-29T00:00:00Z,0.34933000802993774,0.3872770071029663
2001-01-30T00:00:00Z,0.38504499197006226,0.38839301466941833
2001-01-31T00:00:00Z,0.3839290142059326,0.3861609995365143
2001-02-01T00:00:00Z,0.36941999197006226,0.37723198533058167
2001-02-02T00:00:00Z,0.37723198533058167,0.3683040142059326
2001-02-05T00:00:00Z,0.3660709857940674,0.360491007566452
2001-02-06T00:00:00Z,0.3599329888820648,0.37723198533058167
2001-02-07T00:00:00Z,0.36886200308799744,0.3705359995365143
2001-02-08T00:00:00Z,0.3671880066394806,0.3705359995365143
2001-02-09T00:00:00Z,0.3660709857940674,0.34151801466941833
2001-02-12T00:00:00Z,0.3404020071029663,0.3515630066394806
2001-02-13T00:00:00Z,0.3560270071029663,0.34151801466941833
2001-02-14T00:00:00Z,0.342633992433548,0.3482140004634857
2001-02-15T00:00:00Z,0.3515630066394806,0.358258992433548
2001-02-16T00:00:00Z,0.3392859995365143,0.3392859995365143
2001-02-20T00:00:00Z,0.342633992433548,0.327008992433548
2001-02-21T00:00:00Z,0.32589301466941833,0.3370540142059326
2001-02-22T00:00:00Z,0.3404020071029663,0.3359380066394806
2001-02-23T00:00:00Z,0.3325890004634857,0.3359380066394806
2001-02-26T00:00:00Z,0.3404020071029663,0.3482140004634857
2001-02-27T00:00:00Z,0.3443079888820648,0.34598198533058167
2001-02-28T00:00:00Z,0.34598198533058167,0.32589301466941833
2001-03-01T00:00:00Z,0.31808000802993774,0.3348209857940674
2001-03-02T00:00:00Z,0.327008992433548,0.34375
2001-03-05T00:00:00Z,0.34598198533058167,0.3638390004634857
2001-03-06T00:00:00Z,0.36997801065444946,0.3839290142059326
2001-03-07T00:00:00Z,0.38058000802993774,0.3794640004634857
2001-03-08T00:00:00Z,0.36941999197006226,0.3716520071029663
2001-03-09T00:00:00Z,0.3683040142059326,0.36160698533058167
2001-03-12T00:00:00Z,0.3515630066394806,0.3325890004634857
2001-03-13T00:00:00Z,0.3370540142059326,0.34933000802993774
2001-03-14T00:00:00Z,0.33035698533058167,0.36495500802993774
2001-03-15T00:00:00Z,0.37276801466941833,0.3515630066394806
2001-03-16T00:00:00Z,0.3392859995365143,0.3504459857940674
2001-03-19T00:00:00Z,0.3526790142059326,0.3671880066394806
2001-03-20T00:00:00Z,0.36997801065444946,0.3515630066394806
2001-03-21T00:00:00Z,0.35323700308799744,0.359375
2001-03-22T00:00:00Z,0.3638390004634857,0.3861609995365143
2001-03-23T00:00:00Z,0.3939729928970337,0.4107140004634857
2001-03-26T00:00:00Z,0.4130359888076782,0.38892900943756104
2001-03-27T00:00:00Z,0.39178600907325745,0.408392995595932
2001-03-28T00:00:00Z,0.39428600668907166,0.39589300751686096
2001-03-29T00:00:00Z,0.38874998688697815,0.4023210108280182
2001-03-30T00:00:00Z,0.4026789963245392,0.39410701394081116
2001-04-02T00:00:00Z,0.39446398615837097,0.38553598523139954
2001-04-03T00:00:00Z,0.381428986787796,0.36142900586128235
2001-04-04T00:00:00Z,0.35285699367523193,0.3482140004634857
2001-04-05T00:00:00Z,0.3678570091724396,0.3726789951324463
2001-04-06T00:00:00Z,0.3714289963245392,0.36767899990081787
2001-04-09T00:00:00Z,0.3694640100002289,0.36678600311279297
2001-04-10T00:00:00Z,0.3732140064239502,0.39357098937034607
2001-04-11T00:00:00Z,0.4103569984436035,0.38928601145744324
2001-04-12T00:00:00Z,0.3824999928474426,0.4003570079803467
2001-04-16T00:00:00Z,0.39446398615837097,0.38285699486732483
2001-04-17T00:00:00Z,0.3785710036754608,0.36428600549697876
2001-04-18T00:00:00Z,0.3851790130138397,0.4069640040397644
2001-04-19T00:00:00Z,0.45625001192092896,0.45928600430488586
2001-04-20T00:00:00Z,0.4451789855957031,0.44714298844337463
2001-04-23T00:00:00Z,0.4346430003643036,0.4330359995365143
2001-04-24T00:00:00Z,0.4344640076160431,0.42910701036453247
2001-04-25T00:00:00Z,0.4323210120201111,0.4414289891719818
2001-04-26T00:00:00Z,0.44946399331092834,0.4408929944038391
2001-04-27T00:00:00Z,0.44999998807907104,0.4678570032119751
2001-04-30T00:00:00Z,0.4767859876155853,0.45517900586128235
2001-05-01T00:00:00Z,0.45375001430511475,0.4630360007286072
2001-05-02T00:00:00Z,0.4703570008277893,0.474821001291275
2001-05-03T00:00:00Z,0.4637500047683716,0.44571399688720703
2001-05-04T00:00:00Z,0.4328570067882538,0.4598209857940674
2001-05-07T00:00:00Z,0.45750001072883606,0.44571399688720703
2001-05-08T00:00:00Z,0.45267900824546814,0.4387499988079071
2001-05-09T00:00:00Z,0.431071013212204,0.42821401357650757
2001-05-10T00:00:00Z,0.4323210120201111,0.4107140004634857
2001-05-11T00:00:00Z,0.4108929932117462,0.4080359935760498
2001-05-14T00:00:00Z,0.4087499976158142,0.41589298844337463
2001-05-15T00:00:00Z,0.41732099652290344,0.4139289855957031
2001-05-16T00:00:00Z,0.41535699367523193,0.4303570091724396
2001-05-17T00:00:00Z,0.4326789975166321,0.42053601145744324
2001-05-18T00:00:00Z,0.41714298725128174,0.42017900943756104
2001-05-21T00:00:00Z,0.42196398973464966,0.42071399092674255
2001-05-22T00:00:00Z,0.4285709857940674,0.41964301466941833
2001-05-23T00:00:00Z,0.42410698533058167,0.41482099890708923
2001-05-24T00:00:00Z,0.41589298844337463,0.4142859876155853
2001-05-25T00:00:00Z,0.4142859876155853,0.4064289927482605
2001-05-29T00:00:00Z,0.3985710144042969,0.38339298963546753
2001-05-30T00:00:00Z,0.370714008808136,0.35321399569511414
2001-05-31T00:00:00Z,0.35357099771499634,0.35624998807907104
2001-06-01T00:00:00Z,0.35946398973464966,0.3730359971523285
2001-06-04T00:00:00Z,0.3764289915561676,0.368928998708725
2001-06-05T00:00:00Z,0.3714289963245392,0.3739289939403534
2001-06-06T00:00:00Z,0.3737500011920929,0.3701789975166321
2001-06-07T00:00:00Z,0.3698210120201111,0.38678601384162903
2001-06-08T00:00:00Z,0.38660699129104614,0.3807139992713928
2001-06-11T00:00:00Z,0.3758929967880249,0.35785698890686035
2001-06-12T00:00:00Z,0.35303598642349243,0.36267900466918945
2001-06-13T00:00:00Z,0.3824999928474426,0.36553600430488586
2001-06-14T00:00:00Z,0.35785698890686035,0.35499998927116394
2001-06-15T00:00:00Z,0.35892900824546814,0.36500000953674316
2001-06-18T00:00:00Z,0.36446401476860046,0.36303600668907166
2001-06-19T00:00:00Z,0.3723210096359253,0.36053600907325745
2001-06-20T00:00:00Z,0.35714301466941833,0.38696399331092834
2001-06-21T00:00:00Z,0.38482099771499634,0.4016070067882538
2001-06-22T00:00:00Z,0.4014289975166321,0.39750000834465027
2001-06-25T00:00:00Z,0.4017859995365143,0.42839300632476807
2001-06-26T00:00:00Z,0.41678598523139954,0.42410698533058167
2001-06-27T00:00:00Z,0.42553600668907166,0.41678598523139954
2001-06-28T00:00:00Z,0.4116069972515106,0.42035698890686035
2001-06-29T00:00:00Z,0.42250001430511475,0.4151790142059326
2001-07-02T00:00:00Z,0.42214301228523254,0.42678600549697876
2001-07-03T00:00:00Z,0.41982099413871765,0.42571398615837097
2001-07-05T00:00:00Z,0.42142900824546814,0.41410699486732483
2001-07-06T00:00:00Z,0.4064289927482605,0.39339300990104675
2001-07-09T00:00:00Z,0.39446398615837097,0.4053570032119751
2001-07-10T00:00:00Z,0.4098210036754608,0.3774999976158142
2001-07-11T00:00:00Z,0.3755359947681427,0.4025000035762787
2001-07-12T00:00:00Z,0.41607099771499634,0.4350000023841858
2001-07-13T00:00:00Z,0.4308930039405823,0.4437499940395355
2001-07-16T00:00:00Z,0.4442859888076782,0.42785701155662537
2001-07-17T00:00:00Z,0.42821401357650757,0.44821399450302124
2001-07-18T00:00:00Z,0.38892900943756104,0.3712500035762787
2001-07-19T00:00:00Z,0.3791069984436035,0.35642901062965393
2001-07-20T00:00:00Z,0.3517859876155853,0.35678601264953613
2001-07-23T00:00:00Z,0.35874998569488525,0.3489289879798889
2001-07-24T00:00:00Z,0.3462499976158142,0.3408930003643036
2001-07-25T00:00:00Z,0.3414289951324463,0.32982099056243896
2001-07-26T00:00:00Z,0.33000001311302185,0.33196398615837097
2001-07-27T00:00:00Z,0.3348209857940674,0.3385710120201111
2001-07-30T00:00:00Z,0.3414289951324463,0.3380360007286072
2001-07-31T00:00:00Z,0.3441070020198822,0.33553600311279297
2001-08-01T00:00:00Z,0.339464008808136,0.3403570055961609
2001-08-02T00:00:00Z,0.3508929908275604,0.3539290130138397
2001-08-03T00:00:00Z,0.3551790118217468,0.3482140004634857
2001-08-06T00:00:00Z,0.3400000035762787,0.341607004404068
2001-08-07T00:00:00Z,0.3451789915561676,0.34375
2001-08-08T00:00:00Z,0.3439289927482605,0.3375000059604645
2001-08-09T00:00:00Z,0.3385710120201111,0.3401789963245392
2001-08-10T00:00:00Z,0.3400000035762787,0.3396430015563965
2001-08-13T00:00:00Z,0.3410710096359253,0.3408930003643036
2001-08-14T00:00:00Z,0.3428570032119751,0.33446401357650757
2001-08-15T00:00:00Z,0.33500000834465027,0.32928600907325745
2001-08-16T00:00:00Z,0.32624998688697815,0.33303600549697876
2001-08-17T00:00:00Z,0.3214290142059326,0.3226790130138397
2001-08-20T00:00:00Z,0.3239290118217468,0.32357099652290344
2001-08-21T00:00:00Z,0.3239290118217468,0.3199999928474426
2001-08-22T00:00:00Z,0.32035699486732483,0.32517901062965393
2001-08-23T00:00:00Z,0.32499998807907104,0.3180359899997711
2001-08-24T00:00:00Z,0.3214290142059326,0.33160701394081116
2001-08-27T00:00:00Z,0.33214300870895386,0.3378570079803467
2001-08-28T00:00:00Z,0.3375000059604645,0.32857099175453186
2001-08-29T00:00:00Z,0.32928600907325745,0.3183929920196533
2001-08-30T00:00:00Z,0.316785991191864,0.3183929920196533
2001-08-31T00:00:00Z,0.3166069984436035,0.33125001192092896
2001-09-04T00:00:00Z,0.33035698533058167,0.32589301466941833
2001-09-05T00:00:00Z,0.32571399211883545,0.33125001192092896
2001-09-06T00:00:00Z,0.32857099175453186,0.3164289891719818
2001-09-07T00:00:00Z,0.3125,0.3085710108280182
2001-09-10T00:00:00Z,0.3035709857940674,0.3101789951324463
2001-09-17T00:00:00Z,0.2857140004634857,0.30339300632476807
2001-09-18T00:00:00Z,0.30178600549697876,0.29071399569511414
2001-09-19T00:00:00Z,0.29464301466941833,0.30392900109291077
2001-09-20T00:00:00Z,0.29089298844337463,0.2800000011920929
2001-09-21T00:00:00Z,0.26428601145744324,0.2808929979801178
2001-09-24T00:00:00Z,0.287678986787796,0.29374998807907104
2001-09-25T00:00:00Z,0.2882139980792999,0.2775000035762787
2001-09-26T00:00:00Z,0.2823210060596466,0.27053600549697876
2001-09-27T00:00:00Z,0.2723209857940674,0.276964008808136
2001-09-28T00:00:00Z,0.2805359959602356,0.276964008808136
2001-10-01T00:00:00Z,0.2766070067882538,0.2775000035762787
2001-10-02T00:00:00Z,0.2755360007286072,0.26875001192092896
2001-10-03T00:00:00Z,0.26696398854255676,0.26750001311302185
2001-10-04T00:00:00Z,0.2741070091724396,0.2835710048675537
2001-10-05T00:00:00Z,0.2750000059604645,0.2882139980792999
2001-10-08T00:00:00Z,0.2780359983444214,0.2892859876155853
2001-10-09T00:00:00Z,0.2866069972515106,0.2857140004634857
2001-10-10T00:00:00Z,0.2874999940395355,0.30035701394081116
2001-10-11T00:00:00Z,0.30214300751686096,0.316785991191864
2001-10-12T00:00:00Z,0.3091070055961609,0.32160699367523193
2001-10-15T00:00:00Z,0.3205359876155853,0.32124999165534973
2001-10-16T00:00:00Z,0.32303598523139954,0.32160699367523193
2001-10-17T00:00:00Z,0.32749998569488525,0.30339300632476807
2001-10-18T00:00:00Z,0.3087500035762787,0.3214290142059326
2001-10-19T00:00:00Z,0.32035699486732483,0.32678601145744324
2001-10-22T00:00:00Z,0.32517901062965393,0.3396430015563965
2001-10-23T00:00:00Z,0.3414289951324463,0.3239290118217468
2001-10-24T00:00:00Z,0.32249999046325684,0.3383930027484894
2001-10-25T00:00:00Z,0.32928600907325745,0.3426789939403534
2001-10-26T00:00:00Z,0.3367860019207001,0.33339300751686096
2001-10-29T00:00:00Z,0.33160701394081116,0.3148210048675537
2001-10-30T00:00:00Z,0.310357004404068,0.3142859935760498
2001-10-31T00:00:00Z,0.3166069984436035,0.3135710060596466
2001-11-01T00:00:00Z,0.3151789903640747,0.33196398615837097
2001-11-02T00:00:00Z,0.33071398735046387,0.33160701394081116
2001-11-05T00:00:00Z,0.33642899990081787,0.3405359983444214
2001-11-06T00:00:00Z,0.3385710120201111,0.3494639992713928
2001-11-07T00:00:00Z,0.3474999964237213,0.349821001291275
2001-11-08T00:00:00Z,0.3505359888076782,0.33410701155662537
2001-11-09T00:00:00Z,0.33214300870895386,0.33410701155662537
2001-11-12T00:00:00Z,0.33321401476860046,0.3348209857940674
2001-11-13T00:00:00Z,0.3407140076160431,0.345892995595932
2001-11-14T00:00:00Z,0.349821001291275,0.350178986787796
2001-11-15T00:00:00Z,0.3473210036754608,0.3473210036754608
2001-11-16T00:00:00Z,0.3441070020198822,0.3387500047683716
2001-11-19T00:00:00Z,0.3392859995365143,0.35714301466941833
2001-11-20T00:00:00Z,0.3539290130138397,0.3487499952316284
2001-11-21T00:00:00Z,0.350178986787796,0.3514289855957031
2001-11-23T00:00:00Z,0.35196399688720703,0.35428598523139954
2001-11-26T00:00:00Z,0.35607099533081055,0.3816069960594177
2001-11-27T00:00:00Z,0.3785710036754608,0.375
2001-11-28T00:00:00Z,0.3723210096359253,0.36660701036453247
2001-11-29T00:00:00Z,0.3678570091724396,0.36464300751686096
2001-11-30T00:00:00Z,0.36553600430488586,0.3803569972515106
2001-12-03T00:00:00Z,0.3760710060596466,0.3758929967880249
2001-12-04T00:00:00Z,0.3758929967880249,0.4000000059604645
2001-12-05T00:00:00Z,0.3992860019207001,0.42428600788116455
2001-12-06T00:00:00Z,0.41928601264953613,0.4067859947681427
2001-12-07T00:00:00Z,0.4010710120201111,0.4025000035762787
2001-12-10T00:00:00Z,0.39803600311279297,0.4025000035762787
2001-12-11T00:00:00Z,0.4048210084438324,0.38892900943756104
2001-12-12T00:00:00Z,0.39053601026535034,0.38374999165534973
2001-12-13T00:00:00Z,0.38374999165534973,0.375
2001-12-14T00:00:00Z,0.3701789975166321,0.36410701274871826
2001-12-17T00:00:00Z,0.36428600549697876,0.3682140111923218
2001-12-18T00:00:00Z,0.3730359971523285,0.3751789927482605
2001-12-19T00:00:00Z,0.3675000071525574,0.38607099652290344
2001-12-20T00:00:00Z,0.3821429908275604,0.3691070079803467
2001-12-21T00:00:00Z,0.3751789927482605,0.375
2001-12-24T00:00:00Z,0.3732140064239502,0.381428986787796
2001-12-26T00:00:00Z,0.3812499940395355,0.38374999165534973
2001-12-27T00:00:00Z,0.38535699248313904,0.39410701394081116
2001-12-28T00:00:00Z,0.39232099056243896,0.4005360007286072
2001-12-31T00:00:00Z,0.401964008808136,0.39107099175453186
2002-01-02T00:00:00Z,0.39375001192092896,0.41607099771499634
2002-01-03T00:00:00Z,0.4107140004634857,0.42107099294662476
2002-01-04T00:00:00Z,0.41678598523139954,0.42303600907325745
2002-01-07T00:00:00Z,0.42357099056243896,0.4089289903640747
2002-01-08T00:00:00Z,0.40625,0.4037500023841858
2002-01-09T00:00:00Z,0.4071429967880249,0.38660699129104614
2002-01-10T00:00:00Z,0.3789289891719818,0.3791069984436035
2002-01-11T00:00:00Z,0.3819639980792999,0.3758929967880249
2002-01-14T00:00:00Z,0.3751789927482605,0.3776789903640747
2002-01-15T00:00:00Z,0.3807139992713928,0.38749998807907104
2002-01-16T00:00:00Z,0.38232100009918213,0.3710710108280182
2002-01-17T00:00:00Z,0.39214301109313965,0.4014289975166321
2002-01-18T00:00:00Z,0.39285698533058167,0.39589300751686096
2002-01-22T00:00:00Z,0.39767900109291077,0.38964301347732544
2002-01-23T00:00:00Z,0.38928601145744324,0.4110710024833679
2002-01-24T00:00:00Z,0.4091069996356964,0.41446399688720703
2002-01-25T00:00:00Z,0.4087499976158142,0.4151790142059326
2002-01-28T00:00:00Z,0.41785699129104614,0.41553598642349243
2002-01-29T00:00:00Z,0.41464298963546753,0.4119639992713928
2002-01-30T00:00:00Z,0.4119639992713928,0.43017899990081787
2002-01-31T00:00:00Z,0.431428998708725,0.4414289891719818
2002-02-01T00:00:00Z,0.4346430003643036,0.4358929991722107
2002-02-04T00:00:00Z,0.4342859983444214,0.45267900824546814
2002-02-05T00:00:00Z,0.44803598523139954,0.45446398854255676
2002-02-06T00:00:00Z,0.45714300870895386,0.4405359923839569
2002-02-07T00:00:00Z,0.4401789903640747,0.4339289963245392
2002-02-08T00:00:00Z,0.4357140064239502,0.42910701036453247
2002-02-11T00:00:00Z,0.4273209869861603,0.44607099890708923
2002-02-12T00:00:00Z,0.4403569996356964,0.4412499964237213
2002-02-13T00:00:00Z,0.4416069984436035,0.44660699367523193
2002-02-14T00:00:00Z,0.44732099771499634,0.4392859935760498
2002-02-15T00:00:00Z,0.4380359947681427,0.42678600549697876
2002-02-19T00:00:00Z,0.42428600788116455,0.4039289951324463
2002-02-20T00:00:00Z,0.4066070020198822,0.4130359888076782
2002-02-21T00:00:00Z,0.4092859923839569,0.3839290142059326
2002-02-22T00:00:00Z,0.38678601384162903,0.4060710072517395
2002-02-25T00:00:00Z,0.4080359935760498,0.42517900466918945
2002-02-26T00:00:00Z,0.42696401476860046,0.42267900705337524
2002-02-27T00:00:00Z,0.42750000953674316,0.39214301109313965
2002-02-28T00:00:00Z,0.39553600549697876,0.38749998807907104
2002-03-01T00:00:00Z,0.39160698652267456,0.41874998807907104
2002-03-04T00:00:00Z,0.41535699367523193,0.4337500035762787
2002-03-05T00:00:00Z,0.4312500059604645,0.42017900943756104
2002-03-06T00:00:00Z,0.41928601264953613,0.4298210144042969
2002-03-07T00:00:00Z,0.42964300513267517,0.435357004404068
2002-03-08T00:00:00Z,0.441785991191864,0.4403569996356964
2002-03-11T00:00:00Z,0.4392859935760498,0.44749999046325684
2002-03-12T00:00:00Z,0.4376789927482605,0.4414289891719818
2002-03-13T00:00:00Z,0.4351789951324463,0.4373210072517395
2002-03-14T00:00:00Z,0.4339289963245392,0.4362500011920929
2002-03-15T00:00:00Z,0.4367859959602356,0.4455359876155853
2002-03-18T00:00:00Z,0.4455359876155853,0.441785991191864
2002-03-19T00:00:00Z,0.4408929944038391,0.4437499940395355
2002-03-20T00:00:00Z,0.4403569996356964,0.4449999928474426
2002-03-21T00:00:00Z,0.4260709881782532,0.4333930015563965
2002-03-22T00:00:00Z,0.4325000047683716,0.43017899990081787
2002-03-25T00:00:00Z,0.4298210144042969,0.41696399450302124
2002-03-26T00:00:00Z,0.4142859876155853,0.41892901062965393
2002-03-27T00:00:00Z,0.41696399450302124,0.41910699009895325
2002-03-28T00:00:00Z,0.42321398854255676,0.42267900705337524
2002-04-01T00:00:00Z,0.41749998927116394,0.4367859959602356
2002-04-02T00:00:00Z,0.4285709857940674,0.4298210144042969
2002-04-03T00:00:00Z,0.4294640123844147,0.42410698533058167
2002-04-04T00:00:00Z,0.42267900705337524,0.4446429908275604
2002-04-05T00:00:00Z,0.4455359876155853,0.441785991191864
2002-04-08T00:00:00Z,0.431428998708725,0.4385710060596466
2002-04-09T00:00:00Z,0.4391070008277893,0.4303570091724396
2002-04-10T00:00:00Z,0.4323210120201111,0.4403569996356964
2002-04-11T00:00:00Z,0.44696399569511414,0.443928986787796
2002-04-12T00:00:00Z,0.44660699367523193,0.44749999046325684
2002-04-15T00:00:00Z,0.44749999046325684,0.4464290142059326
2002-04-16T00:00:00Z,0.44910699129104614,0.45964300632476807
2002-04-17T00:00:00Z,0.4630360007286072,0.4662500023841858
2002-04-18T00:00:00Z,0.45535698533058167,0.45375001430511475
2002-04-19T00:00:00Z,0.45517900586128235,0.44607099890708923
2002-04-22T00:00:00Z,0.443571001291275,0.4380359947681427
2002-04-23T00:00:00Z,0.4382140040397644,0.4330359995365143
2002-04-24T00:00:00Z,0.4339289963245392,0.42446398735046387
2002-04-25T00:00:00Z,0.42071399092674255,0.4307140111923218
2002-04-26T00:00:00Z,0.4335710108280182,0.4108929932117462
2002-04-29T00:00:00Z,0.41357100009918213,0.42785701155662537
2002-04-30T00:00:00Z,0.42660701274871826,0.4333930015563965
2002-05-01T00:00:00Z,0.4337500035762787,0.42821401357650757
2002-05-02T00:00:00Z,0.42517900466918945,0.42303600907325745
2002-05-03T00:00:00Z,0.42089301347732544,0.41982099413871765
2002-05-06T00:00:00Z,0.41696399450302124,0.4044640064239502
2002-05-07T00:00:00Z,0.4096429944038391,0.4012500047683716
2002-05-08T00:00:00Z,0.4142859876155853,0.4351789951324463
2002-05-09T00:00:00Z,0.4330359995365143,0.4319640100002289
2002-05-10T00:00:00Z,0.4337500035762787,0.4164290130138397
2002-05-13T00:00:00Z,0.41999998688697815,0.42750000953674316
2002-05-14T00:00:00Z,0.4366070032119751,0.4573209881782532
2002-05-15T00:00:00Z,0.45303601026535034,0.45142900943756104
2002-05-16T00:00:00Z,0.44749999046325684,0.45017901062965393
2002-05-17T00:00:00Z,0.45517900586128235,0.44660699367523193
2002-05-20T00:00:00Z,0.4387499988079071,0.441785991191864
2002-05-21T00:00:00Z,0.4433929920196533,0.41892901062965393
2002-05-22T00:00:00Z,0.41732099652290344,0.4342859983444214
2002-05-23T00:00:00Z,0.4366070032119751,0.44964298605918884
2002-05-24T00:00:00Z,0.44624999165534973,0.4312500059604645
2002-05-28T00:00:00Z,0.42303600907325745,0.42821401357650757
2002-05-29T00:00:00Z,0.42714300751686096,0.42821401357650757
2002-05-30T00:00:00Z,0.42446398735046387,0.4321430027484894
2002-05-31T00:00:00Z,0.43017899990081787,0.41607099771499634
2002-06-03T00:00:00Z,0.4176790118217468,0.4091069996356964
2002-06-04T00:00:00Z,0.4085710048675537,0.4067859947681427
2002-06-05T00:00:00Z,0.4076789915561676,0.4057140052318573
2002-06-06T00:00:00Z,0.4099999964237213,0.39571401476860046
2002-06-07T00:00:00Z,0.38857099413871765,0.3821429908275604
2002-06-10T00:00:00Z,0.38357099890708923,0.38357099890708923
2002-06-11T00:00:00Z,0.3864290118217468,0.36535701155662537
2002-06-12T00:00:00Z,0.36446401476860046,0.35874998569488525
2002-06-13T00:00:00Z,0.35749998688697815,0.3489289879798889
2002-06-14T00:00:00Z,0.3435710072517395,0.35892900824546814
2002-06-17T00:00:00Z,0.36142900586128235,0.36678600311279297
2002-06-18T00:00:00Z,0.36464300751686096,0.35982099175453186
2002-06-19T00:00:00Z,0.3101789951324463,0.3057140111923218
2002-06-20T00:00:00Z,0.3066070079803467,0.3055360019207001
2002-06-21T00:00:00Z,0.30303600430488586,0.30089300870895386
2002-06-24T00:00:00Z,0.29946398735046387,0.3083930015563965
2002-06-25T00:00:00Z,0.3107140064239502,0.306071013212204
2002-06-26T00:00:00Z,0.30000001192092896,0.29553601145744324
2002-06-27T00:00:00Z,0.29982098937034607,0.30464300513267517
2002-06-28T00:00:00Z,0.3053570091724396,0.3164289891719818
2002-07-01T00:00:00Z,0.3162499964237213,0.30464300513267517
2002-07-02T00:00:00Z,0.30410701036453247,0.30250000953674316
2002-07-03T00:00:00Z,0.30017900466918945,0.3133929967880249
2002-07-05T00:00:00Z,0.3162499964237213,0.33464300632476807
2002-07-08T00:00:00Z,0.33071398735046387,0.32160699367523193
2002-07-09T00:00:00Z,0.32303598523139954,0.3130359947681427
2002-07-10T00:00:00Z,0.3162499964237213,0.3092859983444214
2002-07-11T00:00:00Z,0.308214008808136,0.32678601145744324
2002-07-12T00:00:00Z,0.33125001192092896,0.3126789927482605
2002-07-15T00:00:00Z,0.3112500011920929,0.32553601264953613
2002-07-16T00:00:00Z,0.32410699129104614,0.318928986787796
2002-07-17T00:00:00Z,0.2880359888076782,0.279107004404068
2002-07-18T00:00:00Z,0.2767859995365143,0.26767900586128235
2002-07-19T00:00:00Z,0.26249998807907104,0.26714301109313965
2002-07-22T00:00:00Z,0.26339301466941833,0.26642900705337524
2002-07-23T00:00:00Z,0.26607099175453186,0.25839298963546753
2002-07-24T00:00:00Z,0.2558929920196533,0.27142900228500366
2002-07-25T00:00:00Z,0.26660698652267456,0.256428986787796
2002-07-26T00:00:00Z,0.25821399688720703,0.256071001291275
2002-07-29T00:00:00Z,0.25857099890708923,0.26821398735046387
2002-07-30T00:00:00Z,0.26517900824546814,0.2755360007286072
2002-07-31T00:00:00Z,0.2750000059604645,0.27250000834465027
2002-08-01T00:00:00Z,0.2698209881782532,0.26428601145744324
2002-08-02T00:00:00Z,0.26321399211883545,0.2580359876155853
2002-08-05T00:00:00Z,0.25910699367523193,0.2498210072517395
2002-08-06T00:00:00Z,0.2537499964237213,0.26321399211883545
2002-08-07T00:00:00Z,0.26946398615837097,0.26839300990104675
2002-08-08T00:00:00Z,0.26374998688697815,0.2732140123844147
2002-08-09T00:00:00Z,0.2723209857940674,0.26785698533058167
2002-08-12T00:00:00Z,0.26607099175453186,0.26767900586128235
2002-08-13T00:00:00Z,0.26607099175453186,0.26053598523139954
2002-08-14T00:00:00Z,0.26196399331092834,0.27089300751686096
2002-08-15T00:00:00Z,0.2723209857940674,0.2787500023841858
2002-08-16T00:00:00Z,0.2758930027484894,0.2823210060596466
2002-08-19T00:00:00Z,0.2817859947681427,0.2853569984436035
2002-08-20T00:00:00Z,0.2851789891719818,0.2841069996356964
2002-08-21T00:00:00Z,0.2858929932117462,0.2878569960594177
2002-08-22T00:00:00Z,0.2892859876155853,0.2851789891719818
2002-08-23T00:00:00Z,0.2839289903640747,0.2808929979801178
2002-08-26T00:00:00Z,0.2848210036754608,0.2773210108280182
2002-08-27T00:00:00Z,0.2805359959602356,0.26517900824546814
2002-08-28T00:00:00Z,0.26428601145744324,0.26249998807907104
2002-08-29T00:00:00Z,0.26160699129104614,0.26249998807907104
2002-08-30T00:00:00Z,0.26303601264953613,0.26339301466941833
2002-09-03T00:00:00Z,0.25874999165534973,0.2508929967880249
2002-09-04T00:00:00Z,0.2535710036754608,0.25857099890708923
2002-09-05T00:00:00Z,0.2539289891719818,0.2532140016555786
2002-09-06T00:00:00Z,0.25910699367523193,0.2567859888076782
2002-09-09T00:00:00Z,0.2549999952316284,0.2566069960594177
2002-09-10T00:00:00Z,0.25732100009918213,0.2558929920196533
2002-09-11T00:00:00Z,0.256071001291275,0.2551789879798889
2002-09-12T00:00:00Z,0.2535710036754608,0.2524999976158142
2002-09-13T00:00:00Z,0.2523210048675537,0.2530359923839569
2002-09-16T00:00:00Z,0.2524999976158142,0.2589290142059326
2002-09-17T00:00:00Z,0.2601790130138397,0.26428601145744324
2002-09-18T00:00:00Z,0.26232099533081055,0.26821398735046387
2002-09-19T00:00:00Z,0.26339301466941833,0.26035699248313904
2002-09-20T00:00:00Z,0.26107099652290344,0.26553601026535034
2002-09-23T00:00:00Z,0.26357099413871765,0.26517900824546814
2002-09-24T00:00:00Z,0.2571429908275604,0.2614290118217468
2002-09-25T00:00:00Z,0.26232099533081055,0.26660698652267456
2002-09-26T00:00:00Z,0.26964300870895386,0.26249998807907104
2002-09-27T00:00:00Z,0.25874999165534973,0.26285699009895325
2002-09-30T00:00:00Z,0.2571429908275604,0.2589290142059326
2002-10-01T00:00:00Z,0.26053598523139954,0.25910699367523193
2002-10-02T00:00:00Z,0.2558929920196533,0.2530359923839569
2002-10-03T00:00:00Z,0.2532140016555786,0.2553569972515106
2002-10-04T00:00:00Z,0.256428986787796,0.2505359947681427
2002-10-07T00:00:00Z,0.2494640052318573,0.24589300155639648
2002-10-08T00:00:00Z,0.2482140064239502,0.24428600072860718
2002-10-09T00:00:00Z,0.24178600311279297,0.24267899990081787
2002-10-10T00:00:00Z,0.24339300394058228,0.2519640028476715
2002-10-11T00:00:00Z,0.2544640004634857,0.25910699367523193
2002-10-14T00:00:00Z,0.25982099771499634,0.26374998688697815
2002-10-15T00:00:00Z,0.27178600430488586,0.27071401476860046
2002-10-16T00:00:00Z,0.26535698771476746,0.25999999046325684
2002-10-17T00:00:00Z,0.2537499964237213,0.2519640028476715
2002-10-18T00:00:00Z,0.25,0.256071001291275
2002-10-21T00:00:00Z,0.2546429932117462,0.25999999046325684
2002-10-22T00:00:00Z,0.25839298963546753,0.26249998807907104
2002-10-23T00:00:00Z,0.26124998927116394,0.26571398973464966
2002-10-24T00:00:00Z,0.26821398735046387,0.26232099533081055
2002-10-25T00:00:00Z,0.26232099533081055,0.2753570079803467
2002-10-28T00:00:00Z,0.2776789963245392,0.2787500023841858
2002-10-29T00:00:00Z,0.2780359983444214,0.2757140100002289
2002-10-30T00:00:00Z,0.2766070067882538,0.2853569984436035
2002-10-31T00:00:00Z,0.285535991191864,0.2869639992713928
2002-11-01T00:00:00Z,0.2846429944038391,0.29214298725128174
2002-11-04T00:00:00Z,0.29464301466941833,0.30160701274871826
2002-11-05T00:00:00Z,0.29910698533058167,0.30178600549697876
2002-11-06T00:00:00Z,0.3050000071525574,0.3075000047683716
2002-11-07T00:00:00Z,0.30250000953674316,0.2857140004634857
2002-11-08T00:00:00Z,0.2858929932117462,0.2828570008277893
2002-11-11T00:00:00Z,0.2810710072517395,0.27071401476860046
2002-11-12T00:00:00Z,0.2735710144042969,0.2792859971523285
2002-11-13T00:00:00Z,0.2767859995365143,0.2783930003643036
2002-11-14T00:00:00Z,0.2839289903640747,0.29107099771499634
2002-11-15T00:00:00Z,0.28982099890708923,0.2848210036754608
2002-11-18T00:00:00Z,0.28910699486732483,0.2794640064239502
2002-11-19T00:00:00Z,0.2776789963245392,0.27267900109291077
2002-11-20T00:00:00Z,0.2732140123844147,0.2773210108280182
2002-11-21T00:00:00Z,0.2839289903640747,0.29196399450302124
2002-11-22T00:00:00Z,0.287321001291275,0.2858929932117462
2002-11-25T00:00:00Z,0.2862499952316284,0.2851789891719818
2002-11-26T00:00:00Z,0.2830359935760498,0.275178998708725
2002-11-27T00:00:00Z,0.2785710096359253,0.2807140052318573
2002-11-29T00:00:00Z,0.2819640040397644,0.2767859995365143
2002-12-02T00:00:00Z,0.2839289903640747,0.2710709869861603
2002-12-03T00:00:00Z,0.27142900228500366,0.27071401476860046
2002-12-04T00:00:00Z,0.2710709869861603,0.26732099056243896
2002-12-05T00:00:00Z,0.26839300990104675,0.26124998927116394
2002-12-06T00:00:00Z,0.26160699129104614,0.26696398854255676
2002-12-09T00:00:00Z,0.26678600907325745,0.26339301466941833
2002-12-10T00:00:00Z,0.26339301466941833,0.27285701036453247
2002-12-11T00:00:00Z,0.2732140123844147,0.2766070067882538
2002-12-12T00:00:00Z,0.276964008808136,0.27125000953674316
2002-12-13T00:00:00Z,0.27035701274871826,0.26410698890686035
2002-12-16T00:00:00Z,0.26446399092674255,0.26517900824546814
2002-12-17T00:00:00Z,0.26517900824546814,0.26928600668907166
2002-12-18T00:00:00Z,0.26428601145744324,0.2601790130138397
2002-12-19T00:00:00Z,0.25946399569511414,0.2535710036754608
2002-12-20T00:00:00Z,0.2551789879798889,0.2524999976158142
2002-12-23T00:00:00Z,0.2528569996356964,0.25874999165534973
2002-12-24T00:00:00Z,0.25785699486732483,0.256428986787796
2002-12-26T00:00:00Z,0.2574999928474426,0.2571429908275604
2002-12-27T00:00:00Z,0.2555359899997711,0.2510710060596466
2002-12-30T00:00:00Z,0.2514289915561676,0.2512499988079071
2002-12-31T00:00:00Z,0.25,0.2558929920196533
2003-01-02T00:00:00Z,0.256428986787796,0.26428601145744324
2003-01-03T00:00:00Z,0.26428601145744324,0.26607099175453186
2003-01-06T00:00:00Z,0.26839300990104675,0.26607099175453186
2003-01-07T00:00:00Z,0.26410698890686035,0.26517900824546814
2003-01-08T00:00:00Z,0.26035699248313904,0.25982099771499634
2003-01-09T00:00:00Z,0.26107099652290344,0.26214298605918884
2003-01-10T00:00:00Z,0.26035699248313904,0.26285699009895325
2003-01-13T00:00:00Z,0.26607099175453186,0.26124998927116394
2003-01-14T00:00:00Z,0.26232099533081055,0.26089298725128174
2003-01-15T00:00:00Z,0.26053598523139954,0.2576789855957031
2003-01-16T00:00:00Z,0.2537499964237213,0.26107099652290344
2003-01-17T00:00:00Z,0.25999999046325684,0.2517859935760498
2003-01-21T00:00:00Z,0.2537499964237213,0.2503570020198822
2003-01-22T00:00:00Z,0.2496429979801178,0.247857004404068
2003-01-23T00:00:00Z,0.2508929967880249,0.2530359923839569
2003-01-24T00:00:00Z,0.254285991191864,0.24642899632453918
2003-01-27T00:00:00Z,0.24428600072860718,0.2523210048675537
2003-01-28T00:00:00Z,0.254285991191864,0.26035699248313904
2003-01-29T00:00:00Z,0.25982099771499634,0.26660698652267456
2003-01-30T00:00:00Z,0.26750001311302185,0.2557139992713928
2003-01-31T00:00:00Z,0.2533929944038391,0.256428986787796
2003-02-03T00:00:00Z,0.25732100009918213,0.26178601384162903
2003-02-04T00:00:00Z,0.2580359876155853,0.26071399450302124
2003-02-05T00:00:00Z,0.26267901062965393,0.2580359876155853
2003-02-06T00:00:00Z,0.256428986787796,0.2576789855957031
2003-02-07T00:00:00Z,0.25982099771499634,0.2526789903640747
2003-02-10T00:00:00Z,0.2546429932117462,0.2562499940395355
2003-02-11T00:00:00Z,0.2589290142059326,0.2562499940395355
2003-02-12T00:00:00Z,0.2548210024833679,0.2569639980792999
2003-02-13T00:00:00Z,0.25732100009918213,0.25964298844337463
2003-02-14T00:00:00Z,0.26089298725128174,0.26196399331092834
2003-02-18T00:00:00Z,0.26339301466941833,0.27267900109291077
2003-02-19T00:00:00Z,0.26910701394081116,0.26517900824546814
2003-02-20T00:00:00Z,0.26517900824546814,0.26374998688697815
2003-02-21T00:00:00Z,0.26464301347732544,0.26785698533058167
2003-02-24T00:00:00Z,0.26535698771476746,0.26321399211883545
2003-02-25T00:00:00Z,0.26214298605918884,0.26821398735046387
2003-02-26T00:00:00Z,0.26767900586128235,0.2589290142059326
2003-02-27T00:00:00Z,0.2601790130138397,0.26535698771476746
2003-02-28T00:00:00Z,0.26535698771476746,0.26803600788116455
2003-03-03T00:00:00Z,0.26803600788116455,0.26160699129104614
2003-03-04T00:00:00Z,0.26321399211883545,0.25999999046325684
2003-03-05T00:00:00Z,0.26089298725128174,0.26107099652290344
2003-03-06T00:00:00Z,0.26035699248313904,0.25999999046325684
2003-03-07T00:00:00Z,0.25839298963546753,0.25946399569511414
2003-03-10T00:00:00Z,0.25910699367523193,0.2566069960594177
2003-03-11T00:00:00Z,0.256428986787796,0.2541069984436035
2003-03-12T00:00:00Z,0.2530359923839569,0.2539289891719818
2003-03-13T00:00:00Z,0.25839298963546753,0.26285699009895325
2003-03-14T00:00:00Z,0.26214298605918884,0.26392900943756104
2003-03-17T00:00:00Z,0.26589301228523254,0.26803600788116455
2003-03-18T00:00:00Z,0.26785698533058167,0.26785698533058167
2003-03-19T00:00:00Z,0.26910701394081116,0.26696398854255676
2003-03-20T00:00:00Z,0.26660698652267456,0.26625001430511475
2003-03-21T00:00:00Z,0.26946398615837097,0.26785698533058167
2003-03-24T00:00:00Z,0.26196399331092834,0.2566069960594177
2003-03-25T00:00:00Z,0.25732100009918213,0.25982099771499634
2003-03-26T00:00:00Z,0.25982099771499634,0.25732100009918213
2003-03-27T00:00:00Z,0.2557139992713928,0.25874999165534973
2003-03-28T00:00:00Z,0.2571429908275604,0.2601790130138397
2003-03-31T00:00:00Z,0.2558929920196533,0.2524999976158142
2003-04-01T00:00:00Z,0.2535710036754608,0.2528569996356964
2003-04-02T00:00:00Z,0.256428986787796,0.26071399450302124
2003-04-03T00:00:00Z,0.25999999046325684,0.25821399688720703
2003-04-04T00:00:00Z,0.25928598642349243,0.25732100009918213
2003-04-07T00:00:00Z,0.26517900824546814,0.25874999165534973
2003-04-08T00:00:00Z,0.25910699367523193,0.2580359876155853
2003-04-09T00:00:00Z,0.25928598642349243,0.2533929944038391
2003-04-10T00:00:00Z,0.2535710036754608,0.2566069960594177
2003-04-11T00:00:00Z,0.2508929967880249,0.23571400344371796
2003-04-14T00:00:00Z,0.2448209971189499,0.24250000715255737
2003-04-15T00:00:00Z,0.24267899990081787,0.23910699784755707
2003-04-16T00:00:00Z,0.23196400701999664,0.23642900586128235
2003-04-17T00:00:00Z,0.23571400344371796,0.23428599536418915
2003-04-21T00:00:00Z,0.23446400463581085,0.23464299738407135
2003-04-22T00:00:00Z,0.23535700142383575,0.24124999344348907
2003-04-23T00:00:00Z,0.24160699546337128,0.24250000715255737
2003-04-24T00:00:00Z,0.24142900109291077,0.23999999463558197
2003-04-25T00:00:00Z,0.24035699665546417,0.23839299380779266
2003-04-28T00:00:00Z,0.24071399867534637,0.2475000023841858
2003-04-29T00:00:00Z,0.2496429979801178,0.2510710060596466
2003-04-30T00:00:00Z,0.2487500011920929,0.2539289891719818
2003-05-01T00:00:00Z,0.2544640004634857,0.256428986787796
2003-05-02T00:00:00Z,0.25821399688720703,0.2580359876155853
2003-05-05T00:00:00Z,0.26374998688697815,0.287321001291275
2003-05-06T00:00:00Z,0.2878569960594177,0.3125
2003-05-07T00:00:00Z,0.3094640076160431,0.3151789903640747
2003-05-08T00:00:00Z,0.3160710036754608,0.3214290142059326
2003-05-09T00:00:00Z,0.32732099294662476,0.32678601145744324
2003-05-12T00:00:00Z,0.32410699129104614,0.33142900466918945
2003-05-13T00:00:00Z,0.32910698652267456,0.33339300751686096
2003-05-14T00:00:00Z,0.3362500071525574,0.33125001192092896
2003-05-15T00:00:00Z,0.33214300870895386,0.33446401357650757
2003-05-16T00:00:00Z,0.33196398615837097,0.3357140123844147
2003-05-19T00:00:00Z,0.33089300990104675,0.32321399450302124
2003-05-20T00:00:00Z,0.32321399450302124,0.3176789879798889
2003-05-21T00:00:00Z,0.3176789879798889,0.3187499940395355
2003-05-22T00:00:00Z,0.3194639980792999,0.32571399211883545
2003-05-23T00:00:00Z,0.32517901062965393,0.32714301347732544
2003-05-27T00:00:00Z,0.32071399688720703,0.3371430039405823
2003-05-28T00:00:00Z,0.33035698533058167,0.32642900943756104
2003-05-29T00:00:00Z,0.32660698890686035,0.32321399450302124
2003-05-30T00:00:00Z,0.32357099652290344,0.3205359876155853
2003-06-02T00:00:00Z,0.32321399450302124,0.3116070032119751
2003-06-03T00:00:00Z,0.3114289939403534,0.3091070055961609
2003-06-04T00:00:00Z,0.3089289963245392,0.3142859935760498
2003-06-05T00:00:00Z,0.3116070032119751,0.3149999976158142
2003-06-06T00:00:00Z,0.316785991191864,0.3062500059604645
2003-06-09T00:00:00Z,0.30250000953674316,0.29982098937034607
2003-06-10T00:00:00Z,0.30160701274871826,0.3067860007286072
2003-06-11T00:00:00Z,0.3062500059604645,0.3116070032119751
2003-06-12T00:00:00Z,0.3133929967880249,0.3173210024833679
2003-06-13T00:00:00Z,0.3169640004634857,0.3110710084438324
2003-06-16T00:00:00Z,0.3142859935760498,0.32624998688697815
2003-06-17T00:00:00Z,0.32875001430511475,0.32482099533081055
2003-06-18T00:00:00Z,0.32946398854255676,0.3414289951324463
2003-06-19T00:00:00Z,0.3457140028476715,0.3417859971523285
2003-06-20T00:00:00Z,0.3455359935760498,0.3428570032119751
2003-06-23T00:00:00Z,0.3446429967880249,0.3403570055961609
2003-06-24T00:00:00Z,0.3476789891719818,0.33535701036453247
2003-06-25T00:00:00Z,0.3367860019207001,0.3408930003643036
2003-06-26T00:00:00Z,0.33392900228500366,0.3444640040397644
2003-06-27T00:00:00Z,0.3446429967880249,0.33446401357650757
2003-06-30T00:00:00Z,0.3335709869861603,0.3403570055961609
2003-07-01T00:00:00Z,0.3369640111923218,0.3408930003643036
2003-07-02T00:00:00Z,0.3398210108280182,0.3441070020198822
2003-07-03T00:00:00Z,0.3392859995365143,0.341607004404068
2003-07-07T00:00:00Z,0.3441070020198822,0.35482099652290344
2003-07-08T00:00:00Z,0.3485710024833679,0.36428600549697876
2003-07-09T00:00:00Z,0.36089301109313965,0.3551790118217468
2003-07-10T00:00:00Z,0.35499998927116394,0.3496429920196533
2003-07-11T00:00:00Z,0.35107100009918213,0.35446399450302124
2003-07-14T00:00:00Z,0.35732099413871765,0.35535699129104614
2003-07-15T00:00:00Z,0.35749998688697815,0.350178986787796
2003-07-16T00:00:00Z,0.35660699009895325,0.35482099652290344
2003-07-17T00:00:00Z,0.36053600907325745,0.3732140064239502
2003-07-18T00:00:00Z,0.3732140064239502,0.3725000023841858
2003-07-21T00:00:00Z,0.3694640100002289,0.3680360019207001
2003-07-22T00:00:00Z,0.3726789951324463,0.3714289963245392
2003-07-23T00:00:00Z,0.3741070032119751,0.3712500035762787
2003-07-24T00:00:00Z,0.3757140040397644,0.36625000834465027
2003-07-25T00:00:00Z,0.36446401476860046,0.38464298844337463
2003-07-28T00:00:00Z,0.3839290142059326,0.3748210072517395
2003-07-29T00:00:00Z,0.3748210072517395,0.3700000047683716
2003-07-30T00:00:00Z,0.3708930015563965,0.36214300990104675
2003-07-31T00:00:00Z,0.3703570067882538,0.3764289915561676
2003-08-01T00:00:00Z,0.375,0.3701789975166321
2003-08-04T00:00:00Z,0.36660701036453247,0.3787499964237213
2003-08-05T00:00:00Z,0.3812499940395355,0.36392900347709656
2003-08-06T00:00:00Z,0.35821399092674255,0.3505359888076782
2003-08-07T00:00:00Z,0.35232099890708923,0.35589298605918884
2003-08-08T00:00:00Z,0.35910698771476746,0.3507139980792999
2003-08-11T00:00:00Z,0.3539290130138397,0.35107100009918213
2003-08-12T00:00:00Z,0.35285699367523193,0.3517859876155853
2003-08-13T00:00:00Z,0.35464298725128174,0.36035698652267456
2003-08-14T00:00:00Z,0.36089301109313965,0.35660699009895325
2003-08-15T00:00:00Z,0.35749998688697815,0.35196399688720703
2003-08-18T00:00:00Z,0.35464298725128174,0.36321398615837097
2003-08-19T00:00:00Z,0.36375001072883606,0.36285701394081116
2003-08-20T00:00:00Z,0.36035698652267456,0.3751789927482605
2003-08-21T00:00:00Z,0.3755359947681427,0.38714298605918884
2003-08-22T00:00:00Z,0.38946399092674255,0.372857004404068
2003-08-25T00:00:00Z,0.3710710108280182,0.3725000023841858
2003-08-26T00:00:00Z,0.3705359995365143,0.3758929967880249
2003-08-27T00:00:00Z,0.3733929991722107,0.38357099890708923
2003-08-28T00:00:00Z,0.3808929920196533,0.39625000953674316
2003-08-29T00:00:00Z,0.39642900228500366,0.4037500023841858
2003-09-02T00:00:00Z,0.4046429991722107,0.4080359935760498
2003-09-03T00:00:00Z,0.4071429967880249,0.4098210036754608
2003-09-04T00:00:00Z,0.41357100009918213,0.4076789915561676
2003-09-05T00:00:00Z,0.4058929979801178,0.4017859995365143
2003-09-08T00:00:00Z,0.4014289975166321,0.4060710072517395
2003-09-09T00:00:00Z,0.4023210108280182,0.3994640111923218
2003-09-10T00:00:00Z,0.3973209857940674,0.3960709869861603
2003-09-11T00:00:00Z,0.3973209857940674,0.4028570055961609
2003-09-12T00:00:00Z,0.401964008808136,0.4124999940395355
2003-09-15T00:00:00Z,0.4073210060596466,0.39660701155662537
2003-09-16T00:00:00Z,0.39660701155662537,0.3992860019207001
2003-09-17T00:00:00Z,0.3994640111923218,0.39500001072883606
2003-09-18T00:00:00Z,0.39464300870895386,0.4085710048675537
2003-09-19T00:00:00Z,0.4085710048675537,0.4032140076160431
2003-09-22T00:00:00Z,0.3960709869861603,0.39428600668907166
2003-09-23T00:00:00Z,0.39321398735046387,0.4005360007286072
2003-09-24T00:00:00Z,0.39660701155662537,0.3807139992713928
2003-09-25T00:00:00Z,0.381071001291275,0.3648209869861603
2003-09-26T00:00:00Z,0.36250001192092896,0.3694640100002289
2003-09-29T00:00:00Z,0.38374999165534973,0.3803569972515106
2003-09-30T00:00:00Z,0.3766070008277893,0.3700000047683716
2003-10-01T00:00:00Z,0.3698210120201111,0.3712500035762787
2003-10-02T00:00:00Z,0.3714289963245392,0.3673210144042969
2003-10-03T00:00:00Z,0.3748210072517395,0.38732099533081055
2003-10-06T00:00:00Z,0.38696399331092834,0.39803600311279297
2003-10-07T00:00:00Z,0.39375001192092896,0.41464298963546753
2003-10-08T00:00:00Z,0.4151790142059326,0.4117859899997711
2003-10-09T00:00:00Z,0.41607099771499634,0.41874998807907104
2003-10-10T00:00:00Z,0.41964301466941833,0.42285698652267456
2003-10-13T00:00:00Z,0.42375001311302185,0.4348210096359253
2003-10-14T00:00:00Z,0.4342859983444214,0.4383929967880249
2003-10-15T00:00:00Z,0.4437499940395355,0.4432139992713928
2003-10-16T00:00:00Z,0.42500001192092896,0.4151790142059326
2003-10-17T00:00:00Z,0.41749998927116394,0.40625
2003-10-20T00:00:00Z,0.4035710096359253,0.41464298963546753
2003-10-21T00:00:00Z,0.41624999046325684,0.4139289855957031
2003-10-22T00:00:00Z,0.4096429944038391,0.4064289927482605
2003-10-23T00:00:00Z,0.4058929979801178,0.410535991191864
2003-10-24T00:00:00Z,0.4028570055961609,0.4035710096359253
2003-10-27T00:00:00Z,0.40625,0.4035710096359253
2003-10-28T00:00:00Z,0.4028570055961609,0.42357099056243896
2003-10-29T00:00:00Z,0.41982099413871765,0.42303600907325745
2003-10-30T00:00:00Z,0.42839300632476807,0.412321001291275
2003-10-31T00:00:00Z,0.41607099771499634,0.4087499976158142
2003-11-03T00:00:00Z,0.4076789915561676,0.4133929908275604
2003-11-04T00:00:00Z,0.4119639992713928,0.4091069996356964
2003-11-05T00:00:00Z,0.4074999988079071,0.4112499952316284
2003-11-06T00:00:00Z,0.4091069996356964,0.4128569960594177
2003-11-07T00:00:00Z,0.41410699486732483,0.4017859995365143
2003-11-10T00:00:00Z,0.4008930027484894,0.39107099175453186
2003-11-11T00:00:00Z,0.39107099175453186,0.38464298844337463
2003-11-12T00:00:00Z,0.38357099890708923,0.3987500071525574
2003-11-13T00:00:00Z,0.39410701394081116,0.4003570079803467
2003-11-14T00:00:00Z,0.4014289975166321,0.38321399688720703
2003-11-17T00:00:00Z,0.3812499940395355,0.3773210048675537
2003-11-18T00:00:00Z,0.3787499964237213,0.36446401476860046
2003-11-19T00:00:00Z,0.36714300513267517,0.36464300751686096
2003-11-20T00:00:00Z,0.35892900824546814,0.36392900347709656
2003-11-21T00:00:00Z,0.36321398615837097,0.36214300990104675
2003-11-24T00:00:00Z,0.3660709857940674,0.3776789903640747
2003-11-25T00:00:00Z,0.3791069984436035,0.3692860007286072
2003-11-26T00:00:00Z,0.3730359971523285,0.3700000047683716
2003-11-28T00:00:00Z,0.3710710108280182,0.3733929991722107
2003-12-01T00:00:00Z,0.3757140040397644,0.38767901062965393
2003-12-02T00:00:00Z,0.38571399450302124,0.38464298844337463
2003-12-03T00:00:00Z,0.38464298844337463,0.3755359947681427
2003-12-04T00:00:00Z,0.3739289939403534,0.3776789903640747
2003-12-05T00:00:00Z,0.3732140064239502,0.3723210096359253
2003-12-08T00:00:00Z,0.3710710108280182,0.3758929967880249
2003-12-09T00:00:00Z,0.3780359923839569,0.36517900228500366
2003-12-10T00:00:00Z,0.36517900228500366,0.36392900347709656
2003-12-11T00:00:00Z,0.36160698533058167,0.3787499964237213
2003-12-12T00:00:00Z,0.3807139992713928,0.3730359971523285
2003-12-15T00:00:00Z,0.38374999165534973,0.36017900705337524
2003-12-16T00:00:00Z,0.36053600907325745,0.35928601026535034
2003-12-17T00:00:00Z,0.35857099294662476,0.35499998927116394
2003-12-18T00:00:00Z,0.35535699129104614,0.35785698890686035
2003-12-19T00:00:00Z,0.36053600907325745,0.3517859876155853
2003-12-22T00:00:00Z,0.3508929908275604,0.35446399450302124
2003-12-23T00:00:00Z,0.35571399331092834,0.35374999046325684
2003-12-24T00:00:00Z,0.35214298963546753,0.36446401476860046
2003-12-26T00:00:00Z,0.36339300870895386,0.3710710108280182
2003-12-29T00:00:00Z,0.3733929991722107,0.3776789903640747
2003-12-30T00:00:00Z,0.3782140016555786,0.3799999952316284
2003-12-31T00:00:00Z,0.3812499940395355,0.3816069960594177
2004-01-02T00:00:00Z,0.38482099771499634,0.3799999952316284
2004-01-05T00:00:00Z,0.3824999928474426,0.39589300751686096
2004-01-06T00:00:00Z,0.3973209857940674,0.39446398615837097
2004-01-07T00:00:00Z,0.39464300870895386,0.4033930003643036
2004-01-08T00:00:00Z,0.4078570008277893,0.41714298725128174
2004-01-09T00:00:00Z,0.41482099890708923,0.4107140004634857
2004-01-12T00:00:00Z,0.4151790142059326,0.42375001311302185
2004-01-13T00:00:00Z,0.4410710036754608,0.4307140111923218
2004-01-14T00:00:00Z,0.4357140064239502,0.4321430027484894
2004-01-15T00:00:00Z,0.4091069996356964,0.4080359935760498
2004-01-16T00:00:00Z,0.4087499976158142,0.4057140052318573
2004-01-20T00:00:00Z,0.4048210084438324,0.4058929979801178
2004-01-21T00:00:00Z,0.4053570032119751,0.4037500023841858
2004-01-22T00:00:00Z,0.4028570055961609,0.3960709869861603
2004-01-23T00:00:00Z,0.4003570079803467,0.4028570055961609
2004-01-26T00:00:00Z,0.4010710120201111,0.4108929932117462
2004-01-27T00:00:00Z,0.4114289879798889,0.4119639992713928
2004-01-28T00:00:00Z,0.4078570008277893,0.4021430015563965
2004-01-29T00:00:00Z,0.404107004404068,0.4050000011920929
2004-01-30T00:00:00Z,0.4044640064239502,0.4028570055961609
2004-02-02T00:00:00Z,0.4010710120201111,0.3985710144042969
2004-02-03T00:00:00Z,0.3982140123844147,0.39750000834465027
2004-02-04T00:00:00Z,0.39285698533058167,0.38910698890686035
2004-02-05T00:00:00Z,0.38964301347732544,0.4003570079803467
2004-02-06T00:00:00Z,0.4008930027484894,0.4055359959602356
2004-02-09T00:00:00Z,0.4039289951324463,0.4048210084438324
2004-02-10T00:00:00Z,0.4039289951324463,0.4103569984436035
2004-02-11T00:00:00Z,0.412321001291275,0.42500001192092896
2004-02-12T00:00:00Z,0.42160698771476746,0.42375001311302185
2004-02-13T00:00:00Z,0.42589300870895386,0.4107140004634857
2004-02-17T00:00:00Z,0.4124999940395355,0.41357100009918213
2004-02-18T00:00:00Z,0.4139289855957031,0.41535699367523193
2004-02-19T00:00:00Z,0.41660699248313904,0.4012500047683716
2004-02-20T00:00:00Z,0.4017859995365143,0.4000000059604645
2004-02-23T00:00:00Z,0.39892899990081787,0.39625000953674316
2004-02-24T00:00:00Z,0.39535701274871826,0.3992860019207001
2004-02-25T00:00:00Z,0.39785701036453247,0.4073210060596466
2004-02-26T00:00:00Z,0.4085710048675537,0.4114289879798889
2004-02-27T00:00:00Z,0.4099999964237213,0.42714300751686096
2004-03-01T00:00:00Z,0.4303570091724396,0.42892900109291077
2004-03-02T00:00:00Z,0.4285709857940674,0.42517900466918945
2004-03-03T00:00:00Z,0.42142900824546814,0.42714300751686096
2004-03-04T00:00:00Z,0.4273209869861603,0.44928601384162903
2004-03-05T00:00:00Z,0.4455359876155853,0.47749999165534973
2004-03-08T00:00:00Z,0.4753569960594177,0.4642859995365143
2004-03-09T00:00:00Z,0.4625000059604645,0.48392900824546814
2004-03-10T00:00:00Z,0.48285698890686035,0.4942860007286072
2004-03-11T00:00:00Z,0.48696398735046387,0.48482099175453186
2004-03-12T00:00:00Z,0.48785701394081116,0.49214300513267517
2004-03-15T00:00:00Z,0.48267900943756104,0.4723210036754608
2004-03-16T00:00:00Z,0.4741069972515106,0.4610710144042969
2004-03-17T00:00:00Z,0.4635710120201111,0.4676789939403534
2004-03-18T00:00:00Z,0.4632140100002289,0.45839300751686096
2004-03-19T00:00:00Z,0.45642900466918945,0.4617860019207001
2004-03-22T00:00:00Z,0.45303601026535034,0.4617860019207001
2004-03-23T00:00:00Z,0.4621430039405823,0.45160698890686035
2004-03-24T00:00:00Z,0.45124998688697815,0.45535698533058167
2004-03-25T00:00:00Z,0.4667859971523285,0.47982099652290344
2004-03-26T00:00:00Z,0.48214301466941833,0.48285698890686035
2004-03-29T00:00:00Z,0.48875001072883606,0.4983929991722107
2004-03-30T00:00:00Z,0.4953570067882538,0.4985710084438324
2004-03-31T00:00:00Z,0.4985710084438324,0.48285698890686035
2004-04-01T00:00:00Z,0.4801790118217468,0.48410698771476746
2004-04-02T00:00:00Z,0.4955359995365143,0.4910709857940674
2004-04-05T00:00:00Z,0.49071401357650757,0.5057139992713928
2004-04-06T00:00:00Z,0.4948210120201111,0.4969640076160431
2004-04-07T00:00:00Z,0.4930360019207001,0.48767900466918945
2004-04-08T00:00:00Z,0.497857004404068,0.49160701036453247
2004-04-12T00:00:00Z,0.4910709857940674,0.5007140040397644
2004-04-13T00:00:00Z,0.4996429979801178,0.48089298605918884
2004-04-14T00:00:00Z,0.47749999165534973,0.4757139980792999
2004-04-15T00:00:00Z,0.5146430134773254,0.5232139825820923
2004-04-16T00:00:00Z,0.5205360054969788,0.5210710167884827
2004-04-19T00:00:00Z,0.5021430253982544,0.5062500238418579
2004-04-20T00:00:00Z,0.5037500262260437,0.4951789975166321
2004-04-21T00:00:00Z,0.4928570091724396,0.4951789975166321
2004-04-22T00:00:00Z,0.49214300513267517,0.4960710108280182
2004-04-23T00:00:00Z,0.4946430027484894,0.4946430027484894
2004-04-26T00:00:00Z,0.4925000071525574,0.48446398973464966
2004-04-27T00:00:00Z,0.48642900586128235,0.48107099533081055
2004-04-28T00:00:00Z,0.4789290130138397,0.4723210036754608
2004-04-29T00:00:00Z,0.4723210036754608,0.47803598642349243
2004-04-30T00:00:00Z,0.47696399688720703,0.46035701036453247
2004-05-03T00:00:00Z,0.4642859995365143,0.4655359983444214
2004-05-04T00:00:00Z,0.4637500047683716,0.4667859971523285
2004-05-05T00:00:00Z,0.4678570032119751,0.4758929908275604
2004-05-06T00:00:00Z,0.4714289903640747,0.4746429920196533
2004-05-07T00:00:00Z,0.4741069972515106,0.4762499928474426
2004-05-10T00:00:00Z,0.4691070020198822,0.4692859947681427
2004-05-11T00:00:00Z,0.4714289903640747,0.48464301228523254
2004-05-12T00:00:00Z,0.47839298844337463,0.48750001192092896
2004-05-13T00:00:00Z,0.48392900824546814,0.48553600907325745
2004-05-14T00:00:00Z,0.48660698533058167,0.48321399092674255
2004-05-17T00:00:00Z,0.4767859876155853,0.4757139980792999
2004-05-18T00:00:00Z,0.48160699009895325,0.48321399092674255
2004-05-19T00:00:00Z,0.48928600549697876,0.4726789891719818
2004-05-20T00:00:00Z,0.4755359888076782,0.47696399688720703
2004-05-21T00:00:00Z,0.48035699129104614,0.48410698771476746
2004-05-24T00:00:00Z,0.48732098937034607,0.48821398615837097
2004-05-25T00:00:00Z,0.4910709857940674,0.5073210000991821
2004-05-26T00:00:00Z,0.5058929920196533,0.5091069936752319
2004-05-27T00:00:00Z,0.508213996887207,0.5030360221862793
2004-05-28T00:00:00Z,0.50142902135849,0.5010709762573242
2004-06-01T00:00:00Z,0.4962500035762787,0.5010709762573242
2004-06-02T00:00:00Z,0.5005360245704651,0.5164290070533752
2004-06-03T00:00:00Z,0.5128570199012756,0.5071430206298828
2004-06-04T00:00:00Z,0.5099999904632568,0.513929009437561
2004-06-07T00:00:00Z,0.5185710191726685,0.5323209762573242
2004-06-08T00:00:00Z,0.535535991191864,0.5419639945030212
2004-06-09T00:00:00Z,0.5373209714889526,0.5392860174179077
2004-06-10T00:00:00Z,0.5392860174179077,0.54892897605896
2004-06-14T00:00:00Z,0.5473210215568542,0.5378569960594177
2004-06-15T00:00:00Z,0.5453569889068604,0.5480359792709351
2004-06-16T00:00:00Z,0.5475000143051147,0.5846430063247681
2004-06-17T00:00:00Z,0.5814290046691895,0.5858929753303528
2004-06-18T00:00:00Z,0.5832139849662781,0.5876790285110474
2004-06-21T00:00:00Z,0.5914289951324463,0.5773209929466248
2004-06-22T00:00:00Z,0.5767859816551208,0.5892860293388367
2004-06-23T00:00:00Z,0.5892860293388367,0.6017860174179077
2004-06-24T00:00:00Z,0.5983930230140686,0.5924999713897705
2004-06-25T00:00:00Z,0.5905359983444214,0.6017860174179077
2004-06-28T00:00:00Z,0.6103569865226746,0.58017897605896
2004-06-29T00:00:00Z,0.5726789832115173,0.580357015132904
2004-06-30T00:00:00Z,0.5814290046691895,0.5810710191726685
2004-07-01T00:00:00Z,0.5732139945030212,0.5767859816551208
2004-07-02T00:00:00Z,0.5442860126495361,0.5550000071525574
2004-07-06T00:00:00Z,0.5583930015563965,0.5526790022850037
2004-07-07T00:00:00Z,0.5508930087089539,0.5426790118217468
2004-07-08T00:00:00Z,0.5380359888076782,0.5382140278816223
2004-07-09T00:00:00Z,0.5405359864234924,0.5362499952316284
2004-07-12T00:00:00Z,0.5360710024833679,0.5203570127487183
2004-07-13T00:00:00Z,0.5223209857940674,0.5217859745025635
2004-07-14T00:00:00Z,0.5153570175170898,0.5282139778137207
2004-07-15T00:00:00Z,0.5832139849662781,0.5880360007286072
2004-07-16T00:00:00Z,0.5857139825820923,0.574999988079071
2004-07-19T00:00:00Z,0.5716069936752319,0.5708929896354675
2004-07-20T00:00:00Z,0.5705360174179077,0.574999988079071
2004-07-21T00:00:00Z,0.5789290070533752,0.5646430253982544
2004-07-22T00:00:00Z,0.5580360293388367,0.5657140016555786
2004-07-23T00:00:00Z,0.5630360245704651,0.5482140183448792
2004-07-26T00:00:00Z,0.5508930087089539,0.558214008808136
2004-07-27T00:00:00Z,0.567857027053833,0.5791069865226746
2004-07-28T00:00:00Z,0.5769640207290649,0.5762500166893005
2004-07-29T00:00:00Z,0.579820990562439,0.5828570127487183
2004-07-30T00:00:00Z,0.5830360054969788,0.5774999856948853
2004-08-02T00:00:00Z,0.5567860007286072,0.56392902135849
2004-08-03T00:00:00Z,0.5616070032119751,0.5587499737739563
2004-08-04T00:00:00Z,0.5569639801979065,0.5676789879798889
2004-08-05T00:00:00Z,0.5680360198020935,0.5605360269546509
2004-08-06T00:00:00Z,0.5517860054969788,0.5317860245704651
2004-08-09T00:00:00Z,0.5330359935760498,0.5410709977149963
2004-08-10T00:00:00Z,0.5426790118217468,0.5628569722175598
2004-08-11T00:00:00Z,0.5553569793701172,0.5537499785423279
2004-08-12T00:00:00Z,0.543749988079071,0.5423210263252258
2004-08-13T00:00:00Z,0.5464289784431458,0.5507140159606934
2004-08-16T00:00:00Z,0.5535709857940674,0.5496429800987244
2004-08-17T00:00:00Z,0.5460709929466248,0.5512499809265137
2004-08-18T00:00:00Z,0.54482102394104,0.566785991191864
2004-08-19T00:00:00Z,0.5626789927482605,0.5483930110931396
2004-08-20T00:00:00Z,0.5483930110931396,0.550000011920929
2004-08-23T00:00:00Z,0.5510709881782532,0.5550000071525574
2004-08-24T00:00:00Z,0.558214008808136,0.5705360174179077
2004-08-25T00:00:00Z,0.5691069960594177,0.5901790261268616
2004-08-26T00:00:00Z,0.5899999737739563,0.6189290285110474
2004-08-27T00:00:00Z,0.6192860007286072,0.6133930087089539
2004-08-30T00:00:00Z,0.607142984867096,0.6092860102653503
2004-08-31T00:00:00Z,0.6083930134773254,0.6158930063247681
2004-09-01T00:00:00Z,0.612500011920929,0.6403570175170898
2004-09-02T00:00:00Z,0.6339290142059326,0.6367859840393066
2004-09-03T00:00:00Z,0.6251789927482605,0.6291069984436035
2004-09-07T00:00:00Z,0.6321430206298828,0.63857102394104
2004-09-08T00:00:00Z,0.637499988079071,0.6491069793701172
2004-09-09T00:00:00Z,0.6446430087089539,0.637499988079071
2004-09-10T00:00:00Z,0.6367859840393066,0.6405360102653503
2004-09-13T00:00:00Z,0.6407139897346497,0.6355360150337219
2004-09-14T00:00:00Z,0.629285991191864,0.6337500214576721
2004-09-15T00:00:00Z,0.6314290165901184,0.6285709738731384
2004-09-16T00:00:00Z,0.6285709738731384,0.6491069793701172
2004-09-17T00:00:00Z,0.6526790261268616,0.6632140278816223
2004-09-20T00:00:00Z,0.6585710048675537,0.6733930110931396
2004-09-21T00:00:00Z,0.674107015132904,0.6787499785423279
2004-09-22T00:00:00Z,0.6803569793701172,0.6592860221862793
2004-09-23T00:00:00Z,0.6614289879798889,0.6655359864234924
2004-09-24T00:00:00Z,0.668749988079071,0.665893018245697
2004-09-27T00:00:00Z,0.6598209738731384,0.670179009437561
2004-09-28T00:00:00Z,0.6689289808273315,0.679286003112793
2004-09-29T00:00:00Z,0.6773210167884827,0.6907140016555786
2004-09-30T00:00:00Z,0.6964290142059326,0.6919639706611633
2004-10-01T00:00:00Z,0.6985710263252258,0.6905360221862793
2004-10-04T00:00:00Z,0.6996430158615112,0.6926789879798889
2004-10-05T00:00:00Z,0.6885709762573242,0.7030360102653503
2004-10-06T00:00:00Z,0.705357015132904,0.7257140278816223
2004-10-07T00:00:00Z,0.7239289879798889,0.7074999809265137
2004-10-08T00:00:00Z,0.7064290046691895,0.6974999904632568
2004-10-11T00:00:00Z,0.692857027053833,0.6891070008277893
2004-10-12T00:00:00Z,0.6875,0.6837499737739563
2004-10-13T00:00:00Z,0.6941069960594177,0.7098209857940674
2004-10-14T00:00:00Z,0.7712500095367432,0.8032140135765076
2004-10-15T00:00:00Z,0.8014289736747742,0.8125
2004-10-18T00:00:00Z,0.7982140183448792,0.8526790142059326
2004-10-19T00:00:00Z,0.8589289784431458,0.8467860221862793
2004-10-20T00:00:00Z,0.8424999713897705,0.8476790189743042
2004-10-21T00:00:00Z,0.8478569984436035,0.8560709953308105
2004-10-22T00:00:00Z,0.8489289879798889,0.8466070294380188
2004-10-25T00:00:00Z,0.8428570032119751,0.849107027053833
2004-10-26T00:00:00Z,0.8473209738731384,0.8566070199012756
2004-10-27T00:00:00Z,0.8662499785423279,0.8982139825820923
2004-10-28T00:00:00Z,0.8924999833106995,0.9319639801979065
2004-10-29T00:00:00Z,0.9257140159606934,0.9357140064239502
2004-11-01T00:00:00Z,0.9375,0.9366070032119751
2004-11-02T00:00:00Z,0.9357140064239502,0.955357015132904
2004-11-03T00:00:00Z,0.9708930253982544,0.9876790046691895
2004-11-04T00:00:00Z,0.982679009437561,0.9723209738731384
2004-11-05T00:00:00Z,0.9796429872512817,0.9771429896354675
2004-11-08T00:00:00Z,0.9691069722175598,0.9710710048675537
2004-11-09T00:00:00Z,0.9683930277824402,0.9651790261268616
2004-11-10T00:00:00Z,0.963392972946167,0.9776790142059326
2004-11-11T00:00:00Z,0.981249988079071,0.987500011920929
2004-11-12T00:00:00Z,0.98232102394104,0.9910709857940674
2004-11-15T00:00:00Z,0.9857140183448792,0.98642897605896
2004-11-16T00:00:00Z,0.9850000143051147,0.9810709953308105
2004-11-17T00:00:00Z,0.9855359792709351,0.9803569912910461
2004-11-18T00:00:00Z,0.9696429967880249,0.9891070127487183
2004-11-19T00:00:00Z,0.9908930063247681,0.9851790070533752
2004-11-22T00:00:00Z,1.1035710573196411,1.0955359935760498
2004-11-23T00:00:00Z,1.1124999523162842,1.0941070318222046
2004-11-24T00:00:00Z,1.1016069650650024,1.1437499523162842
2004-11-26T00:00:00Z,1.166964054107666,1.1526789665222168
2004-11-29T00:00:00Z,1.2312500476837158,1.2221430540084839
2004-11-30T00:00:00Z,1.2283929586410522,1.1973210573196411
2004-12-01T00:00:00Z,1.210536003112793,1.210536003112793
2004-12-02T00:00:00Z,1.1808929443359375,1.164463996887207
2004-12-03T00:00:00Z,1.1523209810256958,1.1192859411239624
2004-12-06T00:00:00Z,1.1473209857940674,1.1746430397033691
2004-12-07T00:00:00Z,1.177320957183838,1.1230360269546509
2004-12-08T00:00:00Z,1.1264289617538452,1.1299999952316284
2004-12-09T00:00:00Z,1.1216069459915161,1.14267897605896
2004-12-10T00:00:00Z,1.1612499952316284,1.1633930206298828
2004-12-13T00:00:00Z,1.1717859506607056,1.159106969833374
2004-12-14T00:00:00Z,1.167857050895691,1.1658929586410522
2004-12-15T00:00:00Z,1.1649999618530273,1.165356993675232
2004-12-16T00:00:00Z,1.181249976158142,1.1892859935760498
2004-12-17T00:00:00Z,1.1935709714889526,1.1605360507965088
2004-12-20T00:00:00Z,1.1691069602966309,1.1200000047683716
2004-12-21T00:00:00Z,1.1349999904632568,1.1373209953308105
2004-12-22T00:00:00Z,1.1367859840393066,1.1383930444717407
2004-12-23T00:00:00Z,1.1383930444717407,1.1430360078811646
2004-12-27T00:00:00Z,1.157142996788025,1.127856969833374
2004-12-28T00:00:00Z,1.130357027053833,1.146070957183838
2004-12-29T00:00:00Z,1.139464020729065,1.1507140398025513
2004-12-30T00:00:00Z,1.1573209762573242,1.157142996788025
2004-12-31T00:00:00Z,1.158750057220459,1.149999976158142
2005-01-03T00:00:00Z,1.1567859649658203,1.1301790475845337
2005-01-04T00:00:00Z,1.1391069889068604,1.141785979270935
2005-01-05T00:00:00Z,1.1510709524154663,1.151785969734192
2005-01-06T00:00:00Z,1.1548210382461548,1.1526789665222168
2005-01-07T00:00:00Z,1.160714030265808,1.2366069555282593
2005-01-10T00:00:00Z,1.2469639778137207,1.2314289808273315
2005-01-11T00:00:00Z,1.21875,1.1528569459915161
2005-01-12T00:00:00Z,1.1687500476837158,1.1689289808273315
2005-01-13T00:00:00Z,1.316249966621399,1.2464289665222168
2005-01-14T00:00:00Z,1.254464030265808,1.2535710334777832
2005-01-18T00:00:00Z,1.2473210096359253,1.261607050895691
2005-01-19T00:00:00Z,1.2587499618530273,1.2478569746017456
2005-01-20T00:00:00Z,1.243749976158142,1.258213996887207
2005-01-21T00:00:00Z,1.2733930349349976,1.2587499618530273
2005-01-24T00:00:00Z,1.2675000429153442,1.26357102394104
2005-01-25T00:00:00Z,1.2744640111923218,1.286607027053833
2005-01-26T00:00:00Z,1.2975000143051147,1.2901790142059326
2005-01-27T00:00:00Z,1.2885710000991821,1.2971429824829102
2005-01-28T00:00:00Z,1.2967859506607056,1.3210710287094116
2005-01-31T00:00:00Z,1.331786036491394,1.3732140064239502
2005-02-01T00:00:00Z,1.375892996788025,1.3844640254974365
2005-02-02T00:00:00Z,1.3919639587402344,1.4219640493392944
2005-02-03T00:00:00Z,1.412500023841858,1.389464020729065
2005-02-04T00:00:00Z,1.3905359506607056,1.4078569412231445
2005-02-07T00:00:00Z,1.4094640016555786,1.4096430540084839
2005-02-08T00:00:00Z,1.4119640588760376,1.4446430206298828
2005-02-09T00:00:00Z,1.4471429586410522,1.4060709476470947
2005-02-10T00:00:00Z,1.4057140350341797,1.3992860317230225
2005-02-11T00:00:00Z,1.426071047782898,1.4501789808273315
2005-02-14T00:00:00Z,1.4773210287094116,1.5112500190734863
2005-02-15T00:00:00Z,1.5475000143051147,1.5787500143051147
2005-02-16T00:00:00Z,1.574107050895691,1.6094640493392944
2005-02-17T00:00:00Z,1.618749976158142,1.5680359601974487
2005-02-18T00:00:00Z,1.5667860507965088,1.5501790046691895
2005-02-22T00:00:00Z,1.5410710573196411,1.523036003112793
2005-02-23T00:00:00Z,1.548570990562439,1.5755360126495361
2005-02-24T00:00:00Z,1.5800000429153442,1.5880359411239624
2005-02-25T00:00:00Z,1.6003570556640625,1.5891070365905762
2005-02-28T00:00:00Z,1.5957139730453491,1.6021430492401123
2005-03-01T00:00:00Z,1.6067860126495361,1.589285969734192
2005-03-02T00:00:00Z,1.5803569555282593,1.5757139921188354
2005-03-03T00:00:00Z,1.584643006324768,1.4924999475479126
2005-03-04T00:00:00Z,1.5271430015563965,1.5289289951324463
2005-03-07T00:00:00Z,1.5285710096359253,1.526785969734192
2005-03-08T00:00:00Z,1.4964289665222168,1.4474999904632568
2005-03-09T00:00:00Z,1.4157140254974365,1.405357003211975
2005-03-10T00:00:00Z,1.4117859601974487,1.4225000143051147
2005-03-11T00:00:00Z,1.4360710382461548,1.4382139444351196
2005-03-14T00:00:00Z,1.4471429586410522,1.440000057220459
2005-03-15T00:00:00Z,1.451429009437561,1.4628570079803467
2005-03-16T00:00:00Z,1.4717860221862793,1.4707139730453491
2005-03-17T00:00:00Z,1.483214020729065,1.5089290142059326
2005-03-18T00:00:00Z,1.5475000143051147,1.5342860221862793
2005-03-21T00:00:00Z,1.5460710525512695,1.5607140064239502
2005-03-22T00:00:00Z,1.5610710382461548,1.5296430587768555
2005-03-23T00:00:00Z,1.5160709619522095,1.519642949104309
2005-03-24T00:00:00Z,1.5325000286102295,1.5178569555282593
2005-03-28T00:00:00Z,1.526785969734192,1.5189290046691895
2005-03-29T00:00:00Z,1.5199999809265137,1.4910709857940674
2005-03-30T00:00:00Z,1.502500057220459,1.5285710096359253
2005-03-31T00:00:00Z,1.5160709619522095,1.4882140159606934
2005-04-01T00:00:00Z,1.5032140016555786,1.4603569507598877
2005-04-04T00:00:00Z,1.4639290571212769,1.4674999713897705
2005-04-05T00:00:00Z,1.4721430540084839,1.4960709810256958
2005-04-06T00:00:00Z,1.5142860412597656,1.5117859840393066
2005-04-07T00:00:00Z,1.5117859840393066,1.5557140111923218
2005-04-08T00:00:00Z,1.5607140064239502,1.5621429681777954
2005-04-11T00:00:00Z,1.5767860412597656,1.497143030166626
2005-04-12T00:00:00Z,1.5175000429153442,1.5235710144042969
2005-04-13T00:00:00Z,1.5339289903640747,1.4657139778137207
2005-04-14T00:00:00Z,1.386070966720581,1.3307139873504639
2005-04-15T00:00:00Z,1.3078570365905762,1.2625000476837158
2005-04-18T00:00:00Z,1.25,1.272143006324768
2005-04-19T00:00:00Z,1.307142972946167,1.3246430158615112
2005-04-20T00:00:00Z,1.3450000286102295,1.2682139873504639
2005-04-21T00:00:00Z,1.2999999523162842,1.3278570175170898
2005-04-22T00:00:00Z,1.3157140016555786,1.2678569555282593
2005-04-25T00:00:00Z,1.3032139539718628,1.320713996887207
2005-04-26T00:00:00Z,1.3135709762573242,1.2925000190734863
2005-04-27T00:00:00Z,1.2817859649658203,1.2839289903640747
2005-04-28T00:00:00Z,1.2960710525512695,1.269286036491394
2005-04-29T00:00:00Z,1.2910710573196411,1.2878570556640625
2005-05-02T00:00:00Z,1.293213963508606,1.301071047782898
2005-05-03T00:00:00Z,1.2999999523162842,1.293213963508606
2005-05-04T00:00:00Z,1.2896430492401123,1.3267860412597656
2005-05-05T00:00:00Z,1.3303569555282593,1.309999942779541
2005-05-06T00:00:00Z,1.3174999952316284,1.3300000429153442
2005-05-09T00:00:00Z,1.3314290046691895,1.3203569650650024
2005-05-10T00:00:00Z,1.3125,1.3007140159606934
2005-05-11T00:00:00Z,1.2571430206298828,1.2717859745025635
2005-05-12T00:00:00Z,1.2649999856948853,1.2189290523529053
2005-05-13T00:00:00Z,1.2214289903640747,1.241786003112793
2005-05-16T00:00:00Z,1.2342859506607056,1.269642949104309
2005-05-17T00:00:00Z,1.2549999952316284,1.2628569602966309
2005-05-18T00:00:00Z,1.2660709619522095,1.2799999713897705
2005-05-19T00:00:00Z,1.2778569459915161,1.3410710096359253
2005-05-20T00:00:00Z,1.3303569555282593,1.3410710096359253
2005-05-23T00:00:00Z,1.3517860174179077,1.4199999570846558
2005-05-24T00:00:00Z,1.4089289903640747,1.417857050895691
2005-05-25T00:00:00Z,1.410714030265808,1.420714020729065
2005-05-26T00:00:00Z,1.426429033279419,1.4550000429153442
2005-05-27T00:00:00Z,1.451429009437561,1.448570966720581
2005-05-31T00:00:00Z,1.4521429538726807,1.4199999570846558
2005-06-01T00:00:00Z,1.4246430397033691,1.4392859935760498
2005-06-02T00:00:00Z,1.4303569793701172,1.4299999475479126
2005-06-03T00:00:00Z,1.3628569841384888,1.3657139539718628
2005-06-06T00:00:00Z,1.3689290285110474,1.3542859554290771
2005-06-07T00:00:00Z,1.342857003211975,1.3049999475479126
2005-06-08T00:00:00Z,1.3082139492034912,1.3185709714889526
2005-06-09T00:00:00Z,1.3214290142059326,1.344642996788025
2005-06-10T00:00:00Z,1.3357139825820923,1.2789289951324463
2005-06-13T00:00:00Z,1.2817859649658203,1.282142996788025
2005-06-14T00:00:00Z,1.2828569412231445,1.285714030265808
2005-06-15T00:00:00Z,1.3167860507965088,1.32607102394104
2005-06-16T00:00:00Z,1.3282140493392944,1.3564289808273315
2005-06-17T00:00:00Z,1.3739290237426758,1.3682140111923218
2005-06-20T00:00:00Z,1.3517860174179077,1.3432140350341797
2005-06-21T00:00:00Z,1.3471430540084839,1.3521430492401123
2005-06-22T00:00:00Z,1.3664289712905884,1.3767859935760498
2005-06-23T00:00:00Z,1.3867859840393066,1.388929009437561
2005-06-24T00:00:00Z,1.396070957183838,1.3485709428787231
2005-06-27T00:00:00Z,1.3157140016555786,1.3250000476837158
2005-06-28T00:00:00Z,1.3389290571212769,1.3324999809265137
2005-06-29T00:00:00Z,1.3296430110931396,1.29892897605896
2005-06-30T00:00:00Z,1.3075000047683716,1.3146430253982544
2005-07-01T00:00:00Z,1.315356969833374,1.3035709857940674
2005-07-05T00:00:00Z,1.3053569793701172,1.3564289808273315
2005-07-06T00:00:00Z,1.3467860221862793,1.3353569507598877
2005-07-07T00:00:00Z,1.3146430253982544,1.3439290523529053
2005-07-08T00:00:00Z,1.3524999618530273,1.3660709857940674
2005-07-11T00:00:00Z,1.3703570365905762,1.3607139587402344
2005-07-12T00:00:00Z,1.3653570413589478,1.3657139539718628
2005-07-13T00:00:00Z,1.3674999475479126,1.369642972946167
2005-07-14T00:00:00Z,1.456786036491394,1.4553569555282593
2005-07-15T00:00:00Z,1.4632140398025513,1.4839290380477905
2005-07-18T00:00:00Z,1.478929042816162,1.4817860126495361
2005-07-19T00:00:00Z,1.4828569889068604,1.5425000190734863
2005-07-20T00:00:00Z,1.5307140350341797,1.5582139492034912
2005-07-21T00:00:00Z,1.5607140064239502,1.5460710525512695
2005-07-22T00:00:00Z,1.551429033279419,1.5714290142059326
2005-07-25T00:00:00Z,1.5710710287094116,1.5646430253982544
2005-07-26T00:00:00Z,1.5717860460281372,1.5582139492034912
2005-07-27T00:00:00Z,1.565356969833374,1.5710710287094116
2005-07-28T00:00:00Z,1.5660710334777832,1.5642859935760498
2005-07-29T00:00:00Z,1.5557140111923218,1.5232139825820923
2005-08-01T00:00:00Z,1.5203570127487183,1.526785969734192
2005-08-02T00:00:00Z,1.5317859649658203,1.5425000190734863
2005-08-03T00:00:00Z,1.5425000190734863,1.5435709953308105
2005-08-04T00:00:00Z,1.5317859649658203,1.5253570079803467
2005-08-05T00:00:00Z,1.5175000429153442,1.5353569984436035
2005-08-08T00:00:00Z,1.535714030265808,1.5232139825820923
2005-08-09T00:00:00Z,1.5332139730453491,1.565000057220459
2005-08-10T00:00:00Z,1.5714290142059326,1.5492860078811646
2005-08-11T00:00:00Z,1.5496430397033691,1.5714290142059326
2005-08-12T00:00:00Z,1.5521429777145386,1.6464289426803589
2005-08-15T00:00:00Z,1.659999966621399,1.7028570175170898
2005-08-16T00:00:00Z,1.6924999952316284,1.651785969734192
2005-08-17T00:00:00Z,1.657142996788025,1.6839289665222168
2005-08-18T00:00:00Z,1.6753569841384888,1.6535710096359253
2005-08-19T00:00:00Z,1.6528569459915161,1.6367859840393066
2005-08-22T00:00:00Z,1.6482139825820923,1.6382139921188354
2005-08-23T00:00:00Z,1.6375000476837158,1.6335710287094116
2005-08-24T00:00:00Z,1.6285710334777832,1.6346429586410522
2005-08-25T00:00:00Z,1.647143006324768,1.6449999809265137
2005-08-26T00:00:00Z,1.647143006324768,1.6335710287094116
2005-08-29T00:00:00Z,1.616786003112793,1.6371430158615112
2005-08-30T00:00:00Z,1.6425000429153442,1.6632139682769775
2005-08-31T00:00:00Z,1.673570990562439,1.6746430397033691
2005-09-01T00:00:00Z,1.6785709857940674,1.6521430015563965
2005-09-02T00:00:00Z,1.6535710096359253,1.6507140398025513
2005-09-06T00:00:00Z,1.667857050895691,1.7428569793701172
2005-09-07T00:00:00Z,1.7517859935760498,1.738571047782898
2005-09-08T00:00:00Z,1.7625000476837158,1.7778569459915161
2005-09-09T00:00:00Z,1.7882139682769775,1.8324999809265137
2005-09-12T00:00:00Z,1.8250000476837158,1.8357139825820923
2005-09-13T00:00:00Z,1.8221429586410522,1.815000057220459
2005-09-14T00:00:00Z,1.823570966720581,1.7717859745025635
2005-09-15T00:00:00Z,1.785714030265808,1.7810709476470947
2005-09-16T00:00:00Z,1.7939289808273315,1.8289289474487305
2005-09-19T00:00:00Z,1.823214054107666,1.8799999952316284
2005-09-20T00:00:00Z,1.8925000429153442,1.8996429443359375
2005-09-21T00:00:00Z,1.8914289474487305,1.861070990562439
2005-09-22T00:00:00Z,1.852856993675232,1.8535710573196411
2005-09-23T00:00:00Z,1.8607139587402344,1.899999976158142
2005-09-26T00:00:00Z,1.9296430349349976,1.9228570461273193
2005-09-27T00:00:00Z,1.9257140159606934,1.9085710048675537
2005-09-28T00:00:00Z,1.8953570127487183,1.8242859840393066
2005-09-29T00:00:00Z,1.8296430110931396,1.8692859411239624
2005-09-30T00:00:00Z,1.8689290285110474,1.9146430492401123
2005-10-03T00:00:00Z,1.9342859983444214,1.9442859888076782
2005-10-04T00:00:00Z,1.962499976158142,1.9196430444717407
2005-10-05T00:00:00Z,1.940356969833374,1.8849999904632568
2005-10-06T00:00:00Z,1.899999976158142,1.8464289903640747
2005-10-07T00:00:00Z,1.8471430540084839,1.832142949104309
2005-10-10T00:00:00Z,1.8485709428787231,1.79892897605896
2005-10-11T00:00:00Z,1.8296430110931396,1.8424999713897705
2005-10-12T00:00:00Z,1.7374999523162842,1.7589290142059326
2005-10-13T00:00:00Z,1.7657140493392944,1.9192860126495361
2005-10-14T00:00:00Z,1.9296430349349976,1.9285709857940674
2005-10-17T00:00:00Z,1.9278570413589478,1.9085710048675537
2005-10-18T00:00:00Z,1.901785969734192,1.8646429777145386
2005-10-19T00:00:00Z,1.8596429824829102,1.9621429443359375
2005-10-20T00:00:00Z,1.9453569650650024,2.005000114440918
2005-10-21T00:00:00Z,2.0299999713897705,1.9878569841384888
2005-10-24T00:00:00Z,1.973214030265808,2.0282139778137207
2005-10-25T00:00:00Z,2.0142860412597656,2.003571033477783
2005-10-26T00:00:00Z,2.009999990463257,2.0367860794067383
2005-10-27T00:00:00Z,2.0353569984436035,1.978929042816162
2005-10-28T00:00:00Z,2.0014290809631348,1.9453569650650024
2005-10-31T00:00:00Z,1.9714289903640747,2.056786060333252
2005-11-01T00:00:00Z,2.044286012649536,2.0535709857940674
2005-11-02T00:00:00Z,2.061429023742676,2.141071081161499
2005-11-03T00:00:00Z,2.1521430015563965,2.2089290618896484
2005-11-04T00:00:00Z,2.1553568840026855,2.183928966522217
2005-11-07T00:00:00Z,2.1732139587402344,2.151071071624756
2005-11-08T00:00:00Z,2.141071081161499,2.1392860412597656
2005-11-09T00:00:00Z,2.142857074737549,2.1467859745025635
2005-11-10T00:00:00Z,2.1657140254974365,2.184999942779541
2005-11-11T00:00:00Z,2.197856903076172,2.197856903076172
2005-11-14T00:00:00Z,2.197856903076172,2.194643020629883
2005-11-15T00:00:00Z,2.200000047683716,2.2242860794067383
2005-11-16T00:00:00Z,2.255357027053833,2.319643020629883
2005-11-17T00:00:00Z,2.3424999713897705,2.304286003112793
2005-11-18T00:00:00Z,2.3324999809265137,2.3057138919830322
2005-11-21T00:00:00Z,2.315000057220459,2.319999933242798
2005-11-22T00:00:00Z,2.315713882446289,2.375714063644409
2005-11-23T00:00:00Z,2.38857102394104,2.3967859745025635
2005-11-25T00:00:00Z,2.416429042816162,2.476428985595703
2005-11-28T00:00:00Z,2.5257139205932617,2.4878571033477783
2005-11-29T00:00:00Z,2.499643087387085,2.432142972946167
2005-11-30T00:00:00Z,2.4439289569854736,2.42214298248291
2005-12-01T00:00:00Z,2.4625000953674316,2.557142972946167
2005-12-02T00:00:00Z,2.581070899963379,2.5939290523529053
2005-12-05T00:00:00Z,2.569643020629883,2.565000057220459
2005-12-06T00:00:00Z,2.64035701751709,2.6446430683135986
2005-12-07T00:00:00Z,2.651071071624756,2.641071081161499
2005-12-08T00:00:00Z,2.614285945892334,2.645714044570923
2005-12-09T00:00:00Z,2.6503570079803467,2.6546430587768555
2005-12-12T00:00:00Z,2.67392897605896,2.6753571033477783
2005-12-13T00:00:00Z,2.6732139587402344,2.677856922149658
2005-12-14T00:00:00Z,2.5903570652008057,2.5717859268188477
2005-12-15T00:00:00Z,2.5957140922546387,2.57785701751709
2005-12-16T00:00:00Z,2.5764288902282715,2.5396430492401123
2005-12-19T00:00:00Z,2.5396430492401123,2.549285888671875
2005-12-20T00:00:00Z,2.558213949203491,2.575356960296631
2005-12-21T00:00:00Z,2.5928568840026855,2.625
2005-12-22T00:00:00Z,2.6396429538726807,2.643570899963379
2005-12-23T00:00:00Z,2.6489291191101074,2.619642972946167
2005-12-27T00:00:00Z,2.642857074737549,2.651071071624756
2005-12-28T00:00:00Z,2.6596429347991943,2.627500057220459
2005-12-29T00:00:00Z,2.634999990463257,2.551785945892334
2005-12-30T00:00:00Z,2.5325000286102295,2.567500114440918
2006-01-03T00:00:00Z,2.5850000381469727,2.669642925262451
2006-01-04T00:00:00Z,2.683213949203491,2.677500009536743
2006-01-05T00:00:00Z,2.672499895095825,2.6564290523529053
2006-01-06T00:00:00Z,2.6875,2.7249999046325684
2006-01-09T00:00:00Z,2.740356922149658,2.7160708904266357
2006-01-10T00:00:00Z,2.7232139110565186,2.887856960296631
2006-01-11T00:00:00Z,2.994286060333252,2.996428966522217
2006-01-12T00:00:00Z,3.0346429347991943,3.010356903076172
2006-01-13T00:00:00Z,3.0353569984436035,3.056786060333252
2006-01-17T00:00:00Z,3.06071400642395,3.0253570079803467
2006-01-18T00:00:00Z,2.9671430587768555,2.946070909500122
2006-01-19T00:00:00Z,2.9017860889434814,2.822856903076172
2006-01-20T00:00:00Z,2.8314290046691895,2.7174999713897705
2006-01-23T00:00:00Z,2.7178568840026855,2.7739291191101074
2006-01-24T00:00:00Z,2.812856912612915,2.7157139778137207
2006-01-25T00:00:00Z,2.7639288902282715,2.6500000953674316
2006-01-26T00:00:00Z,2.6617860794067383,2.583214044570923
2006-01-27T00:00:00Z,2.6053569316864014,2.572499990463257
2006-01-30T00:00:00Z,2.541785955429077,2.6785709857940674
2006-01-31T00:00:00Z,2.6964290142059326,2.6967859268188477
2006-02-01T00:00:00Z,2.676785945892334,2.693571090698242
2006-02-02T00:00:00Z,2.682142972946167,2.575000047683716
2006-02-03T00:00:00Z,2.5799999237060547,2.566071033477783
2006-02-06T00:00:00Z,2.572143077850342,2.4035708904266357
2006-02-07T00:00:00Z,2.438214063644409,2.414285898208618
2006-02-08T00:00:00Z,2.446070909500122,2.4574999809265137
2006-02-09T00:00:00Z,2.4678568840026855,2.319643020629883
2006-02-10T00:00:00Z,2.32785701751709,2.4039289951324463
2006-02-13T00:00:00Z,2.379642963409424,2.3110709190368652
2006-02-14T00:00:00Z,2.325000047683716,2.4157140254974365
2006-02-15T00:00:00Z,2.398571014404297,2.4721429347991943
2006-02-16T00:00:00Z,2.496786117553711,2.5203568935394287
2006-02-17T00:00:00Z,2.510714054107666,2.510356903076172
2006-02-21T00:00:00Z,2.521070957183838,2.4671430587768555
2006-02-22T00:00:00Z,2.4642860889434814,2.54714298248291
2006-02-23T00:00:00Z,2.5639290809631348,2.5625
2006-02-24T00:00:00Z,2.5764288902282715,2.552143096923828
2006-02-27T00:00:00Z,2.571070909500122,2.5353569984436035
2006-02-28T00:00:00Z,2.556428909301758,2.446070909500122
2006-03-01T00:00:00Z,2.458570957183838,2.4678568840026855
2006-03-02T00:00:00Z,2.4639289379119873,2.4860711097717285
2006-03-03T00:00:00Z,2.4785709381103516,2.4185709953308105
2006-03-06T00:00:00Z,2.4175000190734863,2.338571071624756
2006-03-07T00:00:00Z,2.3485710620880127,2.3682138919830322
2006-03-08T00:00:00Z,2.367500066757202,2.3450000286102295
2006-03-09T00:00:00Z,2.356429100036621,2.2832140922546387
2006-03-10T00:00:00Z,2.2874999046325684,2.2567861080169678
2006-03-13T00:00:00Z,2.323214054107666,2.3457140922546387
2006-03-14T00:00:00Z,2.348928928375244,2.4042859077453613
2006-03-15T00:00:00Z,2.4182140827178955,2.365356922149658
2006-03-16T00:00:00Z,2.387500047683716,2.296786069869995
2006-03-17T00:00:00Z,2.3125,2.309286117553711
2006-03-20T00:00:00Z,2.3292860984802246,2.2853569984436035
2006-03-21T00:00:00Z,2.2074999809265137,2.2074999809265137
2006-03-22T00:00:00Z,2.2200000286102295,2.202500104904175
2006-03-23T00:00:00Z,2.2078568935394287,2.148571014404297
2006-03-24T00:00:00Z,2.1517860889434814,2.1414289474487305
2006-03-27T00:00:00Z,2.1553568840026855,2.125356912612915
2006-03-28T00:00:00Z,2.129642963409424,2.0967860221862793
2006-03-29T00:00:00Z,2.111785888671875,2.2260708808898926
2006-03-30T00:00:00Z,2.2435710430145264,2.2410709857940674
2006-03-31T00:00:00Z,2.2589290142059326,2.240000009536743
2006-04-03T00:00:00Z,2.2739291191101074,2.237499952316284
2006-04-04T00:00:00Z,2.2178568840026855,2.184643030166626
2006-04-05T00:00:00Z,2.3110709190368652,2.4003570079803467
2006-04-06T00:00:00Z,2.43928599357605,2.544286012649536
2006-04-07T00:00:00Z,2.5332140922546387,2.492500066757202
2006-04-10T00:00:00Z,2.510356903076172,2.452500104904175
2006-04-11T00:00:00Z,2.4639289379119873,2.4282140731811523
2006-04-12T00:00:00Z,2.428929090499878,2.382499933242798
2006-04-13T00:00:00Z,2.369286060333252,2.373929023742676
2006-04-17T00:00:00Z,2.375356912612915,2.314642906188965
2006-04-18T00:00:00Z,2.322856903076172,2.365000009536743
2006-04-19T00:00:00Z,2.3864290714263916,2.3446431159973145
2006-04-20T00:00:00Z,2.4825000762939453,2.4153571128845215
2006-04-21T00:00:00Z,2.435357093811035,2.3942859172821045
2006-04-24T00:00:00Z,2.387500047683716,2.3482139110565186
2006-04-25T00:00:00Z,2.3557140827178955,2.3632140159606934
2006-04-26T00:00:00Z,2.380357027053833,2.433928966522217
2006-04-27T00:00:00Z,2.418929100036621,2.4771430492401123
2006-04-28T00:00:00Z,2.4778571128845215,2.5139288902282715
2006-05-01T00:00:00Z,2.5274999141693115,2.4857139587402344
2006-05-02T00:00:00Z,2.505357027053833,2.557857036590576
2006-05-03T00:00:00Z,2.565356969833374,2.5407140254974365
2006-05-04T00:00:00Z,2.5435709953308105,2.5403571128845215
2006-05-05T00:00:00Z,2.5664288997650146,2.567500114440918
2006-05-08T00:00:00Z,2.606786012649536,2.567500114440918
2006-05-09T00:00:00Z,2.565000057220459,2.5367860794067383
2006-05-10T00:00:00Z,2.5460710525512695,2.5214290618896484
2006-05-11T00:00:00Z,2.5282139778137207,2.433928966522217
2006-05-12T00:00:00Z,2.4232139587402344,2.4178569316864014
2006-05-15T00:00:00Z,2.4060709476470947,2.4210710525512695
2006-05-16T00:00:00Z,2.432142972946167,2.320713996887207
2006-05-17T00:00:00Z,2.3110709190368652,2.330713987350464
2006-05-18T00:00:00Z,2.3457140922546387,2.2564289569854736
2006-05-19T00:00:00Z,2.2592859268188477,2.303929090499878
2006-05-22T00:00:00Z,2.2810709476470947,2.26357102394104
2006-05-23T00:00:00Z,2.3164288997650146,2.255357027053833
2006-05-24T00:00:00Z,2.249643087387085,2.2621428966522217
2006-05-25T00:00:00Z,2.2950000762939453,2.297499895095825
2006-05-26T00:00:00Z,2.296786069869995,2.2696430683135986
2006-05-30T00:00:00Z,2.260356903076172,2.186429023742676
2006-05-31T00:00:00Z,2.205713987350464,2.134643077850342
2006-06-01T00:00:00Z,2.137500047683716,2.2203569412231445
2006-06-02T00:00:00Z,2.249643087387085,2.2021429538726807
2006-06-05T00:00:00Z,2.183928966522217,2.142857074737549
2006-06-06T00:00:00Z,2.1507139205932617,2.132857084274292
2006-06-07T00:00:00Z,2.1464290618896484,2.0914289951324463
2006-06-08T00:00:00Z,2.0871429443359375,2.1700000762939453
2006-06-09T00:00:00Z,2.184999942779541,2.1157140731811523
2006-06-12T00:00:00Z,2.121428966522217,2.0357139110565186
2006-06-13T00:00:00Z,2.057499885559082,2.083214044570923
2006-06-14T00:00:00Z,2.0814290046691895,2.057499885559082
2006-06-15T00:00:00Z,2.046428918838501,2.120713949203491
2006-06-16T00:00:00Z,2.1057140827178955,2.0557138919830322
2006-06-19T00:00:00Z,2.065356969833374,2.0428569316864014
2006-06-20T00:00:00Z,2.057499885559082,2.052500009536743
2006-06-21T00:00:00Z,2.062143087387085,2.0664288997650146
2006-06-22T00:00:00Z,2.078571081161499,2.127856969833374
2006-06-23T00:00:00Z,2.132857084274292,2.1010708808898926
2006-06-26T00:00:00Z,2.1132140159606934,2.106786012649536
2006-06-27T00:00:00Z,2.1103570461273193,2.0510709285736084
2006-06-28T00:00:00Z,2.0460710525512695,2.000714063644409
2006-06-29T00:00:00Z,2.0271430015563965,2.1060709953308105
2006-06-30T00:00:00Z,2.056786060333252,2.0453569889068604
2006-07-03T00:00:00Z,2.054286003112793,2.069643020629883
2006-07-05T00:00:00Z,2.0410709381103516,2.0357139110565186
2006-07-06T00:00:00Z,2.038928985595703,1.991786003112793
2006-07-07T00:00:00Z,1.9814289808273315,1.9785710573196411
2006-07-10T00:00:00Z,1.989285945892334,1.964285969734192
2006-07-11T00:00:00Z,1.9682140350341797,1.9874999523162842
2006-07-12T00:00:00Z,1.9703569412231445,1.8914289474487305
2006-07-13T00:00:00Z,1.858214020729065,1.8660709857940674
2006-07-14T00:00:00Z,1.875,1.809643030166626
2006-07-17T00:00:00Z,1.847499966621399,1.8703570365905762
2006-07-18T00:00:00Z,1.8985710144042969,1.8892860412597656
2006-07-19T00:00:00Z,1.8914289474487305,1.932142972946167
2006-07-20T00:00:00Z,2.177143096923828,2.1607139110565186
2006-07-21T00:00:00Z,2.1364290714263916,2.1685709953308105
2006-07-24T00:00:00Z,2.187856912612915,2.193571090698242
2006-07-25T00:00:00Z,2.2064290046691895,2.2117860317230225
2006-07-26T00:00:00Z,2.2142860889434814,2.2810709476470947
2006-07-27T00:00:00Z,2.3035709857940674,2.2642860412597656
2006-07-28T00:00:00Z,2.2835710048675537,2.3424999713897705
2006-07-31T00:00:00Z,2.3867859840393066,2.427143096923828
2006-08-01T00:00:00Z,2.4007139205932617,2.3992860317230225
2006-08-02T00:00:00Z,2.4160709381103516,2.434286117553711
2006-08-03T00:00:00Z,2.4253571033477783,2.4853570461273193
2006-08-04T00:00:00Z,2.3946430683135986,2.43928599357605
2006-08-07T00:00:00Z,2.4185709953308105,2.4003570079803467
2006-08-08T00:00:00Z,2.396070957183838,2.313570976257324
2006-08-09T00:00:00Z,2.3367860317230225,2.271070957183838
2006-08-10T00:00:00Z,2.2589290142059326,2.2882139682769775
2006-08-11T00:00:00Z,2.258213996887207,2.273214101791382
2006-08-14T00:00:00Z,2.2874999046325684,2.2835710048675537
2006-08-15T00:00:00Z,2.333570957183838,2.37321400642395
2006-08-16T00:00:00Z,2.3964290618896484,2.427856922149658
2006-08-17T00:00:00Z,2.4285709857940674,2.413928985595703
2006-08-18T00:00:00Z,2.4182140827178955,2.4253571033477783
2006-08-21T00:00:00Z,2.4035708904266357,2.377142906188965
2006-08-22T00:00:00Z,2.3814289569854736,2.4149999618530273
2006-08-23T00:00:00Z,2.4285709857940674,2.4039289951324463
2006-08-24T00:00:00Z,2.424643039703369,2.421786069869995
2006-08-25T00:00:00Z,2.4049999713897705,2.455357074737549
2006-08-28T00:00:00Z,2.4464290142059326,2.3921430110931396
2006-08-29T00:00:00Z,2.3924999237060547,2.374285936355591
2006-08-30T00:00:00Z,2.4049999713897705,2.3914289474487305
2006-08-31T00:00:00Z,2.4028570652008057,2.4232139587402344
2006-09-01T00:00:00Z,2.445713996887207,2.442142963409424
2006-09-05T00:00:00Z,2.4632139205932617,2.552856922149658
2006-09-06T00:00:00Z,2.5385708808898926,2.501070976257324
2006-09-07T00:00:00Z,2.5214290618896484,2.5999999046325684
2006-09-08T00:00:00Z,2.620357036590576,2.5899999141693115
2006-09-11T00:00:00Z,2.5867860317230225,2.5892860889434814
2006-09-12T00:00:00Z,2.6003570556640625,2.5939290523529053
2006-09-13T00:00:00Z,2.601785898208618,2.6500000953674316
2006-09-14T00:00:00Z,2.632857084274292,2.6489291191101074
2006-09-15T00:00:00Z,2.664285898208618,2.6464290618896484
2006-09-18T00:00:00Z,2.635714054107666,2.6389288902282715
2006-09-19T00:00:00Z,2.6464290618896484,2.634643077850342
2006-09-20T00:00:00Z,2.6564290523529053,2.687856912612915
2006-09-21T00:00:00Z,2.6875,2.6660709381103516
2006-09-22T00:00:00Z,2.6535708904266357,2.607142925262451
2006-09-25T00:00:00Z,2.636070966720581,2.705357074737549
2006-09-26T00:00:00Z,2.7207140922546387,2.7717859745025635
2006-09-27T00:00:00Z,2.756071090698242,2.728929042816162
2006-09-28T00:00:00Z,2.750714063644409,2.750356912612915
2006-09-29T00:00:00Z,2.7539288997650146,2.749285936355591
2006-10-02T00:00:00Z,2.682142972946167,2.6735711097717285
2006-10-03T00:00:00Z,2.6589291095733643,2.645714044570923
2006-10-04T00:00:00Z,2.6464290618896484,2.692142963409424
2006-10-05T00:00:00Z,2.6617860794067383,2.672499895095825
2006-10-06T00:00:00Z,2.6578569412231445,2.6507139205932617
2006-10-09T00:00:00Z,2.635714054107666,2.6653571128845215
2006-10-10T00:00:00Z,2.6621429920196533,2.636070966720581
2006-10-11T00:00:00Z,2.622143030166626,2.615356922149658
2006-10-12T00:00:00Z,2.6289288997650146,2.687856912612915
2006-10-13T00:00:00Z,2.70107102394104,2.679286003112793
2006-10-16T00:00:00Z,2.685357093811035,2.692857027053833
2006-10-17T00:00:00Z,2.680000066757202,2.6532139778137207
2006-10-18T00:00:00Z,2.669642925262451,2.6617860794067383
2006-10-19T00:00:00Z,2.830713987350464,2.821070909500122
2006-10-20T00:00:00Z,2.820357084274292,2.8553569316864014
2006-10-23T00:00:00Z,2.856786012649536,2.9092860221862793
2006-10-24T00:00:00Z,2.9003570079803467,2.8946430683135986
2006-10-25T00:00:00Z,2.9053568840026855,2.9171431064605713
2006-10-26T00:00:00Z,2.924999952316284,2.935357093811035
2006-10-27T00:00:00Z,2.919642925262451,2.871786117553711
2006-10-30T00:00:00Z,2.856786012649536,2.872143030166626
2006-10-31T00:00:00Z,2.9089291095733643,2.895714044570923
2006-11-01T00:00:00Z,2.8964290618896484,2.8271429538726807
2006-11-02T00:00:00Z,2.818571090698242,2.820713996887207
2006-11-03T00:00:00Z,2.8342859745025635,2.7960710525512695
2006-11-06T00:00:00Z,2.819643020629883,2.8467860221862793
2006-11-07T00:00:00Z,2.87321400642395,2.875356912612915
2006-11-08T00:00:00Z,2.8578569889068604,2.944643020629883
2006-11-09T00:00:00Z,2.960714101791382,2.976428985595703
2006-11-10T00:00:00Z,2.983928918838501,2.9685709476470947
2006-11-13T00:00:00Z,2.9721429347991943,3.012500047683716
2006-11-14T00:00:00Z,3.0285708904266357,3.0357139110565186
2006-11-15T00:00:00Z,3.0374999046325684,3.00178599357605
2006-11-16T00:00:00Z,3.0310709476470947,3.057499885559082
2006-11-17T00:00:00Z,3.0407140254974365,3.066071033477783
2006-11-20T00:00:00Z,3.049999952316284,3.0882139205932617
2006-11-21T00:00:00Z,3.122143030166626,3.164285898208618
2006-11-22T00:00:00Z,3.1782140731811523,3.2253570556640625
2006-11-24T00:00:00Z,3.197499990463257,3.2725000381469727
2006-11-27T00:00:00Z,3.303929090499878,3.197856903076172
2006-11-28T00:00:00Z,3.2271430492401123,3.2789289951324463
2006-11-29T00:00:00Z,3.3214290142059326,3.2785708904266357
2006-11-30T00:00:00Z,3.2932140827178955,3.273571014404297
2006-12-01T00:00:00Z,3.2785708904266357,3.2614290714263916
2006-12-04T00:00:00Z,3.2814290523529053,3.254286050796509
2006-12-05T00:00:00Z,3.273214101791382,3.259643077850342
2006-12-06T00:00:00Z,3.237143039703369,3.208214044570923
2006-12-07T00:00:00Z,3.2153570652008057,3.1085710525512695
2006-12-08T00:00:00Z,3.115356922149658,3.1521430015563965
2006-12-11T00:00:00Z,3.174999952316284,3.169642925262451
2006-12-12T00:00:00Z,3.1646430492401123,3.0764288902282715
2006-12-13T00:00:00Z,3.141071081161499,3.180356979370117
2006-12-14T00:00:00Z,3.180356979370117,3.1624999046325684
2006-12-15T00:00:00Z,3.179286003112793,3.132857084274292
2006-12-18T00:00:00Z,3.129642963409424,3.052500009536743
2006-12-19T00:00:00Z,3.026071071624756,3.0824999809265137
2006-12-20T00:00:00Z,3.0882139205932617,3.0271430015563965
2006-12-21T00:00:00Z,3.0250000953674316,2.960714101791382
2006-12-22T00:00:00Z,2.9807140827178955,2.93571400642395
2006-12-26T00:00:00Z,2.933928966522217,2.9110710620880127
2006-12-27T00:00:00Z,2.7910709381103516,2.911428928375244
2006-12-28T00:00:00Z,2.865000009536743,2.888214111328125
2006-12-29T00:00:00Z,2.99821400642395,3.0299999713897705
2007-01-03T00:00:00Z,3.0817859172821045,2.992856979370117
2007-01-04T00:00:00Z,3.00178599357605,3.059286117553711
2007-01-05T00:00:00Z,3.063214063644409,3.0374999046325684
2007-01-08T00:00:00Z,3.069999933242798,3.052500009536743
2007-01-09T00:00:00Z,3.0875000953674316,3.3060710430145264
2007-01-10T00:00:00Z,3.3839290142059326,3.4642860889434814
2007-01-11T00:00:00Z,3.426429033279419,3.421428918838501
2007-01-12T00:00:00Z,3.378213882446289,3.379286050796509
2007-01-16T00:00:00Z,3.4171431064605713,3.4678568840026855
2007-01-17T00:00:00Z,3.484286069869995,3.391071081161499
2007-01-18T00:00:00Z,3.289285898208618,3.1810710430145264
2007-01-19T00:00:00Z,3.1653571128845215,3.1607139110565186
2007-01-22T00:00:00Z,3.1835711002349854,3.0996429920196533
2007-01-23T00:00:00Z,3.061785936355591,3.06071400642395
2007-01-24T00:00:00Z,3.0957140922546387,3.0964291095733643
2007-01-25T00:00:00Z,3.1110711097717285,3.080357074737549
2007-01-26T00:00:00Z,3.1110711097717285,3.049285888671875
2007-01-29T00:00:00Z,3.0821430683135986,3.0692861080169678
2007-01-30T00:00:00Z,3.0867860317230225,3.055356979370117
2007-01-31T00:00:00Z,3.0307140350341797,3.061785936355591
2007-02-01T00:00:00Z,3.0796430110931396,3.0264289379119873
2007-02-02T00:00:00Z,3.004286050796509,3.0267860889434814
2007-02-05T00:00:00Z,3.010714054107666,2.997857093811035
2007-02-06T00:00:00Z,3.016071081161499,3.005357027053833
2007-02-07T00:00:00Z,3.0171430110931396,3.0767860412597656
2007-02-08T00:00:00Z,3.0510709285736084,3.07785701751709
2007-02-09T00:00:00Z,3.067142963409424,2.973928928375244
2007-02-12T00:00:00Z,3.01535701751709,3.0314290523529053
2007-02-13T00:00:00Z,3.041429042816162,3.0250000953674316
2007-02-14T00:00:00Z,3.0225000381469727,3.046428918838501
2007-02-15T00:00:00Z,3.051429033279419,3.0432140827178955
2007-02-16T00:00:00Z,3.044642925262451,3.0296430587768555
2007-02-20T00:00:00Z,3.023214101791382,3.067857027053833
2007-02-21T00:00:00Z,3.070713996887207,3.18571400642395
2007-02-22T00:00:00Z,3.242856979370117,3.1967859268188477
2007-02-23T00:00:00Z,3.184286117553711,3.1810710430145264
2007-02-26T00:00:00Z,3.208570957183838,3.1610710620880127
2007-02-27T00:00:00Z,3.0821430683135986,2.997499942779541
2007-02-28T00:00:00Z,2.9642860889434814,3.0217859745025635
2007-03-01T00:00:00Z,3.001070976257324,3.109286069869995
2007-03-02T00:00:00Z,3.098928928375244,3.0503571033477783
2007-03-05T00:00:00Z,3.067500114440918,3.0828568935394287
2007-03-06T00:00:00Z,3.135714054107666,3.1496429443359375
2007-03-07T00:00:00Z,3.1446430683135986,3.132857084274292
2007-03-08T00:00:00Z,3.163928985595703,3.142857074737549
2007-03-09T00:00:00Z,3.171428918838501,3.1417860984802246
2007-03-12T00:00:00Z,3.1453568935394287,3.2096428871154785
2007-03-13T00:00:00Z,3.193213939666748,3.1571431159973145
2007-03-14T00:00:00Z,3.164285898208618,3.2142860889434814
2007-03-15T00:00:00Z,3.2128570079803467,3.1989290714263916
2007-03-16T00:00:00Z,3.197856903076172,3.1996428966522217
2007-03-19T00:00:00Z,3.2228569984436035,3.254642963409424
2007-03-20T00:00:00Z,3.262500047683716,3.2671430110931396
2007-03-21T00:00:00Z,3.2853569984436035,3.3524999618530273
2007-03-22T00:00:00Z,3.3475000858306885,3.3557140827178955
2007-03-23T00:00:00Z,3.3339290618896484,3.3399999141693115
2007-03-26T00:00:00Z,3.356786012649536,3.4232139587402344
2007-03-27T00:00:00Z,3.4182140827178955,3.4092860221862793
2007-03-28T00:00:00Z,3.38857102394104,3.3299999237060547
2007-03-29T00:00:00Z,3.363929033279419,3.3482139110565186
2007-03-30T00:00:00Z,3.367142915725708,3.318213939666748
2007-04-02T00:00:00Z,3.362143039703369,3.3446431159973145
2007-04-03T00:00:00Z,3.362143039703369,3.375
2007-04-04T00:00:00Z,3.390713930130005,3.366786003112793
2007-04-05T00:00:00Z,3.36142897605896,3.3814289569854736
2007-04-09T00:00:00Z,3.4003570079803467,3.3446431159973145
2007-04-10T00:00:00Z,3.3453569412231445,3.3660709857940674
2007-04-11T00:00:00Z,3.3535709381103516,3.306786060333252
2007-04-12T00:00:00Z,3.2871429920196533,3.2925000190734863
2007-04-13T00:00:00Z,3.246428966522217,3.2228569984436035
2007-04-16T00:00:00Z,3.23464298248291,3.26535701751709
2007-04-17T00:00:00Z,3.2857139110565186,3.226785898208618
2007-04-18T00:00:00Z,3.2200000286102295,3.2285709381103516
2007-04-19T00:00:00Z,3.2210710048675537,3.223928928375244
2007-04-20T00:00:00Z,3.2460711002349854,3.248929023742676
2007-04-23T00:00:00Z,3.271070957183838,3.3396430015563965
2007-04-24T00:00:00Z,3.3557140827178955,3.3299999237060547
2007-04-25T00:00:00Z,3.365356922149658,3.4053568840026855
2007-04-26T00:00:00Z,3.627856969833374,3.5299999713897705
2007-04-27T00:00:00Z,3.5064289569854736,3.568571090698242
2007-04-30T00:00:00Z,3.5746428966522217,3.56428599357605
2007-05-01T00:00:00Z,3.556786060333252,3.552500009536743
2007-05-02T00:00:00Z,3.558928966522217,3.5853569507598877
2007-05-03T00:00:00Z,3.5975000858306885,3.585714101791382
2007-05-04T00:00:00Z,3.5999999046325684,3.6003570556640625
2007-05-07T00:00:00Z,3.609999895095825,3.7114291191101074
2007-05-08T00:00:00Z,3.695357084274292,3.752142906188965
2007-05-09T00:00:00Z,3.746786117553711,3.817142963409424
2007-05-10T00:00:00Z,3.808213949203491,3.833570957183838
2007-05-11T00:00:00Z,3.8478569984436035,3.883570909500122
2007-05-14T00:00:00Z,3.9149999618530273,3.9057140350341797
2007-05-15T00:00:00Z,3.9132139682769775,3.8399999141693115
2007-05-16T00:00:00Z,3.876070976257324,3.833570957183838
2007-05-17T00:00:00Z,3.8267860412597656,3.9085710048675537
2007-05-18T00:00:00Z,3.936785936355591,3.929286003112793
2007-05-21T00:00:00Z,3.939642906188965,3.999285936355591
2007-05-22T00:00:00Z,4.017499923706055,4.054999828338623
2007-05-23T00:00:00Z,4.072143077850342,4.03178596496582
2007-05-24T00:00:00Z,4.028929233551025,3.953213930130005
2007-05-25T00:00:00Z,4.0,4.057857036590576
2007-05-29T00:00:00Z,4.087500095367432,4.083929061889648
2007-05-30T00:00:00Z,4.0821428298950195,4.241786003112793
2007-05-31T00:00:00Z,4.288214206695557,4.328214168548584
2007-06-01T00:00:00Z,4.324999809265137,4.228570938110352
2007-06-04T00:00:00Z,4.236785888671875,4.333213806152344
2007-06-05T00:00:00Z,4.336071014404297,4.381071090698242
2007-06-06T00:00:00Z,4.367856979370117,4.415713787078857
2007-06-07T00:00:00Z,4.463929176330566,4.431070804595947
2007-06-08T00:00:00Z,4.493570804595947,4.446071147918701
2007-06-11T00:00:00Z,4.5,4.292500019073486
2007-06-12T00:00:00Z,4.262499809265137,4.299285888671875
2007-06-13T00:00:00Z,4.326786041259766,4.1964287757873535
2007-06-14T00:00:00Z,4.185713768005371,4.2410712242126465
2007-06-15T00:00:00Z,4.307857036590576,4.3035712242126465
2007-06-18T00:00:00Z,4.402856826782227,4.46750020980835
2007-06-19T00:00:00Z,4.453214168548584,4.416429042816162
2007-06-20T00:00:00Z,4.423929214477539,4.341071128845215
2007-06-21T00:00:00Z,4.346428871154785,4.425000190734863
2007-06-22T00:00:00Z,4.423213958740234,4.392857074737549
2007-06-25T00:00:00Z,4.435357093811035,4.369286060333252
2007-06-26T00:00:00Z,4.427856922149658,4.273213863372803
2007-06-27T00:00:00Z,4.307499885559082,4.353213787078857
2007-06-28T00:00:00Z,4.369999885559082,4.305714130401611
2007-06-29T00:00:00Z,4.3560709953308105,4.3585710525512695
2007-07-02T00:00:00Z,4.323214054107666,4.330714225769043
2007-07-03T00:00:00Z,4.357142925262451,4.541786193847656
2007-07-05T00:00:00Z,4.599999904632568,4.7410712242126465
2007-07-06T00:00:00Z,4.754642963409424,4.724999904632568
2007-07-09T00:00:00Z,4.7278571128845215,4.6546430587768555
2007-07-10T00:00:00Z,4.6028571128845215,4.726786136627197
2007-07-11T00:00:00Z,4.716785907745361,4.728213787078857
2007-07-12T00:00:00Z,4.7803568840026855,4.788214206695557
2007-07-13T00:00:00Z,4.822500228881836,4.918929100036621
2007-07-16T00:00:00Z,4.942500114440918,4.932143211364746
2007-07-17T00:00:00Z,4.939286231994629,4.961071014404297
2007-07-18T00:00:00Z,4.935357093811035,4.932857036590576
2007-07-19T00:00:00Z,5.010714054107666,5.0
2007-07-20T00:00:00Z,5.058928966522217,5.1339287757873535
2007-07-23T00:00:00Z,5.118214130401611,5.132143020629883
2007-07-24T00:00:00Z,4.960000038146973,4.817500114440918
2007-07-25T00:00:00Z,4.9053568840026855,4.9021430015563965
2007-07-26T00:00:00Z,5.211071014404297,5.214285850524902
2007-07-27T00:00:00Z,5.221070766448975,5.137499809265137
2007-07-30T00:00:00Z,5.1546430587768555,5.0510711669921875
2007-07-31T00:00:00Z,5.1060709953308105,4.705714225769043
2007-08-01T00:00:00Z,4.772857189178467,4.8214287757873535
2007-08-02T00:00:00Z,4.880356788635254,4.874642848968506
2007-08-03T00:00:00Z,4.830714225769043,4.708929061889648
2007-08-06T00:00:00Z,4.746428966522217,4.830357074737549
2007-08-07T00:00:00Z,4.819285869598389,4.822500228881836
2007-08-08T00:00:00Z,4.884285926818848,4.786070823669434
2007-08-09T00:00:00Z,4.682499885559082,4.5139288902282715
2007-08-10T00:00:00Z,4.3971428871154785,4.464285850524902
2007-08-13T00:00:00Z,4.582857131958008,4.563929080963135
2007-08-14T00:00:00Z,4.581786155700684,4.429643154144287
2007-08-15T00:00:00Z,4.383571147918701,4.2821431159973145
2007-08-16T00:00:00Z,4.178928852081299,4.180356979370117
2007-08-17T00:00:00Z,4.357500076293945,4.359285831451416
2007-08-20T00:00:00Z,4.427143096923828,4.364999771118164
2007-08-21T00:00:00Z,4.364643096923828,4.556070804595947
2007-08-22T00:00:00Z,4.686429023742676,4.732500076293945
2007-08-23T00:00:00Z,4.753213882446289,4.681070804595947
2007-08-24T00:00:00Z,4.661786079406738,4.8321428298950195
2007-08-27T00:00:00Z,4.7639288902282715,4.723214149475098
2007-08-28T00:00:00Z,4.678214073181152,4.529285907745361
2007-08-29T00:00:00Z,4.638570785522461,4.788570880889893
2007-08-30T00:00:00Z,4.738214015960693,4.8660712242126465
2007-08-31T00:00:00Z,4.981785774230957,4.945713996887207
2007-09-04T00:00:00Z,4.997857093811035,5.148571014404297
2007-09-05T00:00:00Z,5.177499771118164,4.884285926818848
2007-09-06T00:00:00Z,4.841429233551025,4.821785926818848
2007-09-07T00:00:00Z,4.7146430015563965,4.706070899963379
2007-09-10T00:00:00Z,4.892499923706055,4.882500171661377
2007-09-11T00:00:00Z,4.925000190734863,4.838929176330566
2007-09-12T00:00:00Z,4.856785774230957,4.887499809265137
2007-09-13T00:00:00Z,4.958213806152344,4.900000095367432
2007-09-14T00:00:00Z,4.877500057220459,4.957499980926514
2007-09-17T00:00:00Z,4.963929176330566,4.943213939666748
2007-09-18T00:00:00Z,4.966429233551025,5.0328569412231445
2007-09-19T00:00:00Z,5.1078572273254395,5.027500152587891
2007-09-20T00:00:00Z,5.005356788635254,5.01107120513916
2007-09-21T00:00:00Z,5.040713787078857,5.148213863372803
2007-09-24T00:00:00Z,5.240356922149658,5.295713901519775
2007-09-25T00:00:00Z,5.244286060333252,5.470714092254639
2007-09-26T00:00:00Z,5.516786098480225,5.456070899963379
2007-09-27T00:00:00Z,5.491786003112793,5.517857074737549
2007-09-28T00:00:00Z,5.480000019073486,5.4810709953308105
2007-10-01T00:00:00Z,5.522500038146973,5.583570957183838
2007-10-02T00:00:00Z,5.591071128845215,5.658928871154785
2007-10-03T00:00:00Z,5.635000228881836,5.639999866485596
2007-10-04T00:00:00Z,5.642857074737549,5.579999923706055
2007-10-05T00:00:00Z,5.656071186065674,5.76607084274292
2007-10-08T00:00:00Z,5.838929176330566,5.996786117553711
2007-10-09T00:00:00Z,6.07857084274292,5.994999885559082
2007-10-10T00:00:00Z,5.98392915725708,5.956786155700684
2007-10-11T00:00:00Z,6.053214073181152,5.793929100036621
2007-10-12T00:00:00Z,5.821785926818848,5.973214149475098
2007-10-15T00:00:00Z,5.99928617477417,5.963571071624756
2007-10-16T00:00:00Z,5.912143230438232,6.056428909301758
2007-10-17T00:00:00Z,6.167500019073486,6.169642925262451
2007-10-18T00:00:00Z,6.125,6.1964287757873535
2007-10-19T00:00:00Z,6.2228569984436035,6.086429119110107
2007-10-22T00:00:00Z,6.083929061889648,6.227142810821533
2007-10-23T00:00:00Z,6.734285831451416,6.648571014404297
2007-10-24T00:00:00Z,6.63607120513916,6.64035701751709
2007-10-25T00:00:00Z,6.602499961853027,6.527856826782227
2007-10-26T00:00:00Z,6.617499828338623,6.596428871154785
2007-10-29T00:00:00Z,6.623213768005371,6.61035680770874
2007-10-30T00:00:00Z,6.649285793304443,6.6785712242126465
2007-10-31T00:00:00Z,6.701070785522461,6.783928871154785
2007-11-01T00:00:00Z,6.735713958740234,6.694285869598389
2007-11-02T00:00:00Z,6.757500171661377,6.7096428871154785
2007-11-05T00:00:00Z,6.617499828338623,6.649285793304443
2007-11-06T00:00:00Z,6.680356979370117,6.849643230438232
2007-11-07T00:00:00Z,6.807499885559082,6.653571128845215
2007-11-08T00:00:00Z,6.666786193847656,6.266786098480225
2007-11-09T00:00:00Z,6.112500190734863,5.906071186065674
2007-11-12T00:00:00Z,5.902856826782227,5.491428852081299
2007-11-13T00:00:00Z,5.744643211364746,6.070000171661377
2007-11-14T00:00:00Z,6.32714319229126,5.932499885559082
2007-11-15T00:00:00Z,5.942500114440918,5.867856979370117
2007-11-16T00:00:00Z,5.903571128845215,5.942500114440918
2007-11-19T00:00:00Z,5.932143211364746,5.8553571701049805
2007-11-20T00:00:00Z,5.916786193847656,6.0303568840026855
2007-11-21T00:00:00Z,5.92285680770874,6.0164289474487305
2007-11-23T00:00:00Z,6.142857074737549,6.126429080963135
2007-11-26T00:00:00Z,6.199643135070801,6.162143230438232
2007-11-27T00:00:00Z,6.257856845855713,6.243214130401611
2007-11-28T00:00:00Z,6.315000057220459,6.436429023742676
2007-11-29T00:00:00Z,6.408214092254639,6.581786155700684
2007-11-30T00:00:00Z,6.690713882446289,6.507856845855713
2007-12-03T00:00:00Z,6.494999885559082,6.387856960296631
2007-12-04T00:00:00Z,6.326786041259766,6.421785831451416
2007-12-05T00:00:00Z,6.53178596496582,6.625
2007-12-06T00:00:00Z,6.6496429443359375,6.783928871154785
2007-12-07T00:00:00Z,6.804999828338623,6.939286231994629
2007-12-10T00:00:00Z,6.913928985595703,6.936070919036865
2007-12-11T00:00:00Z,6.955357074737549,6.7335710525512695
2007-12-12T00:00:00Z,6.908570766448975,6.816429138183594
2007-12-13T00:00:00Z,6.792500019073486,6.851070880889893
2007-12-14T00:00:00Z,6.798929214477539,6.799643039703369
2007-12-17T00:00:00Z,6.811429023742676,6.585713863372803
2007-12-18T00:00:00Z,6.661428928375244,6.534999847412109
2007-12-19T00:00:00Z,6.534999847412109,6.539999961853027
2007-12-20T00:00:00Z,6.622499942779541,6.686070919036865
2007-12-21T00:00:00Z,6.789999961853027,6.925356864929199
2007-12-24T00:00:00Z,6.965356826782227,7.099999904632568
2007-12-26T00:00:00Z,7.107500076293945,7.1053571701049805
2007-12-27T00:00:00Z,7.1053571701049805,7.091785907745361
2007-12-28T00:00:00Z,7.163928985595703,7.136785984039307
2007-12-31T00:00:00Z,7.125,7.074285984039307
2008-01-02T00:00:00Z,7.116786003112793,6.958570957183838
2008-01-03T00:00:00Z,6.978929042816162,6.961785793304443
2008-01-04T00:00:00Z,6.837500095367432,6.430356979370117
2008-01-07T00:00:00Z,6.473214149475098,6.34428596496582
2008-01-08T00:00:00Z,6.433570861816406,6.1160712242126465
2008-01-09T00:00:00Z,6.117856979370117,6.4071431159973145
2008-01-10T00:00:00Z,6.3421430587768555,6.3578572273254395
2008-01-11T00:00:00Z,6.285714149475098,6.167500019073486
2008-01-14T00:00:00Z,6.340000152587891,6.385000228881836
2008-01-15T00:00:00Z,6.347143173217773,6.037143230438232
2008-01-16T00:00:00Z,5.901071071624756,5.7014288902282715
2008-01-17T00:00:00Z,5.768214225769043,5.746070861816406
2008-01-18T00:00:00Z,5.775356769561768,5.762856960296631
2008-01-22T00:00:00Z,5.2878570556640625,5.558570861816406
2008-01-23T00:00:00Z,4.86392879486084,4.966785907745361
2008-01-24T00:00:00Z,4.999642848968506,4.8428568840026855
2008-01-25T00:00:00Z,4.963929176330566,4.643214225769043
2008-01-28T00:00:00Z,4.57714319229126,4.643214225769043
2008-01-29T00:00:00Z,4.683928966522217,4.697856903076172
2008-01-30T00:00:00Z,4.69178581237793,4.720714092254639
2008-01-31T00:00:00Z,4.623213768005371,4.834286212921143
2008-02-01T00:00:00Z,4.865714073181152,4.776785850524902
2008-02-04T00:00:00Z,4.793213844299316,4.701786041259766
2008-02-05T00:00:00Z,4.658214092254639,4.619999885559082
2008-02-06T00:00:00Z,4.672500133514404,4.357142925262451
2008-02-07T00:00:00Z,4.284643173217773,4.329999923706055
2008-02-08T00:00:00Z,4.360000133514404,4.481429100036621
2008-02-11T00:00:00Z,4.571785926818848,4.623213768005371
2008-02-12T00:00:00Z,4.6678571701049805,4.459286212921143
2008-02-13T00:00:00Z,4.524285793304443,4.621428966522217
2008-02-14T00:00:00Z,4.621428966522217,4.552143096923828
2008-02-15T00:00:00Z,4.509643077850342,4.451070785522461
2008-02-19T00:00:00Z,4.499642848968506,4.3635711669921875
2008-02-20T00:00:00Z,4.364285945892334,4.42214298248291
2008-02-21T00:00:00Z,4.501786231994629,4.340713977813721
2008-02-22T00:00:00Z,4.37428617477417,4.2664289474487305
2008-02-25T00:00:00Z,4.23535680770874,4.276429176330566
2008-02-26T00:00:00Z,4.2014288902282715,4.255356788635254
2008-02-27T00:00:00Z,4.222499847412109,4.3914289474487305
2008-02-28T00:00:00Z,4.5428571701049805,4.63964319229126
2008-02-29T00:00:00Z,4.617499828338623,4.465000152587891
2008-03-03T00:00:00Z,4.444285869598389,4.347499847412109
2008-03-04T00:00:00Z,4.356785774230957,4.450714111328125
2008-03-05T00:00:00Z,4.413570880889893,4.446071147918701
2008-03-06T00:00:00Z,4.450356960296631,4.318929195404053
2008-03-07T00:00:00Z,4.300356864929199,4.3660712242126465
2008-03-10T00:00:00Z,4.356429100036621,4.2746429443359375
2008-03-11T00:00:00Z,4.432143211364746,4.548213958740234
2008-03-12T00:00:00Z,4.537143230438232,4.501070976257324
2008-03-13T00:00:00Z,4.432143211364746,4.569285869598389
2008-03-14T00:00:00Z,4.638570785522461,4.521786212921143
2008-03-17T00:00:00Z,4.376786231994629,4.526071071624756
2008-03-18T00:00:00Z,4.6135711669921875,4.743570804595947
2008-03-19T00:00:00Z,4.75428581237793,4.631071090698242
2008-03-20T00:00:00Z,4.682857036590576,4.759643077850342
2008-03-24T00:00:00Z,4.786070823669434,4.983213901519775
2008-03-25T00:00:00Z,4.998570919036865,5.034999847412109
2008-03-26T00:00:00Z,5.031071186065674,5.180714130401611
2008-03-27T00:00:00Z,5.176785945892334,5.0089287757873535
2008-03-28T00:00:00Z,5.064286231994629,5.107500076293945
2008-03-31T00:00:00Z,5.116786003112793,5.125
2008-04-01T00:00:00Z,5.224999904632568,5.340356826782227
2008-04-02T00:00:00Z,5.313570976257324,5.267499923706055
2008-04-03T00:00:00Z,5.252142906188965,5.414642810821533
2008-04-04T00:00:00Z,5.435357093811035,5.4671430587768555
2008-04-07T00:00:00Z,5.576070785522461,5.567500114440918
2008-04-08T00:00:00Z,5.48392915725708,5.458570957183838
2008-04-09T00:00:00Z,5.4753570556640625,5.408570766448975
2008-04-10T00:00:00Z,5.397500038146973,5.5196428298950195
2008-04-11T00:00:00Z,5.454286098480225,5.255000114440918
2008-04-14T00:00:00Z,5.241786003112793,5.277856826782227
2008-04-15T00:00:00Z,5.335713863372803,5.299285888671875
2008-04-16T00:00:00Z,5.4185709953308105,5.489285945892334
2008-04-17T00:00:00Z,5.506071090698242,5.517499923706055
2008-04-18T00:00:00Z,5.682857036590576,5.751429080963135
2008-04-21T00:00:00Z,5.793213844299316,6.005713939666748
2008-04-22T00:00:00Z,5.978570938110352,5.721428871154785
2008-04-23T00:00:00Z,5.85892915725708,5.817500114440918
2008-04-24T00:00:00Z,5.90500020980835,6.033570766448975
2008-04-25T00:00:00Z,6.096428871154785,6.06178617477417
2008-04-28T00:00:00Z,6.0625,6.151429176330566
2008-04-29T00:00:00Z,6.1110711097717285,6.251786231994629
2008-04-30T00:00:00Z,6.292500019073486,6.212500095367432
2008-05-01T00:00:00Z,6.248570919036865,6.4285712242126465
2008-05-02T00:00:00Z,6.435357093811035,6.4621429443359375
2008-05-05T00:00:00Z,6.497142791748047,6.597499847412109
2008-05-06T00:00:00Z,6.59499979019165,6.666429042816162
2008-05-07T00:00:00Z,6.6446428298950195,6.521070957183838
2008-05-08T00:00:00Z,6.56321382522583,6.609285831451416
2008-05-09T00:00:00Z,6.541429042816162,6.551785945892334
2008-05-12T00:00:00Z,6.614643096923828,6.71999979019165
2008-05-13T00:00:00Z,6.7360711097717285,6.784286022186279
2008-05-14T00:00:00Z,6.8296427726745605,6.6521430015563965
2008-05-15T00:00:00Z,6.671785831451416,6.776071071624756
2008-05-16T00:00:00Z,6.789642810821533,6.700714111328125
2008-05-19T00:00:00Z,6.709286212921143,6.557143211364746
2008-05-20T00:00:00Z,6.493570804595947,6.639286041259766
2008-05-21T00:00:00Z,6.631071090698242,6.36392879486084
2008-05-22T00:00:00Z,6.4021430015563965,6.323214054107666
2008-05-23T00:00:00Z,6.456070899963379,6.4703569412231445
2008-05-27T00:00:00Z,6.526785850524902,6.658214092254639
2008-05-28T00:00:00Z,6.693213939666748,6.678928852081299
2008-05-29T00:00:00Z,6.670000076293945,6.667500019073486
2008-05-30T00:00:00Z,6.694643020629883,6.7410712242126465
2008-06-02T00:00:00Z,6.735713958740234,6.646429061889648
2008-06-03T00:00:00Z,6.6735711097717285,6.620357036590576
2008-06-04T00:00:00Z,6.572143077850342,6.61392879486084
2008-06-05T00:00:00Z,6.65500020980835,6.76535701751709
2008-06-06T00:00:00Z,6.714285850524902,6.630000114440918
2008-06-09T00:00:00Z,6.599643230438232,6.4860711097717285
2008-06-10T00:00:00Z,6.446785926818848,6.630000114440918
2008-06-11T00:00:00Z,6.583570957183838,6.457499980926514
2008-06-12T00:00:00Z,6.481785774230957,6.187857151031494
2008-06-13T00:00:00Z,6.130000114440918,6.156071186065674
2008-06-16T00:00:00Z,6.117856979370117,6.315713882446289
2008-06-17T00:00:00Z,6.360713958740234,6.479642868041992
2008-06-18T00:00:00Z,6.468571186065674,6.3839287757873535
2008-06-19T00:00:00Z,6.376786231994629,6.460713863372803
2008-06-20T00:00:00Z,6.4053568840026855,6.259643077850342
2008-06-23T00:00:00Z,6.240714073181152,6.184286117553711
2008-06-24T00:00:00Z,6.156071186065674,6.1875
2008-06-25T00:00:00Z,6.2360711097717285,6.335357189178467
2008-06-26T00:00:00Z,6.216785907745361,6.009285926818848
2008-06-27T00:00:00Z,5.946785926818848,6.074643135070801
2008-06-30T00:00:00Z,6.078214168548584,5.980000019073486
2008-07-01T00:00:00Z,5.865356922149658,6.2385711669921875
2008-07-02T00:00:00Z,6.257143020629883,6.006429195404053
2008-07-03T00:00:00Z,6.056786060333252,6.075714111328125
2008-07-07T00:00:00Z,6.184286117553711,6.255713939666748
2008-07-08T00:00:00Z,6.264286041259766,6.412499904632568
2008-07-09T00:00:00Z,6.435713768005371,6.223214149475098
2008-07-10T00:00:00Z,6.247142791748047,6.30821418762207
2008-07-11T00:00:00Z,6.266786098480225,6.163570880889893
2008-07-14T00:00:00Z,6.401429176330566,6.210000038146973
2008-07-15T00:00:00Z,6.159999847412109,6.058570861816406
2008-07-16T00:00:00Z,6.07857084274292,6.171785831451416
2008-07-17T00:00:00Z,6.2178568840026855,6.13607120513916
2008-07-18T00:00:00Z,6.018570899963379,5.898213863372803
2008-07-21T00:00:00Z,5.960713863372803,5.938929080963135
2008-07-22T00:00:00Z,5.3214287757873535,5.786428928375244
2008-07-23T00:00:00Z,5.892499923706055,5.937857151031494
2008-07-24T00:00:00Z,5.868570804595947,5.679643154144287
2008-07-25T00:00:00Z,5.728570938110352,5.789999961853027
2008-07-28T00:00:00Z,5.79785680770874,5.514286041259766
2008-07-29T00:00:00Z,5.550356864929199,5.610000133514404
2008-07-30T00:00:00Z,5.635000228881836,5.710000038146973
2008-07-31T00:00:00Z,5.626429080963135,5.676785945892334
2008-08-01T00:00:00Z,5.710713863372803,5.59499979019165
2008-08-04T00:00:00Z,5.5928568840026855,5.472499847412109
2008-08-05T00:00:00Z,5.550714015960693,5.737143039703369
2008-08-06T00:00:00Z,5.713213920593262,5.86392879486084
2008-08-07T00:00:00Z,5.811070919036865,5.841785907745361
2008-08-08T00:00:00Z,5.852142810821533,6.055356979370117
2008-08-11T00:00:00Z,6.0739288330078125,6.19857120513916
2008-08-12T00:00:00Z,6.197143077850342,6.31178617477417
2008-08-13T00:00:00Z,6.356429100036621,6.403571128845215
2008-08-14T00:00:00Z,6.368928909301758,6.404285907745361
2008-08-15T00:00:00Z,6.394286155700684,6.276429176330566
2008-08-18T00:00:00Z,6.270357131958008,6.2639288902282715
2008-08-19T00:00:00Z,6.2335710525512695,6.197500228881836
2008-08-20T00:00:00Z,6.241786003112793,6.28000020980835
2008-08-21T00:00:00Z,6.2310709953308105,6.224643230438232
2008-08-22T00:00:00Z,6.279285907745361,6.313929080963135
2008-08-25T00:00:00Z,6.291070938110352,6.162499904632568
2008-08-26T00:00:00Z,6.170000076293945,6.2014288902282715
2008-08-27T00:00:00Z,6.189642906188965,6.238214015960693
2008-08-28T00:00:00Z,6.260000228881836,6.204999923706055
2008-08-29T00:00:00Z,6.177143096923828,6.054643154144287
2008-09-02T00:00:00Z,6.1571431159973145,5.935357093811035
2008-09-03T00:00:00Z,5.958570957183838,5.962856769561768
2008-09-04T00:00:00Z,5.9235711097717285,5.757856845855713
2008-09-05T00:00:00Z,5.663928985595703,5.720714092254639
2008-09-08T00:00:00Z,5.877500057220459,5.639999866485596
2008-09-09T00:00:00Z,5.602142810821533,5.417142868041992
2008-09-10T00:00:00Z,5.440000057220459,5.414642810821533
2008-09-11T00:00:00Z,5.292142868041992,5.451786041259766
2008-09-12T00:00:00Z,5.38964319229126,5.319285869598389
2008-09-15T00:00:00Z,5.072500228881836,5.012856960296631
2008-09-16T00:00:00Z,4.78071403503418,4.99571418762207
2008-09-17T00:00:00Z,4.946071147918701,4.565357208251953
2008-09-18T00:00:00Z,4.663214206695557,4.788928985595703
2008-09-19T00:00:00Z,5.0928568840026855,5.03249979019165
2008-09-22T00:00:00Z,4.997857093811035,4.680356979370117
2008-09-23T00:00:00Z,4.708929061889648,4.53000020980835
2008-09-24T00:00:00Z,4.5453572273254395,4.596786022186279
2008-09-25T00:00:00Z,4.635714054107666,4.711785793304443
2008-09-26T00:00:00Z,4.461071014404297,4.579999923706055
2008-09-29T00:00:00Z,4.2721428871154785,3.7592859268188477
2008-09-30T00:00:00Z,3.8660709857940674,4.059286117553711
2008-10-01T00:00:00Z,3.997143030166626,3.8971428871154785
2008-10-02T00:00:00Z,3.8575000762939453,3.575000047683716
2008-10-03T00:00:00Z,3.7142860889434814,3.4667859077453613
2008-10-06T00:00:00Z,3.2842860221862793,3.505000114440918
2008-10-07T00:00:00Z,3.588571071624756,3.184286117553711
2008-10-08T00:00:00Z,3.068213939666748,3.2067859172821045
2008-10-09T00:00:00Z,3.3339290618896484,3.169286012649536
2008-10-10T00:00:00Z,3.06071400642395,3.4571430683135986
2008-10-13T00:00:00Z,3.733928918838501,3.937856912612915
2008-10-14T00:00:00Z,4.1521430015563965,3.7171430587768555
2008-10-15T00:00:00Z,3.708570957183838,3.49821400642395
2008-10-16T00:00:00Z,3.563214063644409,3.6389288902282715
2008-10-17T00:00:00Z,3.557142972946167,3.4785709381103516
2008-10-20T00:00:00Z,3.563570976257324,3.515713930130005
2008-10-21T00:00:00Z,3.4625000953674316,3.2674999237060547
2008-10-22T00:00:00Z,3.4774999618530273,3.4596428871154785
2008-10-23T00:00:00Z,3.4467859268188477,3.508213996887207
2008-10-24T00:00:00Z,3.2260708808898926,3.442142963409424
2008-10-27T00:00:00Z,3.3953568935394287,3.288928985595703
2008-10-28T00:00:00Z,3.4082140922546387,3.568213939666748
2008-10-29T00:00:00Z,3.6021430492401123,3.733928918838501
2008-10-30T00:00:00Z,3.865356922149658,3.9657139778137207
2008-10-31T00:00:00Z,3.835714101791382,3.8424999713897705
2008-11-03T00:00:00Z,3.7832140922546387,3.819999933242798
2008-11-04T00:00:00Z,3.9282140731811523,3.9639289379119873
2008-11-05T00:00:00Z,3.8896429538726807,3.68928599357605
2008-11-06T00:00:00Z,3.608928918838501,3.539285898208618
2008-11-07T00:00:00Z,3.544286012649536,3.508570909500122
2008-11-10T00:00:00Z,3.577500104904175,3.424285888671875
2008-11-11T00:00:00Z,3.386070966720581,3.384643077850342
2008-11-12T00:00:00Z,3.3010709285736084,3.2185709476470947
2008-11-13T00:00:00Z,3.2096428871154785,3.4442861080169678
2008-11-14T00:00:00Z,3.3485710620880127,3.2228569984436035
2008-11-17T00:00:00Z,3.1600000858306885,3.1478569507598877
2008-11-18T00:00:00Z,3.2014288902282715,3.211071014404297
2008-11-19T00:00:00Z,3.1942861080169678,3.0817859172821045
2008-11-20T00:00:00Z,3.044286012649536,2.874643087387085
2008-11-21T00:00:00Z,2.9260709285736084,2.9492859840393066
2008-11-24T00:00:00Z,3.0432140827178955,3.319643020629883
2008-11-25T00:00:00Z,3.379642963409424,3.242856979370117
2008-11-26T00:00:00Z,3.2114291191101074,3.392857074737549
2008-11-28T00:00:00Z,3.382143020629883,3.309643030166626
2008-12-01T00:00:00Z,3.260714054107666,3.1760709285736084
2008-12-02T00:00:00Z,3.2153570652008057,3.302500009536743
2008-12-03T00:00:00Z,3.192857027053833,3.424999952316284
2008-12-04T00:00:00Z,3.372499942779541,3.2646429538726807
2008-12-05T00:00:00Z,3.226785898208618,3.357142925262451
2008-12-08T00:00:00Z,3.4742860794067383,3.561429023742676
2008-12-09T00:00:00Z,3.5014290809631348,3.573570966720581
2008-12-10T00:00:00Z,3.495357036590576,3.507499933242798
2008-12-11T00:00:00Z,3.476785898208618,3.392857074737549
2008-12-12T00:00:00Z,3.31428599357605,3.509643077850342
2008-12-15T00:00:00Z,3.4282140731811523,3.3839290142059326
2008-12-16T00:00:00Z,3.356429100036621,3.4082140922546387
2008-12-17T00:00:00Z,3.251070976257324,3.184286117553711
2008-12-18T00:00:00Z,3.189642906188965,3.1939289569854736
2008-12-19T00:00:00Z,3.2121429443359375,3.2142860889434814
2008-12-22T00:00:00Z,3.2149999141693115,3.062143087387085
2008-12-23T00:00:00Z,3.1024999618530273,3.0850000381469727
2008-12-24T00:00:00Z,3.0764288902282715,3.0371429920196533
2008-12-26T00:00:00Z,3.0942859649658203,3.064642906188965
2008-12-29T00:00:00Z,3.0899999141693115,3.0932140350341797
2008-12-30T00:00:00Z,3.122143030166626,3.0817859172821045
2008-12-31T00:00:00Z,3.070357084274292,3.0482139587402344
2009-01-02T00:00:00Z,3.067142963409424,3.2410709857940674
2009-01-05T00:00:00Z,3.327500104904175,3.377856969833374
2009-01-06T00:00:00Z,3.426785945892334,3.322143077850342
2009-01-07T00:00:00Z,3.2789289951324463,3.250356912612915
2009-01-08T00:00:00Z,3.2296431064605713,3.31071400642395
2009-01-09T00:00:00Z,3.3289289474487305,3.234999895095825
2009-01-12T00:00:00Z,3.2307140827178955,3.166429042816162
2009-01-13T00:00:00Z,3.1514289379119873,3.132499933242798
2009-01-14T00:00:00Z,3.0799999237060547,3.047499895095825
2009-01-15T00:00:00Z,2.877500057220459,2.9778571128845215
2009-01-16T00:00:00Z,3.010714054107666,2.940356969833374
2009-01-20T00:00:00Z,2.9260709285736084,2.7928569316864014
2009-01-21T00:00:00Z,2.8353569507598877,2.958214044570923
2009-01-22T00:00:00Z,3.1442859172821045,3.1557140350341797
2009-01-23T00:00:00Z,3.1007139682769775,3.1557140350341797
2009-01-26T00:00:00Z,3.1735711097717285,3.2014288902282715
2009-01-27T00:00:00Z,3.2210710048675537,3.240356922149658
2009-01-28T00:00:00Z,3.2899999618530273,3.364285945892334
2009-01-29T00:00:00Z,3.3246428966522217,3.3214290142059326
2009-01-30T00:00:00Z,3.307142972946167,3.2189290523529053
2009-02-02T00:00:00Z,3.182142972946167,3.268213987350464
2009-02-03T00:00:00Z,3.2828569412231445,3.320713996887207
2009-02-04T00:00:00Z,3.3292860984802246,3.3410708904266357
2009-02-05T00:00:00Z,3.313214063644409,3.444999933242798
2009-02-06T00:00:00Z,3.4649999141693115,3.561429023742676
2009-02-09T00:00:00Z,3.5714290142059326,3.6610710620880127
2009-02-10T00:00:00Z,3.618928909301758,3.493928909301758
2009-02-11T00:00:00Z,3.441786050796509,3.4578568935394287
2009-02-12T00:00:00Z,3.422499895095825,3.5453569889068604
2009-02-13T00:00:00Z,3.5353569984436035,3.541429042816162
2009-02-17T00:00:00Z,3.4596428871154785,3.376070976257324
2009-02-18T00:00:00Z,3.3946430683135986,3.370357036590576
2009-02-19T00:00:00Z,3.3346428871154785,3.237143039703369
2009-02-20T00:00:00Z,3.192857027053833,3.257143020629883
2009-02-23T00:00:00Z,3.273214101791382,3.1053569316864014
2009-02-24T00:00:00Z,3.12321400642395,3.2232139110565186
2009-02-25T00:00:00Z,3.2092859745025635,3.255713939666748
2009-02-26T00:00:00Z,3.2857139110565186,3.185357093811035
2009-02-27T00:00:00Z,3.14035701751709,3.189642906188965
2009-03-02T00:00:00Z,3.1471428871154785,3.140713930130005
2009-03-03T00:00:00Z,3.1760709285736084,3.1560709476470947
2009-03-04T00:00:00Z,3.2207140922546387,3.256071090698242
2009-03-05T00:00:00Z,3.2307140827178955,3.1728570461273193
2009-03-06T00:00:00Z,3.1549999713897705,3.046428918838501
2009-03-09T00:00:00Z,3.0064289569854736,2.9682140350341797
2009-03-10T00:00:00Z,3.0310709476470947,3.1653571128845215
2009-03-11T00:00:00Z,3.2074999809265137,3.309999942779541
2009-03-12T00:00:00Z,3.317857027053833,3.441071033477783
2009-03-13T00:00:00Z,3.43928599357605,3.4260709285736084
2009-03-16T00:00:00Z,3.447499990463257,3.4078569412231445
2009-03-17T00:00:00Z,3.4014289379119873,3.559286117553711
2009-03-18T00:00:00Z,3.568213939666748,3.625714063644409
2009-03-19T00:00:00Z,3.637500047683716,3.629286050796509
2009-03-20T00:00:00Z,3.646070957183838,3.628213882446289
2009-03-23T00:00:00Z,3.6682140827178955,3.8450000286102295
2009-03-24T00:00:00Z,3.7985711097717285,3.8035709857940674
2009-03-25T00:00:00Z,3.8421430587768555,3.8032140731811523
2009-03-26T00:00:00Z,3.8510708808898926,3.92392897605896
2009-03-27T00:00:00Z,3.865356922149658,3.816071033477783
2009-03-30T00:00:00Z,3.7325000762939453,3.731786012649536
2009-03-31T00:00:00Z,3.766071081161499,3.754286050796509
2009-04-01T00:00:00Z,3.7174999713897705,3.8817861080169678
2009-04-02T00:00:00Z,3.9335711002349854,4.025356769561768
2009-04-03T00:00:00Z,4.078214168548584,4.142499923706055
2009-04-06T00:00:00Z,4.105000019073486,4.2303571701049805
2009-04-07T00:00:00Z,4.161786079406738,4.107142925262451
2009-04-08T00:00:00Z,4.122499942779541,4.154285907745361
2009-04-09T00:00:00Z,4.229286193847656,4.270357131958008
2009-04-13T00:00:00Z,4.286070823669434,4.2935709953308105
2009-04-14T00:00:00Z,4.270357131958008,4.2253570556640625
2009-04-15T00:00:00Z,4.185713768005371,4.2014288902282715
2009-04-16T00:00:00Z,4.256785869598389,4.337500095367432
2009-04-17T00:00:00Z,4.32785701751709,4.4078569412231445
2009-04-20T00:00:00Z,4.347499847412109,4.3035712242126465
2009-04-21T00:00:00Z,4.246070861816406,4.348570823669434
2009-04-22T00:00:00Z,4.379642963409424,4.3396430015563965
2009-04-23T00:00:00Z,4.5221428871154785,4.478570938110352
2009-04-24T00:00:00Z,4.4514288902282715,4.425000190734863
2009-04-27T00:00:00Z,4.389286041259766,4.4546427726745605
2009-04-28T00:00:00Z,4.4053568840026855,4.425000190734863
2009-04-29T00:00:00Z,4.458929061889648,4.46928596496582
2009-04-30T00:00:00Z,4.507856845855713,4.493928909301758
2009-05-01T00:00:00Z,4.492856979370117,4.544285774230957
2009-05-04T00:00:00Z,4.579999923706055,4.716785907745361
2009-05-05T00:00:00Z,4.705357074737549,4.739643096923828
2009-05-06T00:00:00Z,4.761785984039307,4.732142925262451
2009-05-07T00:00:00Z,4.726070880889893,4.609285831451416
2009-05-08T00:00:00Z,4.6085710525512695,4.61392879486084
2009-05-11T00:00:00Z,4.548929214477539,4.627500057220459
2009-05-12T00:00:00Z,4.627142906188965,4.443571090698242
2009-05-13T00:00:00Z,4.400356769561768,4.267499923706055
2009-05-14T00:00:00Z,4.277856826782227,4.39107084274292
2009-05-15T00:00:00Z,4.368570804595947,4.372142791748047
2009-05-18T00:00:00Z,4.418929100036621,4.523213863372803
2009-05-19T00:00:00Z,4.529285907745361,4.551785945892334
2009-05-20T00:00:00Z,4.55821418762207,4.495357036590576
2009-05-21T00:00:00Z,4.4696431159973145,4.434999942779541
2009-05-22T00:00:00Z,4.430356979370117,4.375
2009-05-26T00:00:00Z,4.455714225769043,4.670713901519775
2009-05-27T00:00:00Z,4.7064290046691895,4.751786231994629
2009-05-28T00:00:00Z,4.76607084274292,4.8239288330078125
2009-05-29T00:00:00Z,4.835357189178467,4.8503570556640625
2009-06-01T00:00:00Z,4.873929023742676,4.976786136627197
2009-06-02T00:00:00Z,4.963929176330566,4.981785774230957
2009-06-03T00:00:00Z,5.0,5.033928871154785
2009-06-04T00:00:00Z,5.004642963409424,5.133571147918701
2009-06-05T00:00:00Z,5.189642906188965,5.166786193847656
2009-06-08T00:00:00Z,5.1364288330078125,5.137499809265137
2009-06-09T00:00:00Z,5.13607120513916,5.097143173217773
2009-06-10T00:00:00Z,5.0814290046691895,5.0089287757873535
2009-06-11T00:00:00Z,4.98392915725708,4.998213768005371
2009-06-12T00:00:00Z,4.957499980926514,4.891786098480225
2009-06-15T00:00:00Z,4.857500076293945,4.86035680770874
2009-06-16T00:00:00Z,4.880713939666748,4.869643211364746
2009-06-17T00:00:00Z,4.881071090698242,4.8421430587768555
2009-06-18T00:00:00Z,4.8610711097717285,4.8528571128845215
2009-06-19T00:00:00Z,4.931070804595947,4.981429100036621
2009-06-22T00:00:00Z,5.023929119110107,4.906071186065674
2009-06-23T00:00:00Z,4.871428966522217,4.786070823669434
2009-06-24T00:00:00Z,4.836429119110107,4.864999771118164
2009-06-25T00:00:00Z,4.848214149475098,4.994999885559082
2009-06-26T00:00:00Z,4.992499828338623,5.0871429443359375
2009-06-29T00:00:00Z,5.123570919036865,5.070356845855713
2009-06-30T00:00:00Z,5.0921430587768555,5.086785793304443
2009-07-01T00:00:00Z,5.125,5.101070880889893
2009-07-02T00:00:00Z,5.044642925262451,5.00071382522583
2009-07-06T00:00:00Z,4.95357084274292,4.950356960296631
2009-07-07T00:00:00Z,4.945713996887207,4.835713863372803
2009-07-08T00:00:00Z,4.854286193847656,4.900713920593262
2009-07-09T00:00:00Z,4.920000076293945,4.869999885559082
2009-07-10T00:00:00Z,4.869286060333252,4.947143077850342
2009-07-13T00:00:00Z,4.9835710525512695,5.083570957183838
2009-07-14T00:00:00Z,5.072500228881836,5.081070899963379
2009-07-15T00:00:00Z,5.179999828338623,5.24571418762207
2009-07-16T00:00:00Z,5.205714225769043,5.268570899963379
2009-07-17T00:00:00Z,5.324285984039307,5.419642925262451
2009-07-20T00:00:00Z,5.473928928375244,5.461071014404297
2009-07-21T00:00:00Z,5.474643230438232,5.411070823669434
2009-07-22T00:00:00Z,5.635356903076172,5.5978569984436035
2009-07-23T00:00:00Z,5.593928813934326,5.6364288330078125
2009-07-24T00:00:00Z,5.6053571701049805,5.713929176330566
2009-07-27T00:00:00Z,5.7203569412231445,5.7178568840026855
2009-07-28T00:00:00Z,5.674285888671875,5.714285850524902
2009-07-29T00:00:00Z,5.675000190734863,5.715356826782227
2009-07-30T00:00:00Z,5.775000095367432,5.813929080963135
2009-07-31T00:00:00Z,5.821071147918701,5.835357189178467
2009-08-03T00:00:00Z,5.900356769561768,5.943929195404053
2009-08-04T00:00:00Z,5.89035701751709,5.912499904632568
2009-08-05T00:00:00Z,5.919642925262451,5.896786212921143
2009-08-06T00:00:00Z,5.913570880889893,5.853929042816162
2009-08-07T00:00:00Z,5.9103569984436035,5.911070823669434
2009-08-10T00:00:00Z,5.916429042816162,5.882856845855713
2009-08-11T00:00:00Z,5.846070766448975,5.815357208251953
2009-08-12T00:00:00Z,5.805356979370117,5.903929233551025
2009-08-13T00:00:00Z,5.951786041259766,6.014999866485596
2009-08-14T00:00:00Z,5.997857093811035,5.9564290046691895
2009-08-17T00:00:00Z,5.841071128845215,5.699643135070801
2009-08-18T00:00:00Z,5.772500038146973,5.857142925262451
2009-08-19T00:00:00Z,5.8125,5.878571033477783
2009-08-20T00:00:00Z,5.8921427726745605,5.940357208251953
2009-08-21T00:00:00Z,5.987500190734863,6.0435709953308105
2009-08-24T00:00:00Z,6.075714111328125,6.0378570556640625
2009-08-25T00:00:00Z,6.052143096923828,6.050000190734863
2009-08-26T00:00:00Z,6.0328569412231445,5.978929042816162
2009-08-27T00:00:00Z,6.026785850524902,6.051785945892334
2009-08-28T00:00:00Z,6.152500152587891,6.073214054107666
2009-08-31T00:00:00Z,6.005713939666748,6.007500171661377
2009-09-01T00:00:00Z,5.999642848968506,5.903571128845215
2009-09-02T00:00:00Z,5.87928581237793,5.899285793304443
2009-09-03T00:00:00Z,5.944285869598389,5.948214054107666
2009-09-04T00:00:00Z,5.974286079406738,6.082499980926514
2009-09-08T00:00:00Z,6.177856922149658,6.1760711669921875
2009-09-09T00:00:00Z,6.170713901519775,6.112143039703369
2009-09-10T00:00:00Z,6.144999980926514,6.1628570556640625
2009-09-11T00:00:00Z,6.175356864929199,6.148571014404297
2009-09-14T00:00:00Z,6.101070880889893,6.204286098480225
2009-09-15T00:00:00Z,6.215713977813721,6.255713939666748
2009-09-16T00:00:00Z,6.356785774230957,6.495357036590576
2009-09-17T00:00:00Z,6.49928617477417,6.591071128845215
2009-09-18T00:00:00Z,6.636785984039307,6.6078572273254395
2009-09-21T00:00:00Z,6.581786155700684,6.572143077850342
2009-09-22T00:00:00Z,6.61392879486084,6.588571071624756
2009-09-23T00:00:00Z,6.621428966522217,6.625
2009-09-24T00:00:00Z,6.685713768005371,6.565000057220459
2009-09-25T00:00:00Z,6.500357151031494,6.513214111328125
2009-09-28T00:00:00Z,6.56678581237793,6.648213863372803
2009-09-29T00:00:00Z,6.668929100036621,6.62071418762207
2009-09-30T00:00:00Z,6.647500038146973,6.619643211364746
2009-10-01T00:00:00Z,6.619643211364746,6.459286212921143
2009-10-02T00:00:00Z,6.478929042816162,6.603570938110352
2009-10-05T00:00:00Z,6.650000095367432,6.643570899963379
2009-10-06T00:00:00Z,6.704999923706055,6.786070823669434
2009-10-07T00:00:00Z,6.7771430015563965,6.794642925262451
2009-10-08T00:00:00Z,6.809286117553711,6.759643077850342
2009-10-09T00:00:00Z,6.748929023742676,6.802499771118164
2009-10-12T00:00:00Z,6.822143077850342,6.814642906188965
2009-10-13T00:00:00Z,6.80821418762207,6.786428928375244
2009-10-14T00:00:00Z,6.8660712242126465,6.831786155700684
2009-10-15T00:00:00Z,6.772500038146973,6.805714130401611
2009-10-16T00:00:00Z,6.762499809265137,6.716071128845215
2009-10-19T00:00:00Z,6.708929061889648,6.78071403503418
2009-10-20T00:00:00Z,7.164286136627197,7.098570823669434
2009-10-21T00:00:00Z,7.12571382522583,7.318571090698242
2009-10-22T00:00:00Z,7.310713768005371,7.32857084274292
2009-10-23T00:00:00Z,7.346428871154785,7.283570766448975
2009-10-26T00:00:00Z,7.273929119110107,7.231429100036621
2009-10-27T00:00:00Z,7.20214319229126,7.048929214477539
2009-10-28T00:00:00Z,7.061070919036865,6.871428966522217
2009-10-29T00:00:00Z,6.964285850524902,7.012499809265137
2009-10-30T00:00:00Z,7.002142906188965,6.732142925262451
2009-11-02T00:00:00Z,6.778571128845215,6.76107120513916
2009-11-03T00:00:00Z,6.708929061889648,6.7410712242126465
2009-11-04T00:00:00Z,6.81178617477417,6.814642906188965
2009-11-05T00:00:00Z,6.871428966522217,6.929643154144287
2009-11-06T00:00:00Z,6.875357151031494,6.940713882446289
2009-11-09T00:00:00Z,7.033570766448975,7.195000171661377
2009-11-10T00:00:00Z,7.179286003112793,7.24928617477417
2009-11-11T00:00:00Z,7.305714130401611,7.2589287757873535
2009-11-12T00:00:00Z,7.255000114440918,7.213929176330566
2009-11-13T00:00:00Z,7.245357036590576,7.301785945892334
2009-11-16T00:00:00Z,7.338571071624756,7.379642963409424
2009-11-17T00:00:00Z,7.360000133514404,7.392857074737549
2009-11-18T00:00:00Z,7.376429080963135,7.355713844299316
2009-11-19T00:00:00Z,7.307499885559082,7.161070823669434
2009-11-20T00:00:00Z,7.112500190734863,7.139999866485596
2009-11-23T00:00:00Z,7.25,7.3528571128845215
2009-11-24T00:00:00Z,7.333213806152344,7.30142879486084
2009-11-25T00:00:00Z,7.335713863372803,7.292500019073486
2009-11-27T00:00:00Z,7.114999771118164,7.163928985595703
2009-11-30T00:00:00Z,7.182499885559082,7.13964319229126
2009-12-01T00:00:00Z,7.2228569984436035,7.034643173217773
2009-12-02T00:00:00Z,7.105713844299316,7.008213996887207
2009-12-03T00:00:00Z,7.050714015960693,7.0171427726745605
2009-12-04T00:00:00Z,7.132143020629883,6.904285907745361
2009-12-07T00:00:00Z,6.904285907745361,6.748213768005371
2009-12-08T00:00:00Z,6.762856960296631,6.781071186065674
2009-12-09T00:00:00Z,6.8314290046691895,7.064286231994629
2009-12-10T00:00:00Z,7.125,7.01535701751709
2009-12-11T00:00:00Z,7.063570976257324,6.952499866485596
2009-12-14T00:00:00Z,6.977499961853027,7.034999847412109
2009-12-15T00:00:00Z,6.993928909301758,6.934642791748047
2009-12-16T00:00:00Z,6.9678568840026855,6.965356826782227
2009-12-17T00:00:00Z,6.937857151031494,6.852142810821533
2009-12-18T00:00:00Z,6.898929119110107,6.979642868041992
2009-12-21T00:00:00Z,7.001786231994629,7.0796427726745605
2009-12-22T00:00:00Z,7.122857093811035,7.15571403503418
2009-12-23T00:00:00Z,7.185713768005371,7.2178568840026855
2009-12-24T00:00:00Z,7.2696428298950195,7.465713977813721
2009-12-28T00:00:00Z,7.561429023742676,7.557499885559082
2009-12-29T00:00:00Z,7.593928813934326,7.4678568840026855
2009-12-30T00:00:00Z,7.458213806152344,7.558570861816406
2009-12-31T00:00:00Z,7.611785888671875,7.526071071624756
2010-01-04T00:00:00Z,7.622499942779541,7.643214225769043
2010-01-05T00:00:00Z,7.664286136627197,7.656428813934326
2010-01-06T00:00:00Z,7.656428813934326,7.534643173217773
2010-01-07T00:00:00Z,7.5625,7.520713806152344
2010-01-08T00:00:00Z,7.510714054107666,7.570713996887207
2010-01-11T00:00:00Z,7.599999904632568,7.503929138183594
2010-01-12T00:00:00Z,7.471070766448975,7.4185709953308105
2010-01-13T00:00:00Z,7.423929214477539,7.523213863372803
2010-01-14T00:00:00Z,7.503929138183594,7.479642868041992
2010-01-15T00:00:00Z,7.533214092254639,7.354642868041992
2010-01-19T00:00:00Z,7.440357208251953,7.679999828338623
2010-01-20T00:00:00Z,7.675356864929199,7.56178617477417
2010-01-21T00:00:00Z,7.574285984039307,7.431070804595947
2010-01-22T00:00:00Z,7.385000228881836,7.0625
2010-01-25T00:00:00Z,7.232500076293945,7.252500057220459
2010-01-26T00:00:00Z,7.3553571701049805,7.355000019073486
2010-01-27T00:00:00Z,7.387499809265137,7.424285888671875
2010-01-28T00:00:00Z,7.318929195404053,7.117499828338623
2010-01-29T00:00:00Z,7.181428909301758,6.859285831451416
2010-02-01T00:00:00Z,6.870357036590576,6.9546427726745605
2010-02-02T00:00:00Z,6.996786117553711,6.994999885559082
2010-02-03T00:00:00Z,6.9703569412231445,7.115356922149658
2010-02-04T00:00:00Z,7.026071071624756,6.85892915725708
2010-02-05T00:00:00Z,6.879642963409424,6.980713844299316
2010-02-08T00:00:00Z,6.98892879486084,6.932857036590576
2010-02-09T00:00:00Z,7.014999866485596,7.006785869598389
2010-02-10T00:00:00Z,6.996070861816406,6.968571186065674
2010-02-11T00:00:00Z,6.960000038146973,7.0953569412231445
2010-02-12T00:00:00Z,7.075356960296631,7.156428813934326
2010-02-16T00:00:00Z,7.2121429443359375,7.264286041259766
2010-02-17T00:00:00Z,7.292500019073486,7.23392915725708
2010-02-18T00:00:00Z,7.201070785522461,7.247499942779541
2010-02-19T00:00:00Z,7.209286212921143,7.202499866485596
2010-02-22T00:00:00Z,7.226428985595703,7.1578569412231445
2010-02-23T00:00:00Z,7.142857074737549,7.0378570556640625
2010-02-24T00:00:00Z,7.0796427726745605,7.166429042816162
2010-02-25T00:00:00Z,7.049285888671875,7.214285850524902
2010-02-26T00:00:00Z,7.2278571128845215,7.307857036590576
2010-03-01T00:00:00Z,7.348214149475098,7.463929176330566
2010-03-02T00:00:00Z,7.497499942779541,7.458929061889648
2010-03-03T00:00:00Z,7.4621429443359375,7.476070880889893
2010-03-04T00:00:00Z,7.474286079406738,7.525356769561768
2010-03-05T00:00:00Z,7.67642879486084,7.819643020629883
2010-03-08T00:00:00Z,7.857500076293945,7.824285984039307
2010-03-09T00:00:00Z,7.796785831451416,7.965000152587891
2010-03-10T00:00:00Z,7.993928909301758,8.029999732971191
2010-03-11T00:00:00Z,7.996786117553711,8.053570747375488
2010-03-12T00:00:00Z,8.120356559753418,8.092857360839844
2010-03-15T00:00:00Z,8.049285888671875,7.994286060333252
2010-03-16T00:00:00Z,8.006428718566895,8.016071319580078
2010-03-17T00:00:00Z,8.032142639160156,8.00428581237793
2010-03-18T00:00:00Z,8.003570556640625,8.023214340209961
2010-03-19T00:00:00Z,8.028214454650879,7.9375
2010-03-22T00:00:00Z,7.873929023742676,8.026785850524902
2010-03-23T00:00:00Z,8.058570861816406,8.15571403503418
2010-03-24T00:00:00Z,8.130000114440918,8.19178581237793
2010-03-25T00:00:00Z,8.247142791748047,8.094642639160156
2010-03-26T00:00:00Z,8.176786422729492,8.246429443359375
2010-03-29T00:00:00Z,8.321429252624512,8.299642562866211
2010-03-30T00:00:00Z,8.449999809265137,8.423213958740234
2010-03-31T00:00:00Z,8.410357475280762,8.39285659790039
2010-04-01T00:00:00Z,8.478928565979004,8.427499771118164
2010-04-05T00:00:00Z,8.392143249511719,8.517499923706055
2010-04-06T00:00:00Z,8.507143020629883,8.555000305175781
2010-04-07T00:00:00Z,8.555356979370117,8.592857360839844
2010-04-08T00:00:00Z,8.587142944335938,8.569643020629883
2010-04-09T00:00:00Z,8.6225004196167,8.635356903076172
2010-04-12T00:00:00Z,8.649999618530273,8.653214454650879
2010-04-13T00:00:00Z,8.637857437133789,8.65821361541748
2010-04-14T00:00:00Z,8.760000228881836,8.774642944335938
2010-04-15T00:00:00Z,8.777856826782227,8.890000343322754
2010-04-16T00:00:00Z,8.8774995803833,8.835714340209961
2010-04-19T00:00:00Z,8.822500228881836,8.823928833007812
2010-04-20T00:00:00Z,8.876428604125977,8.735357284545898
2010-04-21T00:00:00Z,9.242856979370117,9.257857322692871
2010-04-22T00:00:00Z,9.222857475280762,9.516785621643066
2010-04-23T00:00:00Z,9.571070671081543,9.672499656677246
2010-04-26T00:00:00Z,9.710000038146973,9.625
2010-04-27T00:00:00Z,9.545356750488281,9.35857105255127
2010-04-28T00:00:00Z,9.401785850524902,9.342857360839844
2010-04-29T00:00:00Z,9.393570899963379,9.59428596496582
2010-04-30T00:00:00Z,9.618213653564453,9.3246431350708
2010-05-03T00:00:00Z,9.422857284545898,9.512499809265137
2010-05-04T00:00:00Z,9.38892936706543,9.238571166992188
2010-05-05T00:00:00Z,9.036786079406738,9.142499923706055
2010-05-06T00:00:00Z,9.065357208251953,8.79464340209961
2010-05-07T00:00:00Z,8.70392894744873,8.42357063293457
2010-05-10T00:00:00Z,8.9375,9.071070671081543
2010-05-11T00:00:00Z,8.994285583496094,9.161429405212402
2010-05-12T00:00:00Z,9.258570671081543,9.360357284545898
2010-05-13T00:00:00Z,9.400713920593262,9.227143287658691
2010-05-14T00:00:00Z,9.1128568649292,9.0649995803833
2010-05-17T00:00:00Z,9.096428871154785,9.079285621643066
2010-05-18T00:00:00Z,9.177857398986816,9.012857437133789
2010-05-19T00:00:00Z,8.910714149475098,8.869285583496094
2010-05-20T00:00:00Z,8.638570785522461,8.491429328918457
2010-05-21T00:00:00Z,8.3149995803833,8.65428638458252
2010-05-24T00:00:00Z,8.831428527832031,8.812856674194336
2010-05-25T00:00:00Z,8.548213958740234,8.757857322692871
2010-05-26T00:00:00Z,8.931428909301758,8.71821403503418
2010-05-27T00:00:00Z,8.949999809265137,9.048213958740234
2010-05-28T00:00:00Z,9.26392936706543,9.174285888671875
2010-06-01T00:00:00Z,9.274642944335938,9.315357208251953
2010-06-02T00:00:00Z,9.447856903076172,9.426786422729492
2010-06-03T00:00:00Z,9.47071361541748,9.397143363952637
2010-06-04T00:00:00Z,9.221785545349121,9.14142894744873
2010-06-07T00:00:00Z,9.224642753601074,8.962142944335938
2010-06-08T00:00:00Z,9.044285774230957,8.904643058776855
2010-06-09T00:00:00Z,8.981071472167969,8.685713768005371
2010-06-10T00:00:00Z,8.744285583496094,8.946785926818848
2010-06-11T00:00:00Z,8.865357398986816,9.053929328918457
2010-06-14T00:00:00Z,9.14142894744873,9.081428527832031
2010-06-15T00:00:00Z,9.130000114440918,9.274642944335938
2010-06-16T00:00:00Z,9.324999809265137,9.54464340209961
2010-06-17T00:00:00Z,9.664285659790039,9.709643363952637
2010-06-18T00:00:00Z,9.723214149475098,9.788213729858398
2010-06-21T00:00:00Z,9.917499542236328,9.64892864227295
2010-06-22T00:00:00Z,9.720000267028809,9.780357360839844
2010-06-23T00:00:00Z,9.806428909301758,9.677499771118164
2010-06-24T00:00:00Z,9.678570747375488,9.60714340209961
2010-06-25T00:00:00Z,9.645000457763672,9.524999618530273
2010-06-28T00:00:00Z,9.53321361541748,9.58214282989502
2010-06-29T00:00:00Z,9.432856559753418,9.14892864227295
2010-06-30T00:00:00Z,9.168213844299316,8.983214378356934
2010-07-01T00:00:00Z,9.08214282989502,8.874285697937012
2010-07-02T00:00:00Z,8.946070671081543,8.819286346435547
2010-07-06T00:00:00Z,8.964285850524902,8.879643440246582
2010-07-07T00:00:00Z,8.946070671081543,9.238213539123535
2010-07-08T00:00:00Z,9.374285697937012,9.217499732971191
2010-07-09T00:00:00Z,9.174642562866211,9.272143363952637
2010-07-12T00:00:00Z,9.233214378356934,9.188928604125977
2010-07-13T00:00:00Z,9.15428638458252,8.992856979370117
2010-07-14T00:00:00Z,8.906429290771484,9.026070594787598
2010-07-15T00:00:00Z,8.865357398986816,8.98035717010498
2010-07-16T00:00:00Z,9.042142868041992,8.925000190734863
2010-07-19T00:00:00Z,8.924285888671875,8.770713806152344
2010-07-20T00:00:00Z,8.675000190734863,8.996070861816406
2010-07-21T00:00:00Z,9.467499732971191,9.079999923706055
2010-07-22T00:00:00Z,9.20285701751709,9.250714302062988
2010-07-23T00:00:00Z,9.181785583496094,9.283571243286133
2010-07-26T00:00:00Z,9.285714149475098,9.260000228881836
2010-07-27T00:00:00Z,9.31678581237793,9.431428909301758
2010-07-28T00:00:00Z,9.416786193847656,9.319999694824219
2010-07-29T00:00:00Z,9.311071395874023,9.21821403503418
2010-07-30T00:00:00Z,9.13892936706543,9.1875
2010-08-02T00:00:00Z,9.30142879486084,9.351785659790039
2010-08-03T00:00:00Z,9.321785926818848,9.354642868041992
2010-08-04T00:00:00Z,9.3871431350708,9.392143249511719
2010-08-05T00:00:00Z,9.34749984741211,9.346428871154785
2010-08-06T00:00:00Z,9.277856826782227,9.288928985595703
2010-08-09T00:00:00Z,9.338570594787598,9.348214149475098
2010-08-10T00:00:00Z,9.280357360839844,9.264642715454102
2010-08-11T00:00:00Z,9.121429443359375,8.935357093811035
2010-08-12T00:00:00Z,8.810357093811035,8.992500305175781
2010-08-13T00:00:00Z,8.987500190734863,8.896429061889648
2010-08-16T00:00:00Z,8.842143058776855,8.84428596496582
2010-08-17T00:00:00Z,8.931428909301758,8.998929023742676
2010-08-18T00:00:00Z,9.012857437133789,9.038213729858398
2010-08-19T00:00:00Z,9.029999732971191,8.924285888671875
2010-08-20T00:00:00Z,8.90678596496582,8.915714263916016
2010-08-23T00:00:00Z,8.992500305175781,8.778571128845215
2010-08-24T00:00:00Z,8.666786193847656,8.568928718566895
2010-08-25T00:00:00Z,8.501428604125977,8.674642562866211
2010-08-26T00:00:00Z,8.766071319580078,8.581428527832031
2010-08-27T00:00:00Z,8.633929252624512,8.62928581237793
2010-08-30T00:00:00Z,8.598570823669434,8.660714149475098
2010-08-31T00:00:00Z,8.637499809265137,8.682143211364746
2010-09-01T00:00:00Z,8.838213920593262,8.940357208251953
2010-09-02T00:00:00Z,8.973570823669434,9.006071090698242
2010-09-03T00:00:00Z,9.110357284545898,9.241786003112793
2010-09-07T00:00:00Z,9.165714263916016,9.207500457763672
2010-09-08T00:00:00Z,9.277856826782227,9.390000343322754
2010-09-09T00:00:00Z,9.465714454650879,9.395357131958008
2010-09-10T00:00:00Z,9.399642944335938,9.407500267028809
2010-09-13T00:00:00Z,9.493571281433105,9.537142753601074
2010-09-14T00:00:00Z,9.507499694824219,9.57357120513916
2010-09-15T00:00:00Z,9.577500343322754,9.650713920593262
2010-09-16T00:00:00Z,9.651429176330566,9.8774995803833
2010-09-17T00:00:00Z,9.917499542236328,9.834643363952637
2010-09-20T00:00:00Z,9.859999656677246,10.115357398986816
2010-09-21T00:00:00Z,10.137857437133789,10.134642601013184
2010-09-22T00:00:00Z,10.096785545349121,10.276785850524902
2010-09-23T00:00:00Z,10.22607135772705,10.318571090698242
2010-09-24T00:00:00Z,10.432143211364746,10.4399995803833
2010-09-27T00:00:00Z,10.499285697937012,10.398571014404297
2010-09-28T00:00:00Z,10.420356750488281,10.244999885559082
2010-09-29T00:00:00Z,10.258213996887207,10.263214111328125
2010-09-30T00:00:00Z,10.321429252624512,10.133929252624512
2010-10-01T00:00:00Z,10.219642639160156,10.09000015258789
2010-10-04T00:00:00Z,10.057143211364746,9.95142936706543
2010-10-05T00:00:00Z,10.071429252624512,10.319286346435547
2010-10-06T00:00:00Z,10.342499732971191,10.328213691711426
2010-10-07T00:00:00Z,10.369285583496094,10.329285621643066
2010-10-08T00:00:00Z,10.418213844299316,10.5024995803833
2010-10-11T00:00:00Z,10.526429176330566,10.54857063293457
2010-10-12T00:00:00Z,10.5503568649292,10.662142753601074
2010-10-13T00:00:00Z,10.721428871154785,10.71928596496582
2010-10-14T00:00:00Z,10.774642944335938,10.796786308288574
2010-10-15T00:00:00Z,10.979999542236328,11.240714073181152
2010-10-18T00:00:00Z,11.373929023742676,11.35714340209961
2010-10-19T00:00:00Z,10.835714340209961,11.053214073181152
2010-10-20T00:00:00Z,11.035714149475098,11.090356826782227
2010-10-21T00:00:00Z,11.15571403503418,11.054286003112793
2010-10-22T00:00:00Z,11.038213729858398,10.981071472167969
2010-10-25T00:00:00Z,11.038928985595703,11.029999732971191
2010-10-26T00:00:00Z,10.959643363952637,11.001786231994629
2010-10-27T00:00:00Z,10.987500190734863,10.993928909301758
2010-10-28T00:00:00Z,10.998213768005371,10.901429176330566
2010-10-29T00:00:00Z,10.865357398986816,10.749285697937012
2010-11-01T00:00:00Z,10.793571472167969,10.863571166992188
2010-11-02T00:00:00Z,10.964285850524902,11.04857063293457
2010-11-03T00:00:00Z,11.120356559753418,11.171428680419922
2010-11-04T00:00:00Z,11.266071319580078,11.366786003112793
2010-11-05T00:00:00Z,11.356785774230957,11.326070785522461
2010-11-08T00:00:00Z,11.328571319580078,11.37928581237793
2010-11-09T00:00:00Z,11.466071128845215,11.28857135772705
2010-11-10T00:00:00Z,11.308570861816406,11.358214378356934
2010-11-11T00:00:00Z,11.25,11.308929443359375
2010-11-12T00:00:00Z,11.285714149475098,11.001070976257324
2010-11-15T00:00:00Z,11.01642894744873,10.965714454650879
2010-11-16T00:00:00Z,10.918571472167969,10.771071434020996
2010-11-17T00:00:00Z,10.757143020629883,10.73214340209961
2010-11-18T00:00:00Z,10.899999618530273,11.01535701751709
2010-11-19T00:00:00Z,10.998929023742676,10.954643249511719
2010-11-22T00:00:00Z,10.95285701751709,11.191429138183594
2010-11-23T00:00:00Z,11.087499618530273,11.026070594787598
2010-11-24T00:00:00Z,11.14285659790039,11.242856979370117
2010-11-26T00:00:00Z,11.204999923706055,11.25
2010-11-29T00:00:00Z,11.26785659790039,11.31678581237793
2010-11-30T00:00:00Z,11.197856903076172,11.112500190734863
2010-12-01T00:00:00Z,11.259642601013184,11.300000190734863
2010-12-02T00:00:00Z,11.340356826782227,11.362500190734863
2010-12-03T00:00:00Z,11.321785926818848,11.337142944335938
2010-12-06T00:00:00Z,11.380000114440918,11.433929443359375
2010-12-07T00:00:00Z,11.564286231994629,11.364643096923828
2010-12-08T00:00:00Z,11.415356636047363,11.464642524719238
2010-12-09T00:00:00Z,11.504643440246582,11.420000076293945
2010-12-10T00:00:00Z,11.416070938110352,11.44857120513916
2010-12-13T00:00:00Z,11.584643363952637,11.488213539123535
2010-12-14T00:00:00Z,11.490357398986816,11.438928604125977
2010-12-15T00:00:00Z,11.428570747375488,11.441429138183594
2010-12-16T00:00:00Z,11.467499732971191,11.473214149475098
2010-12-17T00:00:00Z,11.486785888671875,11.450357437133789
2010-12-20T00:00:00Z,11.485713958740234,11.507499694824219
2010-12-21T00:00:00Z,11.535714149475098,11.578571319580078
2010-12-22T00:00:00Z,11.584285736083984,11.6128568649292
2010-12-23T00:00:00Z,11.60714340209961,11.557143211364746
2010-12-27T00:00:00Z,11.530357360839844,11.59571361541748
2010-12-28T00:00:00Z,11.639642715454102,11.623929023742676
2010-12-29T00:00:00Z,11.650713920593262,11.617500305175781
2010-12-30T00:00:00Z,11.624285697937012,11.559286117553711
2010-12-31T00:00:00Z,11.533928871154785,11.520000457763672
2011-01-03T00:00:00Z,11.630000114440918,11.770357131958008
2011-01-04T00:00:00Z,11.872857093811035,11.831786155700684
2011-01-05T00:00:00Z,11.76964282989502,11.928570747375488
2011-01-06T00:00:00Z,11.954285621643066,11.918929100036621
2011-01-07T00:00:00Z,11.928214073181152,12.00428581237793
2011-01-10T00:00:00Z,12.10107135772705,12.23035717010498
2011-01-11T00:00:00Z,12.317143440246582,12.20142936706543
2011-01-12T00:00:00Z,12.258929252624512,12.300713539123535
2011-01-13T00:00:00Z,12.327142715454102,12.34571361541748
2011-01-14T00:00:00Z,12.353214263916016,12.445713996887207
2011-01-18T00:00:00Z,11.768570899963379,12.166070938110352
2011-01-19T00:00:00Z,12.441070556640625,12.101428985595703
2011-01-20T00:00:00Z,12.01535701751709,11.881428718566895
2011-01-21T00:00:00Z,11.920356750488281,11.668571472167969
2011-01-24T00:00:00Z,11.673929214477539,12.051786422729492
2011-01-25T00:00:00Z,12.011786460876465,12.192856788635254
2011-01-26T00:00:00Z,12.248571395874023,12.280357360839844
2011-01-27T00:00:00Z,12.277856826782227,12.257499694824219
2011-01-28T00:00:00Z,12.291786193847656,12.003570556640625
2011-01-31T00:00:00Z,11.992856979370117,12.118571281433105
2011-02-01T00:00:00Z,12.189286231994629,12.322500228881836
2011-02-02T00:00:00Z,12.301786422729492,12.29714298248291
2011-02-03T00:00:00Z,12.278571128845215,12.265713691711426
2011-02-04T00:00:00Z,12.272856712341309,12.375
2011-02-07T00:00:00Z,12.424642562866211,12.567143440246582
2011-02-08T00:00:00Z,12.631428718566895,12.685713768005371
2011-02-09T00:00:00Z,12.685357093811035,12.791428565979004
2011-02-10T00:00:00Z,12.76392936706543,12.662142753601074
2011-02-11T00:00:00Z,12.66964340209961,12.744643211364746
2011-02-14T00:00:00Z,12.742500305175781,12.82785701751709
2011-02-15T00:00:00Z,12.828213691711426,12.853570938110352
2011-02-16T00:00:00Z,12.885713577270508,12.968929290771484
2011-02-17T00:00:00Z,12.758929252624512,12.796428680419922
2011-02-18T00:00:00Z,12.811071395874023,12.520000457763672
2011-02-22T00:00:00Z,12.219642639160156,12.09321403503418
2011-02-23T00:00:00Z,12.098929405212402,12.236429214477539
2011-02-24T00:00:00Z,12.286429405212402,12.24571418762207
2011-02-25T00:00:00Z,12.330714225769043,12.434286117553711
2011-02-28T00:00:00Z,12.544285774230957,12.614643096923828
2011-03-01T00:00:00Z,12.695357322692871,12.475357055664062
2011-03-02T00:00:00Z,12.498571395874023,12.575714111328125
2011-03-03T00:00:00Z,12.756786346435547,12.841428756713867
2011-03-04T00:00:00Z,12.85964298248291,12.85714340209961
2011-03-07T00:00:00Z,12.907142639160156,12.691429138183594
2011-03-08T00:00:00Z,12.6753568649292,12.705714225769043
2011-03-09T00:00:00Z,12.667499542236328,12.588213920593262
2011-03-10T00:00:00Z,12.468570709228516,12.381071090698242
2011-03-11T00:00:00Z,12.333213806152344,12.571070671081543
2011-03-14T00:00:00Z,12.613571166992188,12.627142906188965
2011-03-15T00:00:00Z,12.217857360839844,12.336786270141602
2011-03-16T00:00:00Z,12.214285850524902,11.786070823669434
2011-03-17T00:00:00Z,12.029643058776855,11.95142936706543
2011-03-18T00:00:00Z,12.040356636047363,11.809642791748047
2011-03-21T00:00:00Z,11.999643325805664,12.117856979370117
2011-03-22T00:00:00Z,12.234286308288574,12.185713768005371
2011-03-23T00:00:00Z,12.117142677307129,12.11392879486084
2011-03-24T00:00:00Z,12.208929061889648,12.320357322692871
2011-03-25T00:00:00Z,12.431071281433105,12.555000305175781
2011-03-28T00:00:00Z,12.612500190734863,12.515713691711426
2011-03-29T00:00:00Z,12.416428565979004,12.534285545349121
2011-03-30T00:00:00Z,12.522856712341309,12.451070785522461
2011-03-31T00:00:00Z,12.369999885559082,12.446785926818848
2011-04-01T00:00:00Z,12.539643287658691,12.305713653564453
2011-04-04T00:00:00Z,12.296786308288574,12.185357093811035
2011-04-05T00:00:00Z,12.035357475280762,12.103214263916016
2011-04-06T00:00:00Z,12.186429023742676,12.072856903076172
2011-04-07T00:00:00Z,12.074999809265137,12.074286460876465
2011-04-08T00:00:00Z,12.140000343322754,11.966428756713867
2011-04-11T00:00:00Z,11.930713653564453,11.814286231994629
2011-04-12T00:00:00Z,11.803214073181152,11.871429443359375
2011-04-13T00:00:00Z,11.96500015258789,12.004643440246582
2011-04-14T00:00:00Z,11.95714282989502,11.872142791748047
2011-04-15T00:00:00Z,11.903571128845215,11.694999694824219
2011-04-18T00:00:00Z,11.646429061889648,11.851785659790039
2011-04-19T00:00:00Z,11.896429061889648,12.066429138183594
2011-04-20T00:00:00Z,12.268214225769043,12.228928565979004
2011-04-21T00:00:00Z,12.678570747375488,12.524999618530273
2011-04-25T00:00:00Z,12.5121431350708,12.607500076293945
2011-04-26T00:00:00Z,12.62928581237793,12.515000343322754
2011-04-27T00:00:00Z,12.579999923706055,12.505356788635254
2011-04-28T00:00:00Z,12.36392879486084,12.383929252624512
2011-04-29T00:00:00Z,12.385000228881836,12.504643440246582
2011-05-02T00:00:00Z,12.490714073181152,12.367142677307129
2011-05-03T00:00:00Z,12.428214073181152,12.435713768005371
2011-05-04T00:00:00Z,12.437856674194336,12.48464298248291
2011-05-05T00:00:00Z,12.442856788635254,12.383929252624512
2011-05-06T00:00:00Z,12.48892879486084,12.380714416503906
2011-05-09T00:00:00Z,12.42357063293457,12.414285659790039
2011-05-10T00:00:00Z,12.460356712341309,12.48035717010498
2011-05-11T00:00:00Z,12.46500015258789,12.401070594787598
2011-05-12T00:00:00Z,12.361429214477539,12.3774995803833
2011-05-13T00:00:00Z,12.345000267028809,12.160714149475098
2011-05-16T00:00:00Z,12.114286422729492,11.903571128845215
2011-05-17T00:00:00Z,11.85714340209961,12.005000114440918
2011-05-18T00:00:00Z,12.016785621643066,12.138214111328125
2011-05-19T00:00:00Z,12.217143058776855,12.161786079406738
2011-05-20T00:00:00Z,12.127142906188965,11.972143173217773
2011-05-23T00:00:00Z,11.784643173217773,11.942856788635254
2011-05-24T00:00:00Z,11.98214340209961,11.86392879486084
2011-05-25T00:00:00Z,11.90821361541748,12.027856826782227
2011-05-26T00:00:00Z,11.998929023742676,11.964285850524902
2011-05-27T00:00:00Z,11.95714282989502,12.0503568649292
2011-05-31T00:00:00Z,12.182143211364746,12.422499656677246
2011-06-01T00:00:00Z,12.459643363952637,12.339642524719238
2011-06-02T00:00:00Z,12.375,12.360713958740234
2011-06-03T00:00:00Z,12.256428718566895,12.265713691711426
2011-06-06T00:00:00Z,12.346428871154785,12.072856903076172
2011-06-07T00:00:00Z,12.077500343322754,11.85857105255127
2011-06-08T00:00:00Z,11.849286079406738,11.865714073181152
2011-06-09T00:00:00Z,11.901785850524902,11.838929176330566
2011-06-10T00:00:00Z,11.805356979370117,11.639286041259766
2011-06-13T00:00:00Z,11.685713768005371,11.664285659790039
2011-06-14T00:00:00Z,11.785714149475098,11.872857093811035
2011-06-15T00:00:00Z,11.776785850524902,11.66964340209961
2011-06-16T00:00:00Z,11.675000190734863,11.6128568649292
2011-06-17T00:00:00Z,11.749643325805664,11.437856674194336
2011-06-20T00:00:00Z,11.334285736083984,11.261428833007812
2011-06-21T00:00:00Z,11.3100004196167,11.617856979370117
2011-06-22T00:00:00Z,11.6128568649292,11.521785736083984
2011-06-23T00:00:00Z,11.390713691711426,11.829643249511719
2011-06-24T00:00:00Z,11.834643363952637,11.655357360839844
2011-06-27T00:00:00Z,11.6996431350708,11.85857105255127
2011-06-28T00:00:00Z,11.916070938110352,11.973570823669434
2011-06-29T00:00:00Z,12.001428604125977,11.930000305175781
2011-06-30T00:00:00Z,11.953571319580078,11.988213539123535
2011-07-01T00:00:00Z,11.998213768005371,12.259285926818848
2011-07-05T00:00:00Z,12.25,12.479642868041992
2011-07-06T00:00:00Z,12.462499618530273,12.562856674194336
2011-07-07T00:00:00Z,12.666786193847656,12.757143020629883
2011-07-08T00:00:00Z,12.619285583496094,12.846785545349121
2011-07-11T00:00:00Z,12.726428985595703,12.64285659790039
2011-07-12T00:00:00Z,12.626070976257324,12.633929252624512
2011-07-13T00:00:00Z,12.797499656677246,12.786429405212402
2011-07-14T00:00:00Z,12.893214225769043,12.77750015258789
2011-07-15T00:00:00Z,12.89892864227295,13.032856941223145
2011-07-18T00:00:00Z,13.051071166992188,13.350000381469727
2011-07-19T00:00:00Z,13.5,13.458929061889648
2011-07-20T00:00:00Z,14.147143363952637,13.817856788635254
2011-07-21T00:00:00Z,13.819643020629883,13.831786155700684
2011-07-22T00:00:00Z,13.868571281433105,14.046428680419922
2011-07-25T00:00:00Z,13.941070556640625,14.23214340209961
2011-07-26T00:00:00Z,14.285714149475098,14.407500267028809
2011-07-27T00:00:00Z,14.306785583496094,14.021071434020996
2011-07-28T00:00:00Z,13.986429214477539,13.993571281433105
2011-07-29T00:00:00Z,13.84428596496582,13.945713996887207
2011-08-01T00:00:00Z,14.206428527832031,14.16964340209961
2011-08-02T00:00:00Z,14.201786041259766,13.889642715454102
2011-08-03T00:00:00Z,13.963570594787598,14.020357131958008
2011-08-04T00:00:00Z,13.907500267028809,13.477499961853027
2011-08-05T00:00:00Z,13.587142944335938,13.343570709228516
2011-08-08T00:00:00Z,12.917499542236328,12.614643096923828
2011-08-09T00:00:00Z,12.903571128845215,13.357500076293945
2011-08-10T00:00:00Z,13.255356788635254,12.98892879486084
2011-08-11T00:00:00Z,13.232856750488281,13.346428871154785
2011-08-12T00:00:00Z,13.5024995803833,13.463929176330566
2011-08-15T00:00:00Z,13.55821418762207,13.693214416503906
2011-08-16T00:00:00Z,13.625714302062988,13.588570594787598
2011-08-17T00:00:00Z,13.653928756713867,13.587142944335938
2011-08-18T00:00:00Z,13.244285583496094,13.073213577270508
2011-08-19T00:00:00Z,12.934642791748047,12.715356826782227
2011-08-22T00:00:00Z,13.018214225769043,12.729999542236328
2011-08-23T00:00:00Z,12.867856979370117,13.342857360839844
2011-08-24T00:00:00Z,13.338213920593262,13.4350004196167
2011-08-25T00:00:00Z,13.03857135772705,13.347143173217773
2011-08-26T00:00:00Z,13.256071090698242,13.699286460876465
2011-08-29T00:00:00Z,13.863571166992188,13.927499771118164
2011-08-30T00:00:00Z,13.866070747375488,13.928214073181152
2011-08-31T00:00:00Z,13.948928833007812,13.743928909301758
2011-09-01T00:00:00Z,13.77928638458252,13.608214378356934
2011-09-02T00:00:00Z,13.383570671081543,13.358928680419922
2011-09-06T00:00:00Z,13.120356559753418,13.562143325805664
2011-09-07T00:00:00Z,13.770000457763672,13.711786270141602
2011-09-08T00:00:00Z,13.657142639160156,13.71928596496582
2011-09-09T00:00:00Z,13.711786270141602,13.481429100036621
2011-09-12T00:00:00Z,13.321429252624512,13.569286346435547
2011-09-13T00:00:00Z,13.647856712341309,13.736429214477539
2011-09-14T00:00:00Z,13.822142601013184,13.903571128845215
2011-09-15T00:00:00Z,13.979642868041992,14.034285545349121
2011-09-16T00:00:00Z,14.126428604125977,14.303570747375488
2011-09-19T00:00:00Z,14.178570747375488,14.701070785522461
2011-09-20T00:00:00Z,14.83035659790039,14.766071319580078
2011-09-21T00:00:00Z,14.987142562866211,14.71928596496582
2011-09-22T00:00:00Z,14.322500228881836,14.350713729858398
2011-09-23T00:00:00Z,14.295714378356934,14.439286231994629
2011-09-26T00:00:00Z,14.28071403503418,14.39892864227295
2011-09-27T00:00:00Z,14.59749984741211,14.259285926818848
2011-09-28T00:00:00Z,14.292499542236328,14.178929328918457
2011-09-29T00:00:00Z,14.354286193847656,13.948928833007812
2011-09-30T00:00:00Z,13.825714111328125,13.618571281433105
2011-10-03T00:00:00Z,13.584643363952637,13.378570556640625
2011-10-04T00:00:00Z,13.3774995803833,13.303570747375488
2011-10-05T00:00:00Z,13.137857437133789,13.508929252624512
2011-10-06T00:00:00Z,13.333213806152344,13.477499961853027
2011-10-07T00:00:00Z,13.420714378356934,13.20714282989502
2011-10-10T00:00:00Z,13.538928985595703,13.88607120513916
2011-10-11T00:00:00Z,14.020357131958008,14.29607105255127
2011-10-12T00:00:00Z,14.547857284545898,14.36392879486084
2011-10-13T00:00:00Z,14.463570594787598,14.586786270141602
2011-10-14T00:00:00Z,14.886786460876465,15.071429252624512
2011-10-17T00:00:00Z,15.062143325805664,14.999643325805664
2011-10-18T00:00:00Z,15.062856674194336,15.079999923706055
2011-10-19T00:00:00Z,14.333929061889648,14.236429214477539
2011-10-20T00:00:00Z,14.285714149475098,14.118213653564453
2011-10-21T00:00:00Z,14.217857360839844,14.031070709228516
2011-10-24T00:00:00Z,14.149286270141602,14.491786003112793
2011-10-25T00:00:00Z,14.465356826782227,14.206070899963379
2011-10-26T00:00:00Z,14.348570823669434,14.307143211364746
2011-10-27T00:00:00Z,14.555713653564453,14.453213691711426
2011-10-28T00:00:00Z,14.39285659790039,14.462499618530273
2011-10-31T00:00:00Z,14.372142791748047,14.456428527832031
2011-11-01T00:00:00Z,14.193214416503906,14.161070823669434
2011-11-02T00:00:00Z,14.288928985595703,14.193214416503906
2011-11-03T00:00:00Z,14.2524995803833,14.395357131958008
2011-11-04T00:00:00Z,14.358214378356934,14.294285774230957
2011-11-07T00:00:00Z,14.282500267028809,14.276070594787598
2011-11-08T00:00:00Z,14.364643096923828,14.508213996887207
2011-11-09T00:00:00Z,14.177499771118164,14.117142677307129
2011-11-10T00:00:00Z,14.179642677307129,13.757857322692871
2011-11-11T00:00:00Z,13.807499885559082,13.736429214477539
2011-11-14T00:00:00Z,13.697142601013184,13.545000076293945
2011-11-15T00:00:00Z,13.600000381469727,13.886786460876465
2011-11-16T00:00:00Z,13.901785850524902,13.741786003112793
2011-11-17T00:00:00Z,13.713570594787598,13.478928565979004
2011-11-18T00:00:00Z,13.532856941223145,13.390713691711426
2011-11-21T00:00:00Z,13.228570938110352,13.178929328918457
2011-11-22T00:00:00Z,13.250714302062988,13.446785926818848
2011-11-23T00:00:00Z,13.375356674194336,13.106785774230957
2011-11-25T00:00:00Z,13.157856941223145,12.98464298248291
2011-11-28T00:00:00Z,13.298213958740234,13.432856559753418
2011-11-29T00:00:00Z,13.422857284545898,13.328571319580078
2011-11-30T00:00:00Z,13.617500305175781,13.649999618530273
2011-12-01T00:00:00Z,13.662142753601074,13.854642868041992
2011-12-02T00:00:00Z,13.922499656677246,13.91785717010498
2011-12-05T00:00:00Z,14.053214073181152,14.036070823669434
2011-12-06T00:00:00Z,14.018214225769043,13.962499618530273
2011-12-07T00:00:00Z,13.926071166992188,13.896071434020996
2011-12-08T00:00:00Z,13.98035717010498,13.952142715454102
2011-12-09T00:00:00Z,14.030357360839844,14.057856559753418
2011-12-12T00:00:00Z,13.988571166992188,13.994285583496094
2011-12-13T00:00:00Z,14.035714149475098,13.88607120513916
2011-12-14T00:00:00Z,13.810713768005371,13.578213691711426
2011-12-15T00:00:00Z,13.690357208251953,13.533571243286133
2011-12-16T00:00:00Z,13.584285736083984,13.607856750488281
2011-12-19T00:00:00Z,13.659643173217773,13.650357246398926
2011-12-20T00:00:00Z,13.848570823669434,14.141071319580078
2011-12-21T00:00:00Z,14.167499542236328,14.158928871154785
2011-12-22T00:00:00Z,14.178570747375488,14.233928680419922
2011-12-23T00:00:00Z,14.274642944335938,14.404643058776855
2011-12-27T00:00:00Z,14.396429061889648,14.518928527832031
2011-12-28T00:00:00Z,14.53178596496582,14.380000114440918
2011-12-29T00:00:00Z,14.407142639160156,14.468570709228516
2011-12-30T00:00:00Z,14.411070823669434,14.464285850524902
2012-01-03T00:00:00Z,14.621429443359375,14.686785697937012
2012-01-04T00:00:00Z,14.64285659790039,14.765713691711426
2012-01-05T00:00:00Z,14.819643020629883,14.929642677307129
2012-01-06T00:00:00Z,14.991786003112793,15.085714340209961
2012-01-09T00:00:00Z,15.196429252624512,15.061785697937012
2012-01-10T00:00:00Z,15.211071014404297,15.115714073181152
2012-01-11T00:00:00Z,15.09571361541748,15.091071128845215
2012-01-12T00:00:00Z,15.081428527832031,15.049642562866211
2012-01-13T00:00:00Z,14.989286422729492,14.993213653564453
2012-01-17T00:00:00Z,15.149999618530273,15.16785717010498
2012-01-18T00:00:00Z,15.248571395874023,15.325357437133789
2012-01-19T00:00:00Z,15.362500190734863,15.276785850524902
2012-01-20T00:00:00Z,15.267499923706055,15.010713577270508
2012-01-23T00:00:00Z,15.095356941223145,15.264642715454102
2012-01-24T00:00:00Z,15.182143211364746,15.014642715454102
2012-01-25T00:00:00Z,16.229999542236328,15.952142715454102
2012-01-26T00:00:00Z,16.01285743713379,15.879643440246582
2012-01-27T00:00:00Z,15.869285583496094,15.974286079406738
2012-01-30T00:00:00Z,15.918213844299316,16.17892837524414
2012-01-31T00:00:00Z,16.27107048034668,16.3028564453125
2012-02-01T00:00:00Z,16.37178611755371,16.292499542236328
2012-02-02T00:00:00Z,16.282142639160156,16.25428581237793
2012-02-03T00:00:00Z,16.332143783569336,16.417142868041992
2012-02-06T00:00:00Z,16.37071418762207,16.570356369018555
2012-02-07T00:00:00Z,16.616071701049805,16.743928909301758
2012-02-08T00:00:00Z,16.803571701049805,17.0242862701416
2012-02-09T00:00:00Z,17.170000076293945,17.61321449279785
2012-02-10T00:00:00Z,17.534286499023438,17.622142791748047
2012-02-13T00:00:00Z,17.840356826782227,17.950000762939453
2012-02-14T00:00:00Z,18.023571014404297,18.19499969482422
2012-02-15T00:00:00Z,18.36642837524414,17.773929595947266
2012-02-16T00:00:00Z,17.553571701049805,17.936071395874023
2012-02-17T00:00:00Z,17.96821403503418,17.932857513427734
2012-02-21T00:00:00Z,18.10285758972168,18.387500762939453
2012-02-22T00:00:00Z,18.32428550720215,18.322856903076172
2012-02-23T00:00:00Z,18.395713806152344,18.4424991607666
2012-02-24T00:00:00Z,18.559642791748047,18.657499313354492
2012-02-27T00:00:00Z,18.618213653564453,18.777143478393555
2012-02-28T00:00:00Z,18.855714797973633,19.12178611755371
2012-02-29T00:00:00Z,19.341428756713867,19.37285614013672
2012-03-01T00:00:00Z,19.577499389648438,19.445356369018555
2012-03-02T00:00:00Z,19.437143325805664,19.470714569091797
2012-03-05T00:00:00Z,19.479286193847656,19.04142951965332
2012-03-06T00:00:00Z,18.7021427154541,18.937856674194336
2012-03-07T00:00:00Z,19.171428680419922,18.953214645385742
2012-03-08T00:00:00Z,19.096071243286133,19.356786727905273
2012-03-09T00:00:00Z,19.436071395874023,19.47035789489746
2012-03-12T00:00:00Z,19.606428146362305,19.71428680419922
2012-03-13T00:00:00Z,19.91214370727539,20.28928565979004
2012-03-14T00:00:00Z,20.644643783569336,21.056428909301758
2012-03-15T00:00:00Z,21.414642333984375,20.912857055664062
2012-03-16T00:00:00Z,20.882856369018555,20.9132137298584
2012-03-19T00:00:00Z,21.370357513427734,21.467857360839844
2012-03-20T00:00:00Z,21.41107177734375,21.641429901123047
2012-03-21T00:00:00Z,21.52642822265625,21.51785659790039
2012-03-22T00:00:00Z,21.349285125732422,21.405000686645508
2012-03-23T00:00:00Z,21.44607162475586,21.287500381469727
2012-03-26T00:00:00Z,21.421070098876953,21.6778564453125
2012-03-27T00:00:00Z,21.6492862701416,21.945714950561523
2012-03-28T00:00:00Z,22.084999084472656,22.057857513427734
2012-03-29T00:00:00Z,21.885000228881836,21.78071403503418
2012-03-30T00:00:00Z,21.741785049438477,21.412500381469727
2012-04-02T00:00:00Z,21.493928909301758,22.093929290771484
2012-04-03T00:00:00Z,22.4035701751709,22.4757137298584
2012-04-04T00:00:00Z,22.298213958740234,22.296785354614258
2012-04-05T00:00:00Z,22.39214324951172,22.63142967224121
2012-04-09T00:00:00Z,22.361785888671875,22.72249984741211
2012-04-10T00:00:00Z,22.854642868041992,22.444286346435547
2012-04-11T00:00:00Z,22.7214298248291,22.364286422729492
2012-04-12T00:00:00Z,22.321428298950195,22.241785049438477
2012-04-13T00:00:00Z,22.289642333984375,21.6153564453125
2012-04-16T00:00:00Z,21.787857055664062,20.718929290771484
2012-04-17T00:00:00Z,20.676429748535156,21.774999618530273
2012-04-18T00:00:00Z,21.91857147216797,21.726428985595703
2012-04-19T00:00:00Z,21.43642807006836,20.979999542236328
2012-04-20T00:00:00Z,21.12071418762207,20.463571548461914
2012-04-23T00:00:00Z,20.378929138183594,20.417856216430664
2012-04-24T00:00:00Z,20.09321403503418,20.010000228881836
2012-04-25T00:00:00Z,21.98714256286621,21.78571319580078
2012-04-26T00:00:00Z,21.938213348388672,21.703571319580078
2012-04-27T00:00:00Z,21.609643936157227,21.53571319580078
2012-04-30T00:00:00Z,21.350000381469727,20.856428146362305
2012-05-01T00:00:00Z,20.889286041259766,20.79035758972168
2012-05-02T00:00:00Z,20.722856521606445,20.9278564453125
2012-05-03T00:00:00Z,21.08928680419922,20.779285430908203
2012-05-04T00:00:00Z,20.610000610351562,20.1875
2012-05-07T00:00:00Z,20.053571701049805,20.338571548461914
2012-05-08T00:00:00Z,20.34214210510254,20.292142868041992
2012-05-09T00:00:00Z,20.132143020629883,20.327856063842773
2012-05-10T00:00:00Z,20.520713806152344,20.375713348388672
2012-05-11T00:00:00Z,20.178571701049805,20.239643096923828
2012-05-14T00:00:00Z,20.091785430908203,19.93642807006836
2012-05-15T00:00:00Z,20.051786422729492,19.756071090698242
2012-05-16T00:00:00Z,19.787500381469727,19.502857208251953
2012-05-17T00:00:00Z,19.475357055664062,18.932857513427734
2012-05-18T00:00:00Z,19.06999969482422,18.942142486572266
2012-05-21T00:00:00Z,19.08928680419922,20.045713424682617
2012-05-22T00:00:00Z,20.3410701751709,19.891786575317383
2012-05-23T00:00:00Z,19.91071319580078,20.37714385986328
2012-05-24T00:00:00Z,20.56678581237793,20.190000534057617
2012-05-25T00:00:00Z,20.163928985595703,20.081785202026367
2012-05-29T00:00:00Z,20.389286041259766,20.438213348388672
2012-05-30T00:00:00Z,20.328571319580078,20.684642791748047
2012-05-31T00:00:00Z,20.740713119506836,20.633214950561523
2012-06-01T00:00:00Z,20.3271427154541,20.035356521606445
2012-06-04T00:00:00Z,20.053571701049805,20.153213500976562
2012-06-05T00:00:00Z,20.04535675048828,20.101070404052734
2012-06-06T00:00:00Z,20.27750015258789,20.409286499023438
2012-06-07T00:00:00Z,20.61750030517578,20.41857147216797
2012-06-08T00:00:00Z,20.41428565979004,20.7257137298584
2012-06-11T00:00:00Z,20.989999771118164,20.398929595947266
2012-06-12T00:00:00Z,20.516429901123047,20.5771427154541
2012-06-13T00:00:00Z,20.518571853637695,20.43428611755371
2012-06-14T00:00:00Z,20.40142822265625,20.411785125732422
2012-06-15T00:00:00Z,20.39285659790039,20.504642486572266
2012-06-18T00:00:00Z,20.391429901123047,20.920713424682617
2012-06-19T00:00:00Z,20.83571434020996,20.97892951965332
2012-06-20T00:00:00Z,21.00749969482422,20.919286727905273
2012-06-21T00:00:00Z,20.908571243286133,20.631071090698242
2012-06-22T00:00:00Z,20.68000030517578,20.78928565979004
2012-06-25T00:00:00Z,20.617856979370117,20.3846435546875
2012-06-26T00:00:00Z,20.40464210510254,20.429643630981445
2012-06-27T00:00:00Z,20.53571319580078,20.51785659790039
2012-06-28T00:00:00Z,20.416786193847656,20.323213577270508
2012-06-29T00:00:00Z,20.64285659790039,20.85714340209961
2012-07-02T00:00:00Z,20.883214950561523,21.161428451538086
2012-07-03T00:00:00Z,21.24571418762207,21.407499313354492
2012-07-05T00:00:00Z,21.448570251464844,21.783571243286133
2012-07-06T00:00:00Z,21.681785583496094,21.63857078552246
2012-07-09T00:00:00Z,21.617856979370117,21.92464256286621
2012-07-10T00:00:00Z,22.070356369018555,21.721786499023438
2012-07-11T00:00:00Z,21.64714241027832,21.5867862701416
2012-07-12T00:00:00Z,21.437143325805664,21.389286041259766
2012-07-13T00:00:00Z,21.5339298248291,21.60607147216797
2012-07-16T00:00:00Z,21.61142921447754,21.675357818603516
2012-07-17T00:00:00Z,21.813928604125977,21.676429748535156
2012-07-18T00:00:00Z,21.663928985595703,21.652143478393555
2012-07-19T00:00:00Z,21.83142852783203,21.940000534057617
2012-07-20T00:00:00Z,21.89392852783203,21.582143783569336
2012-07-23T00:00:00Z,21.22857093811035,21.565357208251953
2012-07-24T00:00:00Z,21.692142486572266,21.461429595947266
2012-07-25T00:00:00Z,20.516429901123047,20.534643173217773
2012-07-26T00:00:00Z,20.705713272094727,20.531429290771484
2012-07-27T00:00:00Z,20.53607177734375,20.898571014404297
2012-07-30T00:00:00Z,21.104286193847656,21.25107192993164
2012-07-31T00:00:00Z,21.543928146362305,21.812856674194336
2012-08-01T00:00:00Z,21.99678611755371,21.671785354614258
2012-08-02T00:00:00Z,21.530000686645508,21.706785202026367
2012-08-03T00:00:00Z,21.91535758972168,21.989286422729492
2012-08-06T00:00:00Z,22.046070098876953,22.233928680419922
2012-08-07T00:00:00Z,22.241785049438477,22.175357818603516
2012-08-08T00:00:00Z,22.121070861816406,22.13785743713379
2012-08-09T00:00:00Z,22.066070556640625,22.168928146362305
2012-08-10T00:00:00Z,22.096786499023438,22.203571319580078
2012-08-13T00:00:00Z,22.26392936706543,22.5
2012-08-14T00:00:00Z,22.56678581237793,22.56035614013672
2012-08-15T00:00:00Z,22.546428680419922,22.52964210510254
2012-08-16T00:00:00Z,22.543214797973633,22.726428985595703
2012-08-17T00:00:00Z,22.85714340209961,23.146785736083984
2012-08-20T00:00:00Z,23.214643478393555,23.75535774230957
2012-08-21T00:00:00Z,23.957857131958008,23.430713653564453
2012-08-22T00:00:00Z,23.372142791748047,23.888214111328125
2012-08-23T00:00:00Z,23.789642333984375,23.66535758972168
2012-08-24T00:00:00Z,23.55392837524414,23.68642807006836
2012-08-27T00:00:00Z,24.285356521606445,24.13142967224121
2012-08-28T00:00:00Z,24.106428146362305,24.100000381469727
2012-08-29T00:00:00Z,24.116071701049805,24.052499771118164
2012-08-30T00:00:00Z,23.95142936706543,23.70964241027832
2012-08-31T00:00:00Z,23.83035659790039,23.75857162475586
2012-09-04T00:00:00Z,23.777143478393555,24.10607147216797
2012-09-05T00:00:00Z,24.127500534057617,23.936786651611328
2012-09-06T00:00:00Z,24.041786193847656,24.15250015258789
2012-09-07T00:00:00Z,24.2160701751709,24.301429748535156
2012-09-10T00:00:00Z,24.301786422729492,23.669286727905273
2012-09-11T00:00:00Z,23.753929138183594,23.592500686645508
2012-09-12T00:00:00Z,23.816070556640625,23.921070098876953
2012-09-13T00:00:00Z,24.19178581237793,24.39214324951172
2012-09-14T00:00:00Z,24.641429901123047,24.68857192993164
2012-09-17T00:00:00Z,24.97678565979004,24.992143630981445
2012-09-18T00:00:00Z,24.99571418762207,25.068214416503906
2012-09-19T00:00:00Z,25.009286880493164,25.075000762939453
2012-09-20T00:00:00Z,24.969999313354492,24.953571319580078
2012-09-21T00:00:00Z,25.086071014404297,25.00321388244629
2012-09-24T00:00:00Z,24.53071403503418,24.671070098876953
2012-09-25T00:00:00Z,24.580713272094727,24.05500030517578
2012-09-26T00:00:00Z,23.88357162475586,23.75642967224121
2012-09-27T00:00:00Z,23.72464370727539,24.332857131958008
2012-09-28T00:00:00Z,24.241071701049805,23.825000762939453
2012-10-01T00:00:00Z,23.969999313354492,23.54964256286621
2012-10-02T00:00:00Z,23.636070251464844,23.618213653564453
2012-10-03T00:00:00Z,23.7450008392334,23.980356216430664
2012-10-04T00:00:00Z,23.97321319580078,23.814285278320312
2012-10-05T00:00:00Z,23.757143020629883,23.306785583496094
2012-10-08T00:00:00Z,23.10285758972168,22.791786193847656
2012-10-09T00:00:00Z,22.808929443359375,22.70892906188965
2012-10-10T00:00:00Z,22.847856521606445,22.8896427154541
2012-10-11T00:00:00Z,23.08928680419922,22.43214225769043
2012-10-12T00:00:00Z,22.484285354614258,22.489643096923828
2012-10-15T00:00:00Z,22.58392906188965,22.670000076293945
2012-10-16T00:00:00Z,22.69178581237793,23.206785202026367
2012-10-17T00:00:00Z,23.17392921447754,23.021785736083984
2012-10-18T00:00:00Z,22.842500686645508,22.59428596496582
2012-10-19T00:00:00Z,22.537500381469727,21.780000686645508
2012-10-22T00:00:00Z,21.872142791748047,22.64392852783203
2012-10-23T00:00:00Z,22.53571319580078,21.90571403503418
2012-10-24T00:00:00Z,22.194286346435547,22.02964210510254
2012-10-25T00:00:00Z,22.14285659790039,21.769285202026367
2012-10-26T00:00:00Z,21.765356063842773,21.571428298950195
2012-10-31T00:00:00Z,21.24571418762207,21.261428833007812
2012-11-01T00:00:00Z,21.364999771118164,21.30500030517578
2012-11-02T00:00:00Z,21.28178596496582,20.600000381469727
2012-11-05T00:00:00Z,20.84000015258789,20.87928581237793
2012-11-06T00:00:00Z,21.07964324951172,20.816070556640625
2012-11-07T00:00:00Z,20.494285583496094,19.928571701049805
2012-11-08T00:00:00Z,20.022499084472656,19.20535659790039
2012-11-09T00:00:00Z,19.30071449279785,19.537857055664062
2012-11-12T00:00:00Z,19.79107093811035,19.38678550720215
2012-11-13T00:00:00Z,19.24678611755371,19.389286041259766
2012-11-14T00:00:00Z,19.48214340209961,19.174285888671875
2012-11-15T00:00:00Z,19.197500228881836,18.77214241027832
2012-11-16T00:00:00Z,18.757143020629883,18.845714569091797
2012-11-19T00:00:00Z,19.311071395874023,20.20464324951172
2012-11-20T00:00:00Z,20.425357818603516,20.032499313354492
2012-11-21T00:00:00Z,20.15178680419922,20.060714721679688
2012-11-23T00:00:00Z,20.256071090698242,20.41071319580078
2012-11-26T00:00:00Z,20.56785774230957,21.054643630981445
2012-11-27T00:00:00Z,21.055356979370117,20.885000228881836
2012-11-28T00:00:00Z,20.616785049438477,20.819286346435547
2012-11-29T00:00:00Z,21.079286575317383,21.04857063293457
2012-11-30T00:00:00Z,20.956785202026367,20.902856826782227
2012-12-03T00:00:00Z,21.201786041259766,20.93535614013672
2012-12-04T00:00:00Z,20.7785701751709,20.566070556640625
2012-12-05T00:00:00Z,20.318214416503906,19.24250030517578
2012-12-06T00:00:00Z,18.890714645385742,19.544286727905273
2012-12-07T00:00:00Z,19.764286041259766,19.04464340209961
2012-12-10T00:00:00Z,18.75,18.922143936157227
2012-12-11T00:00:00Z,19.27750015258789,19.335357666015625
2012-12-12T00:00:00Z,19.563213348388672,19.25
2012-12-13T00:00:00Z,18.969642639160156,18.917499542236328
2012-12-14T00:00:00Z,18.383928298950195,18.206785202026367
2012-12-17T00:00:00Z,18.176071166992188,18.52964210510254
2012-12-18T00:00:00Z,18.75,19.06785774230957
2012-12-19T00:00:00Z,18.98107147216797,18.796785354614258
2012-12-20T00:00:00Z,18.928571701049805,18.633214950561523
2012-12-21T00:00:00Z,18.302499771118164,18.547500610351562
2012-12-24T00:00:00Z,18.58392906188965,18.577499389648438
2012-12-26T00:00:00Z,18.53571319580078,18.321428298950195
2012-12-27T00:00:00Z,18.340713500976562,18.395000457763672
2012-12-28T00:00:00Z,18.22464370727539,18.199642181396484
2012-12-31T00:00:00Z,18.233213424682617,19.006071090698242
2013-01-02T00:00:00Z,19.779285430908203,19.608213424682617
2013-01-03T00:00:00Z,19.567142486572266,19.360713958740234
2013-01-04T00:00:00Z,19.177499771118164,18.821428298950195
2013-01-07T00:00:00Z,18.64285659790039,18.71071434020996
2013-01-08T00:00:00Z,18.90035629272461,18.761070251464844
2013-01-09T00:00:00Z,18.66071319580078,18.467857360839844
2013-01-10T00:00:00Z,18.876785278320312,18.696786880493164
2013-01-11T00:00:00Z,18.60714340209961,18.582143783569336
2013-01-14T00:00:00Z,17.952856063842773,17.91964340209961
2013-01-15T00:00:00Z,17.796428680419922,17.354286193847656
2013-01-16T00:00:00Z,17.665714263916016,18.074642181396484
2013-01-17T00:00:00Z,18.225357055664062,17.952856063842773
2013-01-18T00:00:00Z,17.804285049438477,17.85714340209961
2013-01-22T00:00:00Z,18.020000457763672,18.02750015258789
2013-01-23T00:00:00Z,18.171785354614258,18.357500076293945
2013-01-24T00:00:00Z,16.428571701049805,16.08928680419922
2013-01-25T00:00:00Z,16.131786346435547,15.710000038146973
2013-01-28T00:00:00Z,15.636786460876465,16.065357208251953
2013-01-29T00:00:00Z,16.375,16.366785049438477
2013-01-30T00:00:00Z,16.321428298950195,16.315357208251953
2013-01-31T00:00:00Z,16.320714950561523,16.267499923706055
2013-02-01T00:00:00Z,16.396785736083984,16.200714111328125
2013-02-04T00:00:00Z,16.211071014404297,15.79714298248291
2013-02-05T00:00:00Z,15.858928680419922,16.351428985595703
2013-02-06T00:00:00Z,16.302499771118164,16.33392906188965
2013-02-07T00:00:00Z,16.54464340209961,16.722143173217773
2013-02-08T00:00:00Z,16.928571701049805,16.963571548461914
2013-02-11T00:00:00Z,17.01785659790039,17.140356063842773
2013-02-12T00:00:00Z,17.125356674194336,16.71071434020996
2013-02-13T00:00:00Z,16.686071395874023,16.67892837524414
2013-02-14T00:00:00Z,16.59000015258789,16.663928985595703
2013-02-15T00:00:00Z,16.74464225769043,16.43428611755371
2013-02-19T00:00:00Z,16.467857360839844,16.428213119506836
2013-02-20T00:00:00Z,16.346071243286133,16.030357360839844
2013-02-21T00:00:00Z,15.928570747375488,15.930713653564453
2013-02-22T00:00:00Z,16.04464340209961,16.100357055664062
2013-02-25T00:00:00Z,16.20892906188965,15.814286231994629
2013-02-26T00:00:00Z,15.850713729858398,16.034643173217773
2013-02-27T00:00:00Z,16.015356063842773,15.8774995803833
2013-02-28T00:00:00Z,15.858928680419922,15.764286041259766
2013-03-01T00:00:00Z,15.64285659790039,15.373929023742676
2013-03-04T00:00:00Z,15.278571128845215,15.001786231994629
2013-03-05T00:00:00Z,15.052857398986816,15.397856712341309
2013-03-06T00:00:00Z,15.518214225769043,15.202142715454102
2013-03-07T00:00:00Z,15.160714149475098,15.377857208251953
2013-03-08T00:00:00Z,15.350000381469727,15.418571472167969
2013-03-11T00:00:00Z,15.348214149475098,15.638214111328125
2013-03-12T00:00:00Z,15.557143211364746,15.301071166992188
2013-03-13T00:00:00Z,15.301786422729492,15.298213958740234
2013-03-14T00:00:00Z,15.458213806152344,15.446429252624512
2013-03-15T00:00:00Z,15.64035701751709,15.845000267028809
2013-03-18T00:00:00Z,15.766071319580078,16.275714874267578
2013-03-19T00:00:00Z,16.41071319580078,16.231786727905273
2013-03-20T00:00:00Z,16.336429595947266,16.145713806152344
2013-03-21T00:00:00Z,16.079286575317383,16.168928146362305
2013-03-22T00:00:00Z,16.235000610351562,16.49678611755371
2013-03-25T00:00:00Z,16.596071243286133,16.556428909301758
2013-03-26T00:00:00Z,16.62285614013672,16.46928596496582
2013-03-27T00:00:00Z,16.302143096923828,16.145713806152344
2013-03-28T00:00:00Z,16.065000534057617,15.809286117553711
2013-04-01T00:00:00Z,15.782142639160156,15.318214416503906
2013-04-02T00:00:00Z,15.271429061889648,15.349642753601074
2013-04-03T00:00:00Z,15.406070709228516,15.428214073181152
2013-04-04T00:00:00Z,15.491429328918457,15.275713920593262
2013-04-05T00:00:00Z,15.160714149475098,15.114286422729492
2013-04-08T00:00:00Z,15.173213958740234,15.221785545349121
2013-04-09T00:00:00Z,15.227143287658691,15.249285697937012
2013-04-10T00:00:00Z,15.289285659790039,15.560357093811035
2013-04-11T00:00:00Z,15.489999771118164,15.511786460876465
2013-04-12T00:00:00Z,15.505356788635254,15.350000381469727
2013-04-15T00:00:00Z,15.25,14.994643211364746
2013-04-16T00:00:00Z,15.056071281433105,15.222857475280762
2013-04-17T00:00:00Z,15.009642601013184,14.385713577270508
2013-04-18T00:00:00Z,14.463929176330566,14.001786231994629
2013-04-19T00:00:00Z,13.856071472167969,13.947500228881836
2013-04-22T00:00:00Z,14.022856712341309,14.238213539123535
2013-04-23T00:00:00Z,14.428214073181152,14.504643440246582
2013-04-24T00:00:00Z,14.055000305175781,14.480713844299316
2013-04-25T00:00:00Z,14.686785697937012,14.585000038146973
2013-04-26T00:00:00Z,14.63607120513916,14.899999618530273
2013-04-29T00:00:00Z,15.016071319580078,15.361429214477539
2013-04-30T00:00:00Z,15.539285659790039,15.813570976257324
2013-05-01T00:00:00Z,15.873571395874023,15.688928604125977
2013-05-02T00:00:00Z,15.777856826782227,15.911429405212402
2013-05-03T00:00:00Z,16.118213653564453,16.070714950561523
2013-05-06T00:00:00Z,16.27535629272461,16.453929901123047
2013-05-07T00:00:00Z,16.60607147216797,16.380714416503906
2013-05-08T00:00:00Z,16.394285202026367,16.56571388244629
2013-05-09T00:00:00Z,16.421785354614258,16.313213348388672
2013-05-10T00:00:00Z,16.35607147216797,16.177499771118164
2013-05-13T00:00:00Z,16.125356674194336,16.240713119506836
2013-05-14T00:00:00Z,16.20892906188965,15.852143287658691
2013-05-15T00:00:00Z,15.684286117553711,15.316070556640625
2013-05-16T00:00:00Z,15.115714073181152,15.520713806152344
2013-05-17T00:00:00Z,15.680356979370117,15.473570823669434
2013-05-20T00:00:00Z,15.4253568649292,15.818928718566895
2013-05-21T00:00:00Z,15.648214340209961,15.702142715454102
2013-05-22T00:00:00Z,15.858928680419922,15.762499809265137
2013-05-23T00:00:00Z,15.569643020629883,15.790714263916016
2013-05-24T00:00:00Z,15.744643211364746,15.898214340209961
2013-05-28T00:00:00Z,16.06785774230957,15.765713691711426
2013-05-29T00:00:00Z,15.714285850524902,15.891071319580078
2013-05-30T00:00:00Z,15.916070938110352,16.127857208251953
2013-05-31T00:00:00Z,16.16071319580078,16.061786651611328
2013-06-03T00:00:00Z,16.09749984741211,16.097143173217773
2013-06-04T00:00:00Z,16.18642807006836,16.046785354614258
2013-06-05T00:00:00Z,15.916070938110352,15.896785736083984
2013-06-06T00:00:00Z,15.909643173217773,15.659285545349121
2013-06-07T00:00:00Z,15.589285850524902,15.778928756713867
2013-06-10T00:00:00Z,15.883213996887207,15.674642562866211
2013-06-11T00:00:00Z,15.562143325805664,15.628570556640625
2013-06-12T00:00:00Z,15.696429252624512,15.435357093811035
2013-06-13T00:00:00Z,15.446429252624512,15.569999694824219
2013-06-14T00:00:00Z,15.550000190734863,15.358928680419922
2013-06-17T00:00:00Z,15.408571243286133,15.428570747375488
2013-06-18T00:00:00Z,15.412857055664062,15.420356750488281
2013-06-19T00:00:00Z,15.407142639160156,15.10714340209961
2013-06-20T00:00:00Z,14.975000381469727,14.8871431350708
2013-06-21T00:00:00Z,14.946070671081543,14.76785659790039
2013-06-24T00:00:00Z,14.550000190734863,14.376428604125977
2013-06-25T00:00:00Z,14.489286422729492,14.379643440246582
2013-06-26T00:00:00Z,14.425000190734863,14.21678638458252
2013-06-27T00:00:00Z,14.258929252624512,14.063570976257324
2013-06-28T00:00:00Z,13.977143287658691,14.161786079406738
2013-07-01T00:00:00Z,14.381786346435547,14.614999771118164
2013-07-02T00:00:00Z,14.64142894744873,14.946070671081543
2013-07-03T00:00:00Z,15.03071403503418,15.028571128845215
2013-07-05T00:00:00Z,15.01392936706543,14.907856941223145
2013-07-08T00:00:00Z,15.003929138183594,14.823213577270508
2013-07-09T00:00:00Z,14.771429061889648,15.083929061889648
2013-07-10T00:00:00Z,14.985713958740234,15.026070594787598
2013-07-11T00:00:00Z,15.10535717010498,15.260356903076172
2013-07-12T00:00:00Z,15.273214340209961,15.232500076293945
2013-07-15T00:00:00Z,15.178929328918457,15.265713691711426
2013-07-16T00:00:00Z,15.232856750488281,15.364286422729492
2013-07-17T00:00:00Z,15.346428871154785,15.368213653564453
2013-07-18T00:00:00Z,15.477856636047363,15.420000076293945
2013-07-19T00:00:00Z,15.467857360839844,15.176786422729492
2013-07-22T00:00:00Z,15.337857246398926,15.225357055664062
2013-07-23T00:00:00Z,15.214285850524902,14.963929176330566
2013-07-24T00:00:00Z,15.676071166992188,15.732500076293945
2013-07-25T00:00:00Z,15.739286422729492,15.660714149475098
2013-07-26T00:00:00Z,15.546428680419922,15.749643325805664
2013-07-29T00:00:00Z,15.742856979370117,15.992500305175781
2013-07-30T00:00:00Z,16.06999969482422,16.190000534057617
2013-07-31T00:00:00Z,16.249643325805664,16.161785125732422
2013-08-01T00:00:00Z,16.27678680419922,16.309999465942383
2013-08-02T00:00:00Z,16.357500076293945,16.519285202026367
2013-08-05T00:00:00Z,16.596071243286133,16.766071319580078
2013-08-06T00:00:00Z,16.71500015258789,16.616071701049805
2013-08-07T00:00:00Z,16.564285278320312,16.606428146362305
2013-08-08T00:00:00Z,16.566429138183594,16.464643478393555
2013-08-09T00:00:00Z,16.3799991607666,16.230356216430664
2013-08-12T00:00:00Z,16.316429138183594,16.691429138183594
2013-08-13T00:00:00Z,16.819286346435547,17.484643936157227
2013-08-14T00:00:00Z,17.781429290771484,17.803571701049805
2013-08-15T00:00:00Z,17.729286193847656,17.782499313354492
2013-08-16T00:00:00Z,17.862499237060547,17.940357208251953
2013-08-19T00:00:00Z,18.012142181396484,18.13357162475586
2013-08-20T00:00:00Z,18.203929901123047,17.895357131958008
2013-08-21T00:00:00Z,17.9853572845459,17.941429138183594
2013-08-22T00:00:00Z,18.03499984741211,17.96285629272461
2013-08-23T00:00:00Z,17.973928451538086,17.893571853637695
2013-08-26T00:00:00Z,17.883928298950195,17.963214874267578
2013-08-27T00:00:00Z,17.78571319580078,17.449642181396484
2013-08-28T00:00:00Z,17.35714340209961,17.532142639160156
2013-08-29T00:00:00Z,17.558929443359375,17.560714721679688
2013-08-30T00:00:00Z,17.571428298950195,17.400714874267578
2013-09-03T00:00:00Z,17.610713958740234,17.44928550720215
2013-09-04T00:00:00Z,17.841428756713867,17.81035614013672
2013-09-05T00:00:00Z,17.866071701049805,17.688213348388672
2013-09-06T00:00:00Z,17.801429748535156,17.79357147216797
2013-09-09T00:00:00Z,18.03571319580078,18.077499389648438
2013-09-10T00:00:00Z,18.078571319580078,17.665714263916016
2013-09-11T00:00:00Z,16.67892837524414,16.703929901123047
2013-09-12T00:00:00Z,16.73214340209961,16.881786346435547
2013-09-13T00:00:00Z,16.762142181396484,16.60357093811035
2013-09-16T00:00:00Z,16.46428680419922,16.075714111328125
2013-09-17T00:00:00Z,15.998571395874023,16.261428833007812
2013-09-18T00:00:00Z,16.542142868041992,16.595714569091797
2013-09-19T00:00:00Z,16.810714721679688,16.867856979370117
2013-09-20T00:00:00Z,17.071428298950195,16.693214416503906
2013-09-23T00:00:00Z,17.717857360839844,17.522857666015625
2013-09-24T00:00:00Z,17.674285888671875,17.467857360839844
2013-09-25T00:00:00Z,17.4714298248291,17.197500228881836
2013-09-26T00:00:00Z,17.35714340209961,17.364999771118164
2013-09-27T00:00:00Z,17.277856826782227,17.241071701049805
2013-09-30T00:00:00Z,17.04464340209961,17.02678680419922
2013-10-01T00:00:00Z,17.087499618530273,17.427143096923828
2013-10-02T00:00:00Z,17.343929290771484,17.484285354614258
2013-10-03T00:00:00Z,17.518213272094727,17.2646427154541
2013-10-04T00:00:00Z,17.28071403503418,17.25107192993164
2013-10-07T00:00:00Z,17.37714385986328,17.41964340209961
2013-10-08T00:00:00Z,17.49785614013672,17.176429748535156
2013-10-09T00:00:00Z,17.308570861816406,17.37821388244629
2013-10-10T00:00:00Z,17.547143936157227,17.48714256286621
2013-10-11T00:00:00Z,17.392499923706055,17.600357055664062
2013-10-14T00:00:00Z,17.493928909301758,17.715713500976562
2013-10-15T00:00:00Z,17.768213272094727,17.809999465942383
2013-10-16T00:00:00Z,17.885356903076172,17.896785736083984
2013-10-17T00:00:00Z,17.856428146362305,18.01785659790039
2013-10-18T00:00:00Z,18.07107162475586,18.17464256286621
2013-10-21T00:00:00Z,18.27750015258789,18.6200008392334
2013-10-22T00:00:00Z,18.800357818603516,18.56678581237793
2013-10-23T00:00:00Z,18.53571319580078,18.748571395874023
2013-10-24T00:00:00Z,18.75,18.99678611755371
2013-10-25T00:00:00Z,18.9757137298584,18.784286499023438
2013-10-28T00:00:00Z,18.894285202026367,18.924285888671875
2013-10-29T00:00:00Z,19.15250015258789,18.452856063842773
2013-10-30T00:00:00Z,18.5575008392334,18.746429443359375
2013-10-31T00:00:00Z,18.75,18.667856216430664
2013-11-01T00:00:00Z,18.71500015258789,18.572500228881836
2013-11-04T00:00:00Z,18.610713958740234,18.8125
2013-11-05T00:00:00Z,18.735000610351562,18.766071319580078
2013-11-06T00:00:00Z,18.719642639160156,18.604286193847656
2013-11-07T00:00:00Z,18.556428909301758,18.303213119506836
2013-11-08T00:00:00Z,18.377857208251953,18.591428756713867
2013-11-11T00:00:00Z,18.57107162475586,18.537500381469727
2013-11-12T00:00:00Z,18.48821449279785,18.571786880493164
2013-11-13T00:00:00Z,18.5,18.593929290771484
2013-11-14T00:00:00Z,18.671785354614258,18.862857818603516
2013-11-15T00:00:00Z,18.806428909301758,18.749643325805664
2013-11-18T00:00:00Z,18.749643325805664,18.522499084472656
2013-11-19T00:00:00Z,18.536785125732422,18.555356979370117
2013-11-20T00:00:00Z,18.543928146362305,18.39285659790039
2013-11-21T00:00:00Z,18.485713958740234,18.61214256286621
2013-11-22T00:00:00Z,18.554285049438477,18.564285278320312
2013-11-25T00:00:00Z,18.60785675048828,18.704999923706055
2013-11-26T00:00:00Z,18.718570709228516,19.049999237060547
2013-11-27T00:00:00Z,19.153928756713867,19.498571395874023
2013-11-29T00:00:00Z,19.624286651611328,19.859643936157227
2013-12-02T00:00:00Z,19.928571701049805,19.686786651611328
2013-12-03T00:00:00Z,19.939285278320312,20.2257137298584
2013-12-04T00:00:00Z,20.196428298950195,20.178571701049805
2013-12-05T00:00:00Z,20.451786041259766,20.282142639160156
2013-12-06T00:00:00Z,20.206785202026367,20.000713348388672
2013-12-09T00:00:00Z,20.032142639160156,20.229642868041992
2013-12-10T00:00:00Z,20.127857208251953,20.198213577270508
2013-12-11T00:00:00Z,20.25,20.04857063293457
2013-12-12T00:00:00Z,20.07642936706543,20.019285202026367
2013-12-13T00:00:00Z,20.10178565979004,19.801071166992188
2013-12-16T00:00:00Z,19.8221435546875,19.91071319580078
2013-12-17T00:00:00Z,19.850357055664062,19.82107162475586
2013-12-18T00:00:00Z,19.632143020629883,19.67035675048828
2013-12-19T00:00:00Z,19.625,19.44499969482422
2013-12-20T00:00:00Z,19.479642868041992,19.60785675048828
2013-12-23T00:00:00Z,20.28571319580078,20.3603572845459
2013-12-24T00:00:00Z,20.353214263916016,20.273929595947266
2013-12-26T00:00:00Z,20.28928565979004,20.139286041259766
2013-12-27T00:00:00Z,20.136428833007812,20.00321388244629
2013-12-30T00:00:00Z,19.909286499023438,19.804285049438477
2013-12-31T00:00:00Z,19.791786193847656,20.036428451538086
2014-01-02T00:00:00Z,19.845714569091797,19.754642486572266
2014-01-03T00:00:00Z,19.7450008392334,19.320714950561523
2014-01-06T00:00:00Z,19.194643020629883,19.426071166992188
2014-01-07T00:00:00Z,19.440000534057617,19.28714370727539
2014-01-08T00:00:00Z,19.243213653564453,19.409286499023438
2014-01-09T00:00:00Z,19.5285701751709,19.161428451538086
2014-01-10T00:00:00Z,19.27964210510254,19.033571243286133
2014-01-13T00:00:00Z,18.925357818603516,19.133214950561523
2014-01-14T00:00:00Z,19.222143173217773,19.51392936706543
2014-01-15T00:00:00Z,19.768571853637695,19.90571403503418
2014-01-16T00:00:00Z,19.81785774230957,19.79464340209961
2014-01-17T00:00:00Z,19.695714950561523,19.309642791748047
2014-01-21T00:00:00Z,19.32107162475586,19.609643936157227
2014-01-22T00:00:00Z,19.675357818603516,19.696786880493164
2014-01-23T00:00:00Z,19.640714645385742,19.863571166992188
2014-01-24T00:00:00Z,19.78571319580078,19.502500534057617
2014-01-27T00:00:00Z,19.645357131958008,19.66071319580078
2014-01-28T00:00:00Z,18.170000076293945,18.08928680419922
2014-01-29T00:00:00Z,17.998214721679688,17.883928298950195
2014-01-30T00:00:00Z,17.947856903076172,17.849285125732422
2014-01-31T00:00:00Z,17.684999465942383,17.878570556640625
2014-02-03T00:00:00Z,17.95035743713379,17.911785125732422
2014-02-04T00:00:00Z,18.066070556640625,18.171070098876953
2014-02-05T00:00:00Z,18.091428756713867,18.306785583496094
2014-02-06T00:00:00Z,18.216428756713867,18.30392837524414
2014-02-07T00:00:00Z,18.62071418762207,18.559999465942383
2014-02-10T00:00:00Z,18.523571014404297,18.892499923706055
2014-02-11T00:00:00Z,18.95035743713379,19.141429901123047
2014-02-12T00:00:00Z,19.176786422729492,19.139999389648438
2014-02-13T00:00:00Z,19.094999313354492,19.44392967224121
2014-02-14T00:00:00Z,19.37392807006836,19.428213119506836
2014-02-18T00:00:00Z,19.5,19.499643325805664
2014-02-19T00:00:00Z,19.45535659790039,19.19178581237793
2014-02-20T00:00:00Z,19.035356521606445,18.969642639160156
2014-02-21T00:00:00Z,19.028213500976562,18.758928298950195
2014-02-24T00:00:00Z,18.683929443359375,18.8410701751709
2014-02-25T00:00:00Z,18.906429290771484,18.645000457763672
2014-02-26T00:00:00Z,18.70035743713379,18.47678565979004
2014-02-27T00:00:00Z,18.46928596496582,18.84535789489746
2014-02-28T00:00:00Z,18.895713806152344,18.794286727905273
2014-03-03T00:00:00Z,18.693571090698242,18.84857177734375
2014-03-04T00:00:00Z,18.96428680419922,18.972856521606445
2014-03-05T00:00:00Z,18.961429595947266,19.01285743713379
2014-03-06T00:00:00Z,19.028213500976562,18.95535659790039
2014-03-07T00:00:00Z,18.967500686645508,18.944286346435547
2014-03-10T00:00:00Z,18.8700008392334,18.961429595947266
2014-03-11T00:00:00Z,19.123214721679688,19.14607048034668
2014-03-12T00:00:00Z,19.089643478393555,19.164642333984375
2014-03-13T00:00:00Z,19.194286346435547,18.951786041259766
2014-03-14T00:00:00Z,18.885356903076172,18.738929748535156
2014-03-17T00:00:00Z,18.8464298248291,18.812143325805664
2014-03-18T00:00:00Z,18.782142639160156,18.97857093811035
2014-03-19T00:00:00Z,19.009286880493164,18.97357177734375
2014-03-20T00:00:00Z,18.92464256286621,18.882143020629883
2014-03-21T00:00:00Z,18.997499465942383,19.031070709228516
2014-03-24T00:00:00Z,19.229286193847656,19.256786346435547
2014-03-25T00:00:00Z,19.33928680419922,19.46392822265625
2014-03-26T00:00:00Z,19.518571853637695,19.277856826782227
2014-03-27T00:00:00Z,19.286428451538086,19.19499969482422
2014-03-28T00:00:00Z,19.2257137298584,19.17357063293457
2014-03-31T00:00:00Z,19.258214950561523,19.169286727905273
2014-04-01T00:00:00Z,19.205713272094727,19.344642639160156
2014-04-02T00:00:00Z,19.37071418762207,19.376785278320312
2014-04-03T00:00:00Z,19.335357666015625,19.24250030517578
2014-04-04T00:00:00Z,19.278928756713867,18.99357032775879
2014-04-07T00:00:00Z,18.85785675048828,18.695356369018555
2014-04-08T00:00:00Z,18.756786346435547,18.694286346435547
2014-04-09T00:00:00Z,18.665714263916016,18.940000534057617
2014-04-10T00:00:00Z,18.952856063842773,18.695714950561523
2014-04-11T00:00:00Z,18.53571319580078,18.5575008392334
2014-04-14T00:00:00Z,18.639286041259766,18.63142967224121
2014-04-15T00:00:00Z,18.581071853637695,18.498571395874023
2014-04-16T00:00:00Z,18.501785278320312,18.53607177734375
2014-04-17T00:00:00Z,18.571428298950195,18.74785614013672
2014-04-21T00:00:00Z,18.762142181396484,18.97035789489746
2014-04-22T00:00:00Z,18.868213653564453,18.989286422729492
2014-04-23T00:00:00Z,18.895000457763672,18.741071701049805
2014-04-24T00:00:00Z,20.293214797973633,20.27750015258789
2014-04-25T00:00:00Z,20.161785125732422,20.426429748535156
2014-04-28T00:00:00Z,20.457143783569336,21.217500686645508
2014-04-29T00:00:00Z,21.204999923706055,21.15464210510254
2014-04-30T00:00:00Z,21.165714263916016,21.074642181396484
2014-05-01T00:00:00Z,21.14285659790039,21.124286651611328
2014-05-02T00:00:00Z,21.155000686645508,21.163570404052734
2014-05-05T00:00:00Z,21.07642936706543,21.46285629272461
2014-05-06T00:00:00Z,21.492856979370117,21.22892951965332
2014-05-07T00:00:00Z,21.258928298950195,21.15464210510254
2014-05-08T00:00:00Z,21.008928298950195,20.999643325805664
2014-05-09T00:00:00Z,20.876428604125977,20.91214370727539
2014-05-12T00:00:00Z,20.981786727905273,21.172500610351562
2014-05-13T00:00:00Z,21.14285659790039,21.205713272094727
2014-05-14T00:00:00Z,21.158214569091797,21.20964241027832
2014-05-15T00:00:00Z,21.239286422729492,21.029285430908203
2014-05-16T00:00:00Z,21.022499084472656,21.339643478393555
2014-05-19T00:00:00Z,21.35178565979004,21.592500686645508
2014-05-20T00:00:00Z,21.589643478393555,21.596786499023438
2014-05-21T00:00:00Z,21.565357208251953,21.653928756713867
2014-05-22T00:00:00Z,21.66428565979004,21.688213348388672
2014-05-23T00:00:00Z,21.6875,21.93321418762207
2014-05-27T00:00:00Z,21.99571418762207,22.343929290771484
2014-05-28T00:00:00Z,22.35785675048828,22.28607177734375
2014-05-29T00:00:00Z,22.423213958740234,22.692142486572266
2014-05-30T00:00:00Z,22.78499984741211,22.60714340209961
2014-06-02T00:00:00Z,22.641429901123047,22.451786041259766
2014-06-03T00:00:00Z,22.44499969482422,22.769285202026367
2014-06-04T00:00:00Z,22.765714645385742,23.029285430908203
2014-06-05T00:00:00Z,23.078571319580078,23.11964225769043
2014-06-06T00:00:00Z,23.21071434020996,23.05607032775879
2014-06-09T00:00:00Z,23.174999237060547,23.424999237060547
2014-06-10T00:00:00Z,23.6825008392334,23.5625
2014-06-11T00:00:00Z,23.532499313354492,23.46500015258789
2014-06-12T00:00:00Z,23.510000228881836,23.072500228881836
2014-06-13T00:00:00Z,23.049999237060547,22.81999969482422
2014-06-16T00:00:00Z,22.877500534057617,23.049999237060547
2014-06-17T00:00:00Z,23.077499389648438,23.020000457763672
2014-06-18T00:00:00Z,23.0674991607666,23.045000076293945
2014-06-19T00:00:00Z,23.072500228881836,22.96500015258789
2014-06-20T00:00:00Z,22.962499618530273,22.727500915527344
2014-06-23T00:00:00Z,22.829999923706055,22.707500457763672
2014-06-24T00:00:00Z,22.6875,22.56999969482422
2014-06-25T00:00:00Z,22.552499771118164,22.59000015258789
2014-06-26T00:00:00Z,22.592500686645508,22.725000381469727
2014-06-27T00:00:00Z,22.704999923706055,22.9950008392334
2014-06-30T00:00:00Z,23.024999618530273,23.232500076293945
2014-07-01T00:00:00Z,23.3799991607666,23.3799991607666
2014-07-02T00:00:00Z,23.467500686645508,23.3700008392334
2014-07-03T00:00:00Z,23.417499542236328,23.50749969482422
2014-07-07T00:00:00Z,23.53499984741211,23.99250030517578
2014-07-08T00:00:00Z,24.0674991607666,23.837499618530273
2014-07-09T00:00:00Z,23.860000610351562,23.84749984741211
2014-07-10T00:00:00Z,23.440000534057617,23.760000228881836
2014-07-11T00:00:00Z,23.84000015258789,23.80500030517578
2014-07-14T00:00:00Z,23.96500015258789,24.112499237060547
2014-07-15T00:00:00Z,24.200000762939453,23.829999923706055
2014-07-16T00:00:00Z,24.24250030517578,23.69499969482422
2014-07-17T00:00:00Z,23.75749969482422,23.272499084472656
2014-07-18T00:00:00Z,23.405000686645508,23.607500076293945
2014-07-21T00:00:00Z,23.747499465942383,23.485000610351562
2014-07-22T00:00:00Z,23.670000076293945,23.68000030517578
2014-07-23T00:00:00Z,23.854999542236328,24.297500610351562
2014-07-24T00:00:00Z,24.260000228881836,24.25749969482422
2014-07-25T00:00:00Z,24.212499618530273,24.417499542236328
2014-07-28T00:00:00Z,24.454999923706055,24.7549991607666
2014-07-29T00:00:00Z,24.832500457763672,24.594999313354492
2014-07-30T00:00:00Z,24.610000610351562,24.537500381469727
2014-07-31T00:00:00Z,24.290000915527344,23.899999618530273
2014-08-01T00:00:00Z,23.725000381469727,24.032499313354492
2014-08-04T00:00:00Z,24.092500686645508,23.897499084472656
2014-08-05T00:00:00Z,23.84000015258789,23.780000686645508
2014-08-06T00:00:00Z,23.6875,23.739999771118164
2014-08-07T00:00:00Z,23.732500076293945,23.6200008392334
2014-08-08T00:00:00Z,23.565000534057617,23.684999465942383
2014-08-11T00:00:00Z,23.8174991607666,23.997499465942383
2014-08-12T00:00:00Z,24.010000228881836,23.99250030517578
2014-08-13T00:00:00Z,24.037500381469727,24.309999465942383
2014-08-14T00:00:00Z,24.332500457763672,24.375
2014-08-15T00:00:00Z,24.475000381469727,24.4950008392334
2014-08-18T00:00:00Z,24.622499465942383,24.790000915527344
2014-08-19T00:00:00Z,24.852500915527344,25.13249969482422
2014-08-20T00:00:00Z,25.110000610351562,25.142499923706055
2014-08-21T00:00:00Z,25.142499923706055,25.145000457763672
2014-08-22T00:00:00Z,25.072500228881836,25.329999923706055
2014-08-25T00:00:00Z,25.447500228881836,25.385000228881836
2014-08-26T00:00:00Z,25.354999542236328,25.22249984741211
2014-08-27T00:00:00Z,25.2549991607666,25.532499313354492
2014-08-28T00:00:00Z,25.397499084472656,25.5625
2014-08-29T00:00:00Z,25.71500015258789,25.625
2014-09-02T00:00:00Z,25.764999389648438,25.825000762939453
2014-09-03T00:00:00Z,25.774999618530273,24.735000610351562
2014-09-04T00:00:00Z,24.712499618530273,24.530000686645508
2014-09-05T00:00:00Z,24.700000762939453,24.74250030517578
2014-09-08T00:00:00Z,24.825000762939453,24.59000015258789
2014-09-09T00:00:00Z,24.770000457763672,24.497499465942383
2014-09-10T00:00:00Z,24.502500534057617,25.25
2014-09-11T00:00:00Z,25.102500915527344,25.357500076293945
2014-09-12T00:00:00Z,25.302499771118164,25.415000915527344
2014-09-15T00:00:00Z,25.702499389648438,25.407499313354492
2014-09-16T00:00:00Z,24.950000762939453,25.21500015258789
2014-09-17T00:00:00Z,25.3174991607666,25.395000457763672
2014-09-18T00:00:00Z,25.482500076293945,25.447500228881836
2014-09-19T00:00:00Z,25.572500228881836,25.239999771118164
2014-09-22T00:00:00Z,25.450000762939453,25.264999389648438
2014-09-23T00:00:00Z,25.149999618530273,25.65999984741211
2014-09-24T00:00:00Z,25.540000915527344,25.4375
2014-09-25T00:00:00Z,25.127500534057617,24.467500686645508
2014-09-26T00:00:00Z,24.63249969482422,25.1875
2014-09-29T00:00:00Z,24.662500381469727,25.02750015258789
2014-09-30T00:00:00Z,25.202499389648438,25.1875
2014-10-01T00:00:00Z,25.147499084472656,24.795000076293945
2014-10-02T00:00:00Z,24.8174991607666,24.975000381469727
2014-10-03T00:00:00Z,24.860000610351562,24.905000686645508
2014-10-06T00:00:00Z,24.987499237060547,24.905000686645508
2014-10-07T00:00:00Z,24.857500076293945,24.6875
2014-10-08T00:00:00Z,24.690000534057617,25.200000762939453
2014-10-09T00:00:00Z,25.385000228881836,25.2549991607666
2014-10-10T00:00:00Z,25.172500610351562,25.1825008392334
2014-10-13T00:00:00Z,25.332500457763672,24.952499389648438
2014-10-14T00:00:00Z,25.09749984741211,24.6875
2014-10-15T00:00:00Z,24.49250030517578,24.385000228881836
2014-10-16T00:00:00Z,23.887500762939453,24.065000534057617
2014-10-17T00:00:00Z,24.375,24.417499542236328
2014-10-20T00:00:00Z,24.579999923706055,24.940000534057617
2014-10-21T00:00:00Z,25.7549991607666,25.61750030517578
2014-10-22T00:00:00Z,25.709999084472656,25.747499465942383
2014-10-23T00:00:00Z,26.020000457763672,26.207500457763672
2014-10-24T00:00:00Z,26.295000076293945,26.30500030517578
2014-10-27T00:00:00Z,26.212499618530273,26.27750015258789
2014-10-28T00:00:00Z,26.350000381469727,26.684999465942383
2014-10-29T00:00:00Z,26.662500381469727,26.834999084472656
2014-10-30T00:00:00Z,26.739999771118164,26.7450008392334
2014-10-31T00:00:00Z,27.002500534057617,27.0
2014-11-03T00:00:00Z,27.05500030517578,27.350000381469727
2014-11-04T00:00:00Z,27.34000015258789,27.149999618530273
2014-11-05T00:00:00Z,27.274999618530273,27.21500015258789
2014-11-06T00:00:00Z,27.149999618530273,27.174999237060547
2014-11-07T00:00:00Z,27.1875,27.252500534057617
2014-11-10T00:00:00Z,27.2549991607666,27.207500457763672
2014-11-11T00:00:00Z,27.174999237060547,27.424999237060547
2014-11-12T00:00:00Z,27.344999313354492,27.8125
2014-11-13T00:00:00Z,27.950000762939453,28.204999923706055
2014-11-14T00:00:00Z,28.287500381469727,28.545000076293945
2014-11-17T00:00:00Z,28.5674991607666,28.497499465942383
2014-11-18T00:00:00Z,28.485000610351562,28.86750030517578
2014-11-19T00:00:00Z,28.860000610351562,28.667499542236328
2014-11-20T00:00:00Z,28.727500915527344,29.077499389648438
2014-11-21T00:00:00Z,29.377500534057617,29.11750030517578
2014-11-24T00:00:00Z,29.212499618530273,29.657499313354492
2014-11-25T00:00:00Z,29.767499923706055,29.399999618530273
2014-11-26T00:00:00Z,29.485000610351562,29.75
2014-11-28T00:00:00Z,29.8174991607666,29.732500076293945
2014-12-01T00:00:00Z,29.702499389648438,28.767499923706055
2014-12-02T00:00:00Z,28.375,28.657499313354492
2014-12-03T00:00:00Z,28.9375,28.982500076293945
2014-12-04T00:00:00Z,28.9424991607666,28.872499465942383
2014-12-05T00:00:00Z,28.997499465942383,28.75
2014-12-08T00:00:00Z,28.524999618530273,28.100000381469727
2014-12-09T00:00:00Z,27.547500610351562,28.530000686645508
2014-12-10T00:00:00Z,28.602500915527344,27.987499237060547
2014-12-11T00:00:00Z,28.065000534057617,27.905000686645508
2014-12-12T00:00:00Z,27.614999771118164,27.4325008392334
2014-12-15T00:00:00Z,27.674999237060547,27.0575008392334
2014-12-16T00:00:00Z,26.592500686645508,26.6875
2014-12-17T00:00:00Z,26.780000686645508,27.352500915527344
2014-12-18T00:00:00Z,27.967500686645508,28.162500381469727
2014-12-19T00:00:00Z,28.065000534057617,27.94499969482422
2014-12-22T00:00:00Z,28.040000915527344,28.235000610351562
2014-12-23T00:00:00Z,28.3075008392334,28.135000228881836
2014-12-24T00:00:00Z,28.145000457763672,28.002500534057617
2014-12-26T00:00:00Z,28.024999618530273,28.497499465942383
2014-12-29T00:00:00Z,28.447500228881836,28.477500915527344
2014-12-30T00:00:00Z,28.40999984741211,28.1299991607666
2014-12-31T00:00:00Z,28.204999923706055,27.594999313354492
2015-01-02T00:00:00Z,27.84749984741211,27.332500457763672
2015-01-05T00:00:00Z,27.072500228881836,26.5625
2015-01-06T00:00:00Z,26.635000228881836,26.565000534057617
2015-01-07T00:00:00Z,26.799999237060547,26.9375
2015-01-08T00:00:00Z,27.3075008392334,27.97249984741211
2015-01-09T00:00:00Z,28.167499542236328,28.002500534057617
2015-01-12T00:00:00Z,28.149999618530273,27.3125
2015-01-13T00:00:00Z,27.857500076293945,27.55500030517578
2015-01-14T00:00:00Z,27.260000228881836,27.450000762939453
2015-01-15T00:00:00Z,27.5,26.704999923706055
2015-01-16T00:00:00Z,26.75749969482422,26.497499465942383
2015-01-20T00:00:00Z,26.959999084472656,27.18000030517578
2015-01-21T00:00:00Z,27.237499237060547,27.387500762939453
2015-01-22T00:00:00Z,27.565000534057617,28.100000381469727
2015-01-23T00:00:00Z,28.075000762939453,28.2450008392334
2015-01-26T00:00:00Z,28.434999465942383,28.274999618530273
2015-01-27T00:00:00Z,28.104999542236328,27.28499984741211
2015-01-28T00:00:00Z,29.407499313354492,28.827499389648438
2015-01-29T00:00:00Z,29.079999923706055,29.725000381469727
2015-01-30T00:00:00Z,29.600000381469727,29.290000915527344
2015-02-02T00:00:00Z,29.512500762939453,29.657499313354492
2015-02-03T00:00:00Z,29.625,29.662500381469727
2015-02-04T00:00:00Z,29.625,29.889999389648438
2015-02-05T00:00:00Z,30.0049991607666,29.985000610351562
2015-02-06T00:00:00Z,30.0049991607666,29.732500076293945
2015-02-09T00:00:00Z,29.637500762939453,29.93000030517578
2015-02-10T00:00:00Z,30.042499542236328,30.5049991607666
2015-02-11T00:00:00Z,30.6924991607666,31.219999313354492
2015-02-12T00:00:00Z,31.514999389648438,31.614999771118164
2015-02-13T00:00:00Z,31.81999969482422,31.770000457763672
2015-02-17T00:00:00Z,31.872499465942383,31.957500457763672
2015-02-18T00:00:00Z,31.907499313354492,32.18000030517578
2015-02-19T00:00:00Z,32.119998931884766,32.11249923706055
2015-02-20T00:00:00Z,32.154998779296875,32.375
2015-02-23T00:00:00Z,32.505001068115234,33.25
2015-02-24T00:00:00Z,33.23500061035156,33.04249954223633
2015-02-25T00:00:00Z,32.88999938964844,32.1974983215332
2015-02-26T00:00:00Z,32.1974983215332,32.60499954223633
2015-02-27T00:00:00Z,32.5,32.1150016784668
2015-03-02T00:00:00Z,32.3125,32.272499084472656
2015-03-03T00:00:00Z,32.2400016784668,32.34000015258789
2015-03-04T00:00:00Z,32.275001525878906,32.1349983215332
2015-03-05T00:00:00Z,32.14500045776367,31.602500915527344
2015-03-06T00:00:00Z,32.099998474121094,31.649999618530273
2015-03-09T00:00:00Z,31.989999771118164,31.78499984741211
2015-03-10T00:00:00Z,31.602500915527344,31.127500534057617
2015-03-11T00:00:00Z,31.1875,30.559999465942383
2015-03-12T00:00:00Z,30.577499389648438,31.112499237060547
2015-03-13T00:00:00Z,31.100000381469727,30.897499084472656
2015-03-16T00:00:00Z,30.969999313354492,31.237499237060547
2015-03-17T00:00:00Z,31.475000381469727,31.760000228881836
2015-03-18T00:00:00Z,31.75,32.11750030517578
2015-03-19T00:00:00Z,32.1875,31.875
2015-03-20T00:00:00Z,32.0625,31.475000381469727
2015-03-23T00:00:00Z,31.780000686645508,31.802499771118164
2015-03-24T00:00:00Z,31.8075008392334,31.672500610351562
2015-03-25T00:00:00Z,31.635000228881836,30.844999313354492
2015-03-26T00:00:00Z,30.690000534057617,31.059999465942383
2015-03-27T00:00:00Z,31.142499923706055,30.8125
2015-03-30T00:00:00Z,31.012500762939453,31.592500686645508
2015-03-31T00:00:00Z,31.522499084472656,31.107500076293945
2015-04-01T00:00:00Z,31.204999923706055,31.0625
2015-04-02T00:00:00Z,31.25749969482422,31.329999923706055
2015-04-06T00:00:00Z,31.11750030517578,31.837499618530273
2015-04-07T00:00:00Z,31.90999984741211,31.502500534057617
2015-04-08T00:00:00Z,31.462499618530273,31.399999618530273
2015-04-09T00:00:00Z,31.462499618530273,31.639999389648438
2015-04-10T00:00:00Z,31.487499237060547,31.774999618530273
2015-04-13T00:00:00Z,32.092498779296875,31.712499618530273
2015-04-14T00:00:00Z,31.75,31.575000762939453
2015-04-15T00:00:00Z,31.602500915527344,31.69499969482422
2015-04-16T00:00:00Z,31.56999969482422,31.542499542236328
2015-04-17T00:00:00Z,31.387500762939453,31.1875
2015-04-20T00:00:00Z,31.392499923706055,31.899999618530273
2015-04-21T00:00:00Z,32.025001525878906,31.727500915527344
2015-04-22T00:00:00Z,31.747499465942383,32.154998779296875
2015-04-23T00:00:00Z,32.07500076293945,32.41749954223633
2015-04-24T00:00:00Z,32.622501373291016,32.56999969482422
2015-04-27T00:00:00Z,33.07749938964844,33.162498474121094
2015-04-28T00:00:00Z,33.6150016784668,32.63999938964844
2015-04-29T00:00:00Z,32.540000915527344,32.15999984741211
2015-04-30T00:00:00Z,32.15999984741211,31.287500381469727
2015-05-01T00:00:00Z,31.524999618530273,32.23749923706055
2015-05-04T00:00:00Z,32.375,32.17499923706055
2015-05-05T00:00:00Z,32.037498474121094,31.450000762939453
2015-05-06T00:00:00Z,31.639999389648438,31.252500534057617
2015-05-07T00:00:00Z,31.1924991607666,31.315000534057617
2015-05-08T00:00:00Z,31.670000076293945,31.905000686645508
2015-05-11T00:00:00Z,31.84749984741211,31.579999923706055
2015-05-12T00:00:00Z,31.399999618530273,31.467500686645508
2015-05-13T00:00:00Z,31.537500381469727,31.502500534057617
2015-05-14T00:00:00Z,31.852500915527344,32.23749923706055
2015-05-15T00:00:00Z,32.26750183105469,32.192501068115234
2015-05-18T00:00:00Z,32.095001220703125,32.54750061035156
2015-05-19T00:00:00Z,32.67250061035156,32.51750183105469
2015-05-20T00:00:00Z,32.5,32.51499938964844
2015-05-21T00:00:00Z,32.51750183105469,32.84749984741211
2015-05-22T00:00:00Z,32.900001525878906,33.1349983215332
2015-05-26T00:00:00Z,33.150001525878906,32.404998779296875
2015-05-27T00:00:00Z,32.584999084472656,33.0099983215332
2015-05-28T00:00:00Z,32.96500015258789,32.94499969482422
2015-05-29T00:00:00Z,32.807498931884766,32.56999969482422
2015-06-01T00:00:00Z,32.56999969482422,32.6349983215332
2015-06-02T00:00:00Z,32.46500015258789,32.4900016784668
2015-06-03T00:00:00Z,32.665000915527344,32.529998779296875
2015-06-04T00:00:00Z,32.39500045776367,32.34000015258789
2015-06-05T00:00:00Z,32.375,32.162498474121094
2015-06-08T00:00:00Z,32.224998474121094,31.950000762939453
2015-06-09T00:00:00Z,31.674999237060547,31.854999542236328
2015-06-10T00:00:00Z,31.979999542236328,32.220001220703125
2015-06-11T00:00:00Z,32.29499816894531,32.147499084472656
2015-06-12T00:00:00Z,32.04750061035156,31.792499542236328
2015-06-15T00:00:00Z,31.524999618530273,31.729999542236328
2015-06-16T00:00:00Z,31.75749969482422,31.899999618530273
2015-06-17T00:00:00Z,31.93000030517578,31.825000762939453
2015-06-18T00:00:00Z,31.8075008392334,31.969999313354492
2015-06-19T00:00:00Z,31.927499771118164,31.649999618530273
2015-06-22T00:00:00Z,31.872499465942383,31.90250015258789
2015-06-23T00:00:00Z,31.8700008392334,31.75749969482422
2015-06-24T00:00:00Z,31.802499771118164,32.02750015258789
2015-06-25T00:00:00Z,32.21500015258789,31.875
2015-06-26T00:00:00Z,31.917499542236328,31.6875
2015-06-29T00:00:00Z,31.364999771118164,31.13249969482422
2015-06-30T00:00:00Z,31.392499923706055,31.357500076293945
2015-07-01T00:00:00Z,31.725000381469727,31.649999618530273
2015-07-02T00:00:00Z,31.607500076293945,31.610000610351562
2015-07-06T00:00:00Z,31.235000610351562,31.5
2015-07-07T00:00:00Z,31.47249984741211,31.422500610351562
2015-07-08T00:00:00Z,31.1200008392334,30.642499923706055
2015-07-09T00:00:00Z,30.962499618530273,30.017499923706055
2015-07-10T00:00:00Z,30.485000610351562,30.81999969482422
2015-07-13T00:00:00Z,31.25749969482422,31.415000915527344
2015-07-14T00:00:00Z,31.510000228881836,31.40250015258789
2015-07-15T00:00:00Z,31.43000030517578,31.704999923706055
2015-07-16T00:00:00Z,31.934999465942383,32.127498626708984
2015-07-17T00:00:00Z,32.27000045776367,32.404998779296875
2015-07-20T00:00:00Z,32.74250030517578,33.01750183105469
2015-07-21T00:00:00Z,33.212501525878906,32.6875
2015-07-22T00:00:00Z,30.497499465942383,31.30500030517578
2015-07-23T00:00:00Z,31.549999237060547,31.290000915527344
2015-07-24T00:00:00Z,31.329999923706055,31.125
2015-07-27T00:00:00Z,30.772499084472656,30.6924991607666
2015-07-28T00:00:00Z,30.844999313354492,30.844999313354492
2015-07-29T00:00:00Z,30.787500381469727,30.747499465942383
2015-07-30T00:00:00Z,30.579999923706055,30.592500686645508
2015-07-31T00:00:00Z,30.649999618530273,30.325000762939453
2015-08-03T00:00:00Z,30.375,29.610000610351562
2015-08-04T00:00:00Z,29.354999542236328,28.65999984741211
2015-08-05T00:00:00Z,28.237499237060547,28.850000381469727
2015-08-06T00:00:00Z,28.99250030517578,28.782499313354492
2015-08-07T00:00:00Z,28.645000457763672,28.8799991607666
2015-08-10T00:00:00Z,29.13249969482422,29.93000030517578
2015-08-11T00:00:00Z,29.452499389648438,28.372499465942383
2015-08-12T00:00:00Z,28.13249969482422,28.809999465942383
2015-08-13T00:00:00Z,29.010000228881836,28.787500381469727
2015-08-14T00:00:00Z,28.579999923706055,28.989999771118164
2015-08-17T00:00:00Z,29.010000228881836,29.290000915527344
2015-08-18T00:00:00Z,29.107500076293945,29.125
2015-08-19T00:00:00Z,29.024999618530273,28.752500534057617
2015-08-20T00:00:00Z,28.520000457763672,28.162500381469727
2015-08-21T00:00:00Z,27.607500076293945,26.440000534057617
2015-08-24T00:00:00Z,23.717500686645508,25.780000686645508
2015-08-25T00:00:00Z,27.77750015258789,25.934999465942383
2015-08-26T00:00:00Z,26.772499084472656,27.422500610351562
2015-08-27T00:00:00Z,28.0575008392334,28.229999542236328
2015-08-28T00:00:00Z,28.042499542236328,28.322500228881836
2015-08-31T00:00:00Z,28.00749969482422,28.190000534057617
2015-09-01T00:00:00Z,27.537500381469727,26.93000030517578
2015-09-02T00:00:00Z,27.5575008392334,28.084999084472656
2015-09-03T00:00:00Z,28.122499465942383,27.592500686645508
2015-09-04T00:00:00Z,27.24250030517578,27.3174991607666
2015-09-08T00:00:00Z,27.9375,28.077499389648438
2015-09-09T00:00:00Z,28.440000534057617,27.537500381469727
2015-09-10T00:00:00Z,27.5674991607666,28.142499923706055
2015-09-11T00:00:00Z,27.947500228881836,28.552499771118164
2015-09-14T00:00:00Z,29.145000457763672,28.827499389648438
2015-09-15T00:00:00Z,28.982500076293945,29.06999969482422
2015-09-16T00:00:00Z,29.0625,29.102500915527344
2015-09-17T00:00:00Z,28.915000915527344,28.479999542236328
2015-09-18T00:00:00Z,28.052499771118164,28.362499237060547
2015-09-21T00:00:00Z,28.417499542236328,28.802499771118164
2015-09-22T00:00:00Z,28.344999313354492,28.350000381469727
2015-09-23T00:00:00Z,28.407499313354492,28.579999923706055
2015-09-24T00:00:00Z,28.3125,28.75
2015-09-25T00:00:00Z,29.110000610351562,28.677499771118164
2015-09-28T00:00:00Z,28.462499618530273,28.110000610351562
2015-09-29T00:00:00Z,28.207500457763672,27.264999389648438
2015-09-30T00:00:00Z,27.542499542236328,27.575000762939453
2015-10-01T00:00:00Z,27.267499923706055,27.395000457763672
2015-10-02T00:00:00Z,27.002500534057617,27.594999313354492
2015-10-05T00:00:00Z,27.469999313354492,27.69499969482422
2015-10-06T00:00:00Z,27.657499313354492,27.827499389648438
2015-10-07T00:00:00Z,27.934999465942383,27.69499969482422
2015-10-08T00:00:00Z,27.547500610351562,27.375
2015-10-09T00:00:00Z,27.5,28.030000686645508
2015-10-12T00:00:00Z,28.1825008392334,27.899999618530273
2015-10-13T00:00:00Z,27.704999923706055,27.947500228881836
2015-10-14T00:00:00Z,27.822500228881836,27.552499771118164
2015-10-15T00:00:00Z,27.732500076293945,27.96500015258789
2015-10-16T00:00:00Z,27.94499969482422,27.760000228881836
2015-10-19T00:00:00Z,27.700000762939453,27.9325008392334
2015-10-20T00:00:00Z,27.834999084472656,28.4424991607666
2015-10-21T00:00:00Z,28.5,28.440000534057617
2015-10-22T00:00:00Z,28.582500457763672,28.875
2015-10-23T00:00:00Z,29.174999237060547,29.770000457763672
2015-10-26T00:00:00Z,29.520000457763672,28.81999969482422
2015-10-27T00:00:00Z,28.850000381469727,28.637500762939453
2015-10-28T00:00:00Z,29.232500076293945,29.8174991607666
2015-10-29T00:00:00Z,29.674999237060547,30.13249969482422
2015-10-30T00:00:00Z,30.247499465942383,29.875
2015-11-02T00:00:00Z,30.200000762939453,30.295000076293945
2015-11-03T00:00:00Z,30.197500228881836,30.642499923706055
2015-11-04T00:00:00Z,30.782499313354492,30.5
2015-11-05T00:00:00Z,30.462499618530273,30.229999542236328
2015-11-06T00:00:00Z,30.27750015258789,30.264999389648438
2015-11-09T00:00:00Z,30.239999771118164,30.142499923706055
2015-11-10T00:00:00Z,29.225000381469727,29.1924991607666
2015-11-11T00:00:00Z,29.092500686645508,29.02750015258789
2015-11-12T00:00:00Z,29.065000534057617,28.93000030517578
2015-11-13T00:00:00Z,28.799999237060547,28.084999084472656
2015-11-16T00:00:00Z,27.844999313354492,28.545000076293945
2015-11-17T00:00:00Z,28.729999542236328,28.422500610351562
2015-11-18T00:00:00Z,28.940000534057617,29.322500228881836
2015-11-19T00:00:00Z,29.40999984741211,29.69499969482422
2015-11-20T00:00:00Z,29.799999237060547,29.825000762939453
2015-11-23T00:00:00Z,29.8174991607666,29.4375
2015-11-24T00:00:00Z,29.332500457763672,29.719999313354492
2015-11-25T00:00:00Z,29.802499771118164,29.50749969482422
2015-11-27T00:00:00Z,29.572500228881836,29.452499389648438
2015-11-30T00:00:00Z,29.497499465942383,29.575000762939453
2015-12-01T00:00:00Z,29.6875,29.334999084472656
2015-12-02T00:00:00Z,29.334999084472656,29.06999969482422
2015-12-03T00:00:00Z,29.137500762939453,28.799999237060547
2015-12-04T00:00:00Z,28.822500228881836,29.75749969482422
2015-12-07T00:00:00Z,29.7450008392334,29.56999969482422
2015-12-08T00:00:00Z,29.3799991607666,29.5575008392334
2015-12-09T00:00:00Z,29.40999984741211,28.905000686645508
2015-12-10T00:00:00Z,29.010000228881836,29.042499542236328
2015-12-11T00:00:00Z,28.797500610351562,28.295000076293945
2015-12-14T00:00:00Z,28.045000076293945,28.1200008392334
2015-12-15T00:00:00Z,27.985000610351562,27.622499465942383
2015-12-16T00:00:00Z,27.767499923706055,27.834999084472656
2015-12-17T00:00:00Z,28.0049991607666,27.2450008392334
2015-12-18T00:00:00Z,27.227500915527344,26.50749969482422
2015-12-21T00:00:00Z,26.81999969482422,26.832500457763672
2015-12-22T00:00:00Z,26.850000381469727,26.8075008392334
2015-12-23T00:00:00Z,26.8174991607666,27.15250015258789
2015-12-24T00:00:00Z,27.25,27.00749969482422
2015-12-28T00:00:00Z,26.897499084472656,26.704999923706055
2015-12-29T00:00:00Z,26.739999771118164,27.184999465942383
2015-12-30T00:00:00Z,27.145000457763672,26.829999923706055
2015-12-31T00:00:00Z,26.752500534057617,26.315000534057617
2016-01-04T00:00:00Z,25.65250015258789,26.337499618530273
2016-01-05T00:00:00Z,26.4375,25.677499771118164
2016-01-06T00:00:00Z,25.139999389648438,25.174999237060547
2016-01-07T00:00:00Z,24.670000076293945,24.112499237060547
2016-01-08T00:00:00Z,24.637500762939453,24.239999771118164
2016-01-11T00:00:00Z,24.74250030517578,24.63249969482422
2016-01-12T00:00:00Z,25.137500762939453,24.989999771118164
2016-01-13T00:00:00Z,25.079999923706055,24.34749984741211
2016-01-14T00:00:00Z,24.489999771118164,24.8799991607666
2016-01-15T00:00:00Z,24.049999237060547,24.282499313354492
2016-01-19T00:00:00Z,24.602500915527344,24.165000915527344
2016-01-20T00:00:00Z,23.774999618530273,24.197500228881836
2016-01-21T00:00:00Z,24.264999389648438,24.075000762939453
2016-01-22T00:00:00Z,24.657499313354492,25.354999542236328
2016-01-25T00:00:00Z,25.3799991607666,24.860000610351562
2016-01-26T00:00:00Z,24.982500076293945,24.997499465942383
2016-01-27T00:00:00Z,24.010000228881836,23.354999542236328
2016-01-28T00:00:00Z,23.447500228881836,23.522499084472656
2016-01-29T00:00:00Z,23.697500228881836,24.334999084472656
2016-02-01T00:00:00Z,24.11750030517578,24.107500076293945
2016-02-02T00:00:00Z,23.854999542236328,23.6200008392334
2016-02-03T00:00:00Z,23.75,24.087499618530273
2016-02-04T00:00:00Z,23.96500015258789,24.149999618530273
2016-02-05T00:00:00Z,24.1299991607666,23.5049991607666
2016-02-08T00:00:00Z,23.282499313354492,23.752500534057617
2016-02-09T00:00:00Z,23.572500228881836,23.747499465942383
2016-02-10T00:00:00Z,23.979999542236328,23.5674991607666
2016-02-11T00:00:00Z,23.447500228881836,23.424999237060547
2016-02-12T00:00:00Z,23.547500610351562,23.497499465942383
2016-02-16T00:00:00Z,23.7549991607666,24.15999984741211
2016-02-17T00:00:00Z,24.167499542236328,24.530000686645508
2016-02-18T00:00:00Z,24.709999084472656,24.065000534057617
2016-02-19T00:00:00Z,24.0,24.010000228881836
2016-02-22T00:00:00Z,24.077499389648438,24.219999313354492
2016-02-23T00:00:00Z,24.100000381469727,23.672500610351562
2016-02-24T00:00:00Z,23.4950008392334,24.024999618530273
2016-02-25T00:00:00Z,24.012500762939453,24.190000534057617
2016-02-26T00:00:00Z,24.299999237060547,24.227500915527344
2016-02-29T00:00:00Z,24.21500015258789,24.172500610351562
2016-03-01T00:00:00Z,24.412500381469727,25.13249969482422
2016-03-02T00:00:00Z,25.127500534057617,25.1875
2016-03-03T00:00:00Z,25.145000457763672,25.375
2016-03-04T00:00:00Z,25.592500686645508,25.752500534057617
2016-03-07T00:00:00Z,25.59749984741211,25.467500686645508
2016-03-08T00:00:00Z,25.19499969482422,25.25749969482422
2016-03-09T00:00:00Z,25.327499389648438,25.280000686645508
2016-03-10T00:00:00Z,25.352500915527344,25.292499542236328
2016-03-11T00:00:00Z,25.559999465942383,25.565000534057617
2016-03-14T00:00:00Z,25.477500915527344,25.6299991607666
2016-03-15T00:00:00Z,25.989999771118164,26.145000457763672
2016-03-16T00:00:00Z,26.15250015258789,26.49250030517578
2016-03-17T00:00:00Z,26.3799991607666,26.450000762939453
2016-03-18T00:00:00Z,26.584999084472656,26.479999542236328
2016-03-21T00:00:00Z,26.482500076293945,26.477500915527344
2016-03-22T00:00:00Z,26.3125,26.68000030517578
2016-03-23T00:00:00Z,26.6200008392334,26.532499313354492
2016-03-24T00:00:00Z,26.36750030517578,26.417499542236328
2016-03-28T00:00:00Z,26.5,26.297500610351562
2016-03-29T00:00:00Z,26.22249984741211,26.920000076293945
2016-03-30T00:00:00Z,27.162500381469727,27.389999389648438
2016-03-31T00:00:00Z,27.43000030517578,27.247499465942383
2016-04-01T00:00:00Z,27.19499969482422,27.497499465942383
2016-04-04T00:00:00Z,27.604999542236328,27.780000686645508
2016-04-05T00:00:00Z,27.377500534057617,27.452499389648438
2016-04-06T00:00:00Z,27.5575008392334,27.739999771118164
2016-04-07T00:00:00Z,27.487499237060547,27.135000228881836
2016-04-08T00:00:00Z,27.227500915527344,27.165000915527344
2016-04-11T00:00:00Z,27.24250030517578,27.2549991607666
2016-04-12T00:00:00Z,27.334999084472656,27.610000610351562
2016-04-13T00:00:00Z,27.700000762939453,28.010000228881836
2016-04-14T00:00:00Z,27.905000686645508,28.024999618530273
2016-04-15T00:00:00Z,28.02750015258789,27.462499618530273
2016-04-18T00:00:00Z,27.22249984741211,26.8700008392334
2016-04-19T00:00:00Z,26.969999313354492,26.727500915527344
2016-04-20T00:00:00Z,26.65999984741211,26.782499313354492
2016-04-21T00:00:00Z,26.732500076293945,26.49250030517578
2016-04-22T00:00:00Z,26.252500534057617,26.420000076293945
2016-04-25T00:00:00Z,26.25,26.270000457763672
2016-04-26T00:00:00Z,25.977500915527344,26.087499618530273
2016-04-27T00:00:00Z,24.0,24.454999923706055
2016-04-28T00:00:00Z,24.40250015258789,23.707500457763672
2016-04-29T00:00:00Z,23.497499465942383,23.434999465942383
2016-05-02T00:00:00Z,23.49250030517578,23.40999984741211
2016-05-03T00:00:00Z,23.549999237060547,23.795000076293945
2016-05-04T00:00:00Z,23.799999237060547,23.547500610351562
2016-05-05T00:00:00Z,23.5,23.309999465942383
2016-05-06T00:00:00Z,23.342500686645508,23.18000030517578
2016-05-09T00:00:00Z,23.25,23.197500228881836
2016-05-10T00:00:00Z,23.332500457763672,23.354999542236328
2016-05-11T00:00:00Z,23.3700008392334,23.127500534057617
2016-05-12T00:00:00Z,23.18000030517578,22.584999084472656
2016-05-13T00:00:00Z,22.5,22.6299991607666
2016-05-16T00:00:00Z,23.09749984741211,23.469999313354492
2016-05-17T00:00:00Z,23.637500762939453,23.372499465942383
2016-05-18T00:00:00Z,23.540000915527344,23.639999389648438
2016-05-19T00:00:00Z,23.65999984741211,23.549999237060547
2016-05-20T00:00:00Z,23.65999984741211,23.80500030517578
2016-05-23T00:00:00Z,23.967500686645508,24.107500076293945
2016-05-24T00:00:00Z,24.30500030517578,24.475000381469727
2016-05-25T00:00:00Z,24.667499542236328,24.905000686645508
2016-05-26T00:00:00Z,24.920000076293945,25.102500915527344
2016-05-27T00:00:00Z,24.860000610351562,25.087499618530273
2016-05-31T00:00:00Z,24.899999618530273,24.96500015258789
2016-06-01T00:00:00Z,24.7549991607666,24.614999771118164
2016-06-02T00:00:00Z,24.399999618530273,24.43000030517578
2016-06-03T00:00:00Z,24.447500228881836,24.479999542236328
2016-06-06T00:00:00Z,24.497499465942383,24.657499313354492
2016-06-07T00:00:00Z,24.8125,24.75749969482422
2016-06-08T00:00:00Z,24.7549991607666,24.735000610351562
2016-06-09T00:00:00Z,24.625,24.912500381469727
2016-06-10T00:00:00Z,24.63249969482422,24.707500457763672
2016-06-13T00:00:00Z,24.672500610351562,24.334999084472656
2016-06-14T00:00:00Z,24.329999923706055,24.364999771118164
2016-06-15T00:00:00Z,24.454999923706055,24.28499984741211
2016-06-16T00:00:00Z,24.112499237060547,24.387500762939453
2016-06-17T00:00:00Z,24.155000686645508,23.832500457763672
2016-06-20T00:00:00Z,24.0,23.774999618530273
2016-06-21T00:00:00Z,23.735000610351562,23.977500915527344
2016-06-22T00:00:00Z,24.0625,23.887500762939453
2016-06-23T00:00:00Z,23.985000610351562,24.024999618530273
2016-06-24T00:00:00Z,23.227500915527344,23.350000381469727
2016-06-27T00:00:00Z,23.25,23.010000228881836
2016-06-28T00:00:00Z,23.225000381469727,23.397499084472656
2016-06-29T00:00:00Z,23.49250030517578,23.600000381469727
2016-06-30T00:00:00Z,23.610000610351562,23.899999618530273
2016-07-01T00:00:00Z,23.872499465942383,23.97249984741211
2016-07-05T00:00:00Z,23.84749984741211,23.747499465942383
2016-07-06T00:00:00Z,23.649999618530273,23.88249969482422
2016-07-07T00:00:00Z,23.924999237060547,23.985000610351562
2016-07-08T00:00:00Z,24.122499465942383,24.170000076293945
2016-07-11T00:00:00Z,24.1875,24.2450008392334
2016-07-12T00:00:00Z,24.292499542236328,24.354999542236328
2016-07-13T00:00:00Z,24.352500915527344,24.217500686645508
2016-07-14T00:00:00Z,24.34749984741211,24.697500228881836
2016-07-15T00:00:00Z,24.729999542236328,24.69499969482422
2016-07-18T00:00:00Z,24.674999237060547,24.957500457763672
2016-07-19T00:00:00Z,24.889999389648438,24.967500686645508
2016-07-20T00:00:00Z,25.0,24.989999771118164
2016-07-21T00:00:00Z,24.957500457763672,24.857500076293945
2016-07-22T00:00:00Z,24.815000534057617,24.665000915527344
2016-07-25T00:00:00Z,24.5625,24.334999084472656
2016-07-26T00:00:00Z,24.204999923706055,24.167499542236328
2016-07-27T00:00:00Z,26.0674991607666,25.737499237060547
2016-07-28T00:00:00Z,25.707500457763672,26.084999084472656
2016-07-29T00:00:00Z,26.047500610351562,26.052499771118164
2016-08-01T00:00:00Z,26.102500915527344,26.512500762939453
2016-08-02T00:00:00Z,26.512500762939453,26.1200008392334
2016-08-03T00:00:00Z,26.202499389648438,26.447500228881836
2016-08-04T00:00:00Z,26.395000457763672,26.467500686645508
2016-08-05T00:00:00Z,26.5674991607666,26.8700008392334
2016-08-08T00:00:00Z,26.8799991607666,27.092500686645508
2016-08-09T00:00:00Z,27.0575008392334,27.202499389648438
2016-08-10T00:00:00Z,27.177499771118164,27.0
2016-08-11T00:00:00Z,27.1299991607666,26.982500076293945
2016-08-12T00:00:00Z,26.94499969482422,27.045000076293945
2016-08-15T00:00:00Z,27.03499984741211,27.3700008392334
2016-08-16T00:00:00Z,27.407499313354492,27.344999313354492
2016-08-17T00:00:00Z,27.274999618530273,27.30500030517578
2016-08-18T00:00:00Z,27.3075008392334,27.270000457763672
2016-08-19T00:00:00Z,27.1924991607666,27.34000015258789
2016-08-22T00:00:00Z,27.21500015258789,27.127500534057617
2016-08-23T00:00:00Z,27.147499084472656,27.212499618530273
2016-08-24T00:00:00Z,27.142499923706055,27.00749969482422
2016-08-25T00:00:00Z,26.84749984741211,26.892499923706055
2016-08-26T00:00:00Z,26.852500915527344,26.735000610351562
2016-08-29T00:00:00Z,26.655000686645508,26.704999923706055
2016-08-30T00:00:00Z,26.450000762939453,26.5
2016-08-31T00:00:00Z,26.415000915527344,26.524999618530273
2016-09-01T00:00:00Z,26.53499984741211,26.6825008392334
2016-09-02T00:00:00Z,26.924999237060547,26.9325008392334
2016-09-06T00:00:00Z,26.975000381469727,26.924999237060547
2016-09-07T00:00:00Z,26.957500457763672,27.09000015258789
2016-09-08T00:00:00Z,26.8125,26.3799991607666
2016-09-09T00:00:00Z,26.15999984741211,25.782499313354492
2016-09-12T00:00:00Z,25.662500381469727,26.360000610351562
2016-09-13T00:00:00Z,26.877500534057617,26.987499237060547
2016-09-14T00:00:00Z,27.1825008392334,27.9424991607666
2016-09-15T00:00:00Z,28.46500015258789,28.892499923706055
2016-09-16T00:00:00Z,28.780000686645508,28.729999542236328
2016-09-19T00:00:00Z,28.797500610351562,28.395000457763672
2016-09-20T00:00:00Z,28.262500762939453,28.392499923706055
2016-09-21T00:00:00Z,28.462499618530273,28.387500762939453
2016-09-22T00:00:00Z,28.587499618530273,28.655000686645508
2016-09-23T00:00:00Z,28.604999542236328,28.177499771118164
2016-09-26T00:00:00Z,27.90999984741211,28.219999313354492
2016-09-27T00:00:00Z,28.25,28.272499084472656
2016-09-28T00:00:00Z,28.422500610351562,28.487499237060547
2016-09-29T00:00:00Z,28.290000915527344,28.045000076293945
2016-09-30T00:00:00Z,28.114999771118164,28.262500762939453
2016-10-03T00:00:00Z,28.177499771118164,28.1299991607666
2016-10-04T00:00:00Z,28.264999389648438,28.25
2016-10-05T00:00:00Z,28.350000381469727,28.262500762939453
2016-10-06T00:00:00Z,28.424999237060547,28.47249984741211
2016-10-07T00:00:00Z,28.577499389648438,28.514999389648438
2016-10-10T00:00:00Z,28.7549991607666,29.012500762939453
2016-10-11T00:00:00Z,29.424999237060547,29.075000762939453
2016-10-12T00:00:00Z,29.337499618530273,29.334999084472656
2016-10-13T00:00:00Z,29.197500228881836,29.2450008392334
2016-10-14T00:00:00Z,29.469999313354492,29.407499313354492
2016-10-17T00:00:00Z,29.332500457763672,29.387500762939453
2016-10-18T00:00:00Z,29.545000076293945,29.36750030517578
2016-10-19T00:00:00Z,29.3125,29.280000686645508
2016-10-20T00:00:00Z,29.21500015258789,29.264999389648438
2016-10-21T00:00:00Z,29.202499389648438,29.149999618530273
2016-10-24T00:00:00Z,29.274999618530273,29.412500381469727
2016-10-25T00:00:00Z,29.487499237060547,29.5625
2016-10-26T00:00:00Z,28.577499389648438,28.897499084472656
2016-10-27T00:00:00Z,28.84749984741211,28.6200008392334
2016-10-28T00:00:00Z,28.467500686645508,28.43000030517578
2016-10-31T00:00:00Z,28.412500381469727,28.385000228881836
2016-11-01T00:00:00Z,28.364999771118164,27.872499465942383
2016-11-02T00:00:00Z,27.850000381469727,27.897499084472656
2016-11-03T00:00:00Z,27.7450008392334,27.457500457763672
2016-11-04T00:00:00Z,27.13249969482422,27.209999084472656
2016-11-07T00:00:00Z,27.520000457763672,27.602500915527344
2016-11-08T00:00:00Z,27.577499389648438,27.764999389648438
2016-11-09T00:00:00Z,27.469999313354492,27.719999313354492
2016-11-10T00:00:00Z,27.772499084472656,26.947500228881836
2016-11-11T00:00:00Z,26.780000686645508,27.107500076293945
2016-11-14T00:00:00Z,26.927499771118164,26.427499771118164
2016-11-15T00:00:00Z,26.642499923706055,26.77750015258789
2016-11-16T00:00:00Z,26.674999237060547,27.497499465942383
2016-11-17T00:00:00Z,27.452499389648438,27.487499237060547
2016-11-18T00:00:00Z,27.43000030517578,27.514999389648438
2016-11-21T00:00:00Z,27.530000686645508,27.9325008392334
2016-11-22T00:00:00Z,27.987499237060547,27.950000762939453
2016-11-23T00:00:00Z,27.84000015258789,27.8075008392334
2016-11-25T00:00:00Z,27.782499313354492,27.947500228881836
2016-11-28T00:00:00Z,27.857500076293945,27.892499923706055
2016-11-29T00:00:00Z,27.69499969482422,27.864999771118164
2016-11-30T00:00:00Z,27.899999618530273,27.6299991607666
2016-12-01T00:00:00Z,27.592500686645508,27.372499465942383
2016-12-02T00:00:00Z,27.292499542236328,27.475000381469727
2016-12-05T00:00:00Z,27.5,27.27750015258789
2016-12-06T00:00:00Z,27.375,27.487499237060547
2016-12-07T00:00:00Z,27.315000534057617,27.75749969482422
2016-12-08T00:00:00Z,27.71500015258789,28.030000686645508
2016-12-09T00:00:00Z,28.077499389648438,28.487499237060547
2016-12-12T00:00:00Z,28.322500228881836,28.325000762939453
2016-12-13T00:00:00Z,28.459999084472656,28.797500610351562
2016-12-14T00:00:00Z,28.760000228881836,28.797500610351562
2016-12-15T00:00:00Z,28.844999313354492,28.954999923706055
2016-12-16T00:00:00Z,29.11750030517578,28.99250030517578
2016-12-19T00:00:00Z,28.950000762939453,29.15999984741211
2016-12-20T00:00:00Z,29.184999465942383,29.237499237060547
2016-12-21T00:00:00Z,29.200000762939453,29.264999389648438
2016-12-22T00:00:00Z,29.087499618530273,29.072500228881836
2016-12-23T00:00:00Z,28.897499084472656,29.1299991607666
2016-12-27T00:00:00Z,29.1299991607666,29.315000534057617
2016-12-28T00:00:00Z,29.3799991607666,29.190000534057617
2016-12-29T00:00:00Z,29.112499237060547,29.1825008392334
2016-12-30T00:00:00Z,29.162500381469727,28.954999923706055
2017-01-03T00:00:00Z,28.950000762939453,29.037500381469727
2017-01-04T00:00:00Z,28.962499618530273,29.0049991607666
2017-01-05T00:00:00Z,28.979999542236328,29.15250015258789
2017-01-06T00:00:00Z,29.19499969482422,29.477500915527344
2017-01-09T00:00:00Z,29.487499237060547,29.747499465942383
2017-01-10T00:00:00Z,29.6924991607666,29.77750015258789
2017-01-11T00:00:00Z,29.684999465942383,29.9375
2017-01-12T00:00:00Z,29.725000381469727,29.8125
2017-01-13T00:00:00Z,29.77750015258789,29.760000228881836
2017-01-17T00:00:00Z,29.584999084472656,30.0
2017-01-18T00:00:00Z,30.0,29.997499465942383
2017-01-19T00:00:00Z,29.850000381469727,29.94499969482422
2017-01-20T00:00:00Z,30.112499237060547,30.0
2017-01-23T00:00:00Z,30.0,30.020000457763672
2017-01-24T00:00:00Z,29.887500762939453,29.99250030517578
2017-01-25T00:00:00Z,30.104999542236328,30.469999313354492
2017-01-26T00:00:00Z,30.417499542236328,30.485000610351562
2017-01-27T00:00:00Z,30.53499984741211,30.487499237060547
2017-01-30T00:00:00Z,30.232500076293945,30.407499313354492
2017-01-31T00:00:00Z,30.287500381469727,30.337499618530273
2017-02-01T00:00:00Z,31.75749969482422,32.1875
2017-02-02T00:00:00Z,31.9950008392334,32.13249969482422
2017-02-03T00:00:00Z,32.07749938964844,32.27000045776367
2017-02-06T00:00:00Z,32.282501220703125,32.5724983215332
2017-02-07T00:00:00Z,32.6349983215332,32.88249969482422
2017-02-08T00:00:00Z,32.837501525878906,33.0099983215332
2017-02-09T00:00:00Z,32.912498474121094,33.10499954223633
2017-02-10T00:00:00Z,33.1150016784668,33.029998779296875
2017-02-13T00:00:00Z,33.27000045776367,33.3224983215332
2017-02-14T00:00:00Z,33.36750030517578,33.755001068115234
2017-02-15T00:00:00Z,33.880001068115234,33.877498626708984
2017-02-16T00:00:00Z,33.91749954223633,33.837501525878906
2017-02-17T00:00:00Z,33.775001525878906,33.93000030517578
2017-02-21T00:00:00Z,34.057498931884766,34.17499923706055
2017-02-22T00:00:00Z,34.10749816894531,34.27750015258789
2017-02-23T00:00:00Z,34.345001220703125,34.13249969482422
2017-02-24T00:00:00Z,33.977500915527344,34.165000915527344
2017-02-27T00:00:00Z,34.28499984741211,34.23249816894531
2017-02-28T00:00:00Z,34.27000045776367,34.247501373291016
2017-03-01T00:00:00Z,34.47249984741211,34.9474983215332
2017-03-02T00:00:00Z,35.0,34.7400016784668
2017-03-03T00:00:00Z,34.69499969482422,34.94499969482422
2017-03-06T00:00:00Z,34.842498779296875,34.834999084472656
2017-03-07T00:00:00Z,34.76499938964844,34.880001068115234
2017-03-08T00:00:00Z,34.73749923706055,34.75
2017-03-09T00:00:00Z,34.685001373291016,34.66999816894531
2017-03-10T00:00:00Z,34.8125,34.78499984741211
2017-03-13T00:00:00Z,34.712501525878906,34.79999923706055
2017-03-14T00:00:00Z,34.82500076293945,34.747501373291016
2017-03-15T00:00:00Z,34.852500915527344,35.1150016784668
2017-03-16T00:00:00Z,35.18000030517578,35.17250061035156
2017-03-17T00:00:00Z,35.25,34.997501373291016
2017-03-20T00:00:00Z,35.099998474121094,35.3650016784668
2017-03-21T00:00:00Z,35.52750015258789,34.959999084472656
2017-03-22T00:00:00Z,34.962501525878906,35.35499954223633
2017-03-23T00:00:00Z,35.314998626708984,35.22999954223633
2017-03-24T00:00:00Z,35.375,35.15999984741211
2017-03-27T00:00:00Z,34.84749984741211,35.220001220703125
2017-03-28T00:00:00Z,35.227500915527344,35.95000076293945
2017-03-29T00:00:00Z,35.91999816894531,36.029998779296875
2017-03-30T00:00:00Z,36.04750061035156,35.98249816894531
2017-03-31T00:00:00Z,35.93000030517578,35.915000915527344
2017-04-03T00:00:00Z,35.9275016784668,35.92499923706055
2017-04-04T00:00:00Z,35.8125,36.192501068115234
2017-04-05T00:00:00Z,36.05500030517578,36.005001068115234
2017-04-06T00:00:00Z,36.0724983215332,35.915000915527344
2017-04-07T00:00:00Z,35.932498931884766,35.834999084472656
2017-04-10T00:00:00Z,35.900001525878906,35.79249954223633
2017-04-11T00:00:00Z,35.73500061035156,35.407501220703125
2017-04-12T00:00:00Z,35.400001525878906,35.45000076293945
2017-04-13T00:00:00Z,35.477500915527344,35.26250076293945
2017-04-17T00:00:00Z,35.369998931884766,35.45750045776367
2017-04-18T00:00:00Z,35.352500915527344,35.29999923706055
2017-04-19T00:00:00Z,35.470001220703125,35.16999816894531
2017-04-20T00:00:00Z,35.30500030517578,35.61000061035156
2017-04-21T00:00:00Z,35.61000061035156,35.567501068115234
2017-04-24T00:00:00Z,35.875,35.90999984741211
2017-04-25T00:00:00Z,35.977500915527344,36.13249969482422
2017-04-26T00:00:00Z,36.11750030517578,35.91999816894531
2017-04-27T00:00:00Z,35.97999954223633,35.9474983215332
2017-04-28T00:00:00Z,36.022499084472656,35.912498474121094
2017-05-01T00:00:00Z,36.275001525878906,36.64500045776367
2017-05-02T00:00:00Z,36.8849983215332,36.877498626708984
2017-05-03T00:00:00Z,36.397499084472656,36.76499938964844
2017-05-04T00:00:00Z,36.630001068115234,36.63249969482422
2017-05-05T00:00:00Z,36.689998626708984,37.2400016784668
2017-05-08T00:00:00Z,37.25749969482422,38.252498626708984
2017-05-09T00:00:00Z,38.467498779296875,38.497501373291016
2017-05-10T00:00:00Z,38.407501220703125,38.314998626708984
2017-05-11T00:00:00Z,38.11249923706055,38.48749923706055
2017-05-12T00:00:00Z,38.67499923706055,39.025001525878906
2017-05-15T00:00:00Z,39.002498626708984,38.92499923706055
2017-05-16T00:00:00Z,38.98500061035156,38.86750030517578
2017-05-17T00:00:00Z,38.400001525878906,37.5625
2017-05-18T00:00:00Z,37.817501068115234,38.1349983215332
2017-05-19T00:00:00Z,38.345001220703125,38.26499938964844
2017-05-22T00:00:00Z,38.5,38.497501373291016
2017-05-23T00:00:00Z,38.724998474121094,38.45000076293945
2017-05-24T00:00:00Z,38.459999084472656,38.334999084472656
2017-05-25T00:00:00Z,38.432498931884766,38.467498779296875
2017-05-26T00:00:00Z,38.5,38.40250015258789
2017-05-30T00:00:00Z,38.35499954223633,38.41749954223633
2017-05-31T00:00:00Z,38.49250030517578,38.189998626708984
2017-06-01T00:00:00Z,38.29249954223633,38.29499816894531
2017-06-02T00:00:00Z,38.39500045776367,38.86249923706055
2017-06-05T00:00:00Z,38.584999084472656,38.48249816894531
2017-06-06T00:00:00Z,38.474998474121094,38.61249923706055
2017-06-07T00:00:00Z,38.755001068115234,38.842498779296875
2017-06-08T00:00:00Z,38.8125,38.747501373291016
2017-06-09T00:00:00Z,38.79750061035156,37.244998931884766
2017-06-12T00:00:00Z,36.435001373291016,36.35499954223633
2017-06-13T00:00:00Z,36.790000915527344,36.647499084472656
2017-06-14T00:00:00Z,36.875,36.290000915527344
2017-06-15T00:00:00Z,35.83000183105469,36.0724983215332
2017-06-16T00:00:00Z,35.94499969482422,35.567501068115234
2017-06-19T00:00:00Z,35.915000915527344,36.584999084472656
2017-06-20T00:00:00Z,36.717498779296875,36.252498626708984
2017-06-21T00:00:00Z,36.380001068115234,36.467498779296875
2017-06-22T00:00:00Z,36.442501068115234,36.407501220703125
2017-06-23T00:00:00Z,36.282501220703125,36.56999969482422
2017-06-26T00:00:00Z,36.79249954223633,36.45500183105469
2017-06-27T00:00:00Z,36.252498626708984,35.932498931884766
2017-06-28T00:00:00Z,36.122501373291016,36.45750045776367
2017-06-29T00:00:00Z,36.1775016784668,35.91999816894531
2017-06-30T00:00:00Z,36.11249923706055,36.005001068115234
2017-07-03T00:00:00Z,36.220001220703125,35.875
2017-07-05T00:00:00Z,35.92250061035156,36.022499084472656
2017-07-06T00:00:00Z,35.755001068115234,35.682498931884766
2017-07-07T00:00:00Z,35.724998474121094,36.04499816894531
2017-07-10T00:00:00Z,36.02750015258789,36.26499938964844
2017-07-11T00:00:00Z,36.182498931884766,36.38249969482422
2017-07-12T00:00:00Z,36.467498779296875,36.435001373291016
2017-07-13T00:00:00Z,36.375,36.942501068115234
2017-07-14T00:00:00Z,36.99250030517578,37.2599983215332
2017-07-17T00:00:00Z,37.20500183105469,37.38999938964844
2017-07-18T00:00:00Z,37.29999923706055,37.52000045776367
2017-07-19T00:00:00Z,37.619998931884766,37.755001068115234
2017-07-20T00:00:00Z,37.875,37.584999084472656
2017-07-21T00:00:00Z,37.497501373291016,37.567501068115234
2017-07-24T00:00:00Z,37.64500045776367,38.022499084472656
2017-07-25T00:00:00Z,37.95000076293945,38.185001373291016
2017-07-26T00:00:00Z,38.337501525878906,38.3650016784668
2017-07-27T00:00:00Z,38.4375,37.63999938964844
2017-07-28T00:00:00Z,37.47249984741211,37.375
2017-07-31T00:00:00Z,37.474998474121094,37.182498931884766
2017-08-01T00:00:00Z,37.275001525878906,37.51250076293945
2017-08-02T00:00:00Z,39.81999969482422,39.28499984741211
2017-08-03T00:00:00Z,39.26250076293945,38.89250183105469
2017-08-04T00:00:00Z,39.01750183105469,39.09749984741211
2017-08-07T00:00:00Z,39.26499938964844,39.70249938964844
2017-08-08T00:00:00Z,39.650001525878906,40.02000045776367
2017-08-09T00:00:00Z,39.814998626708984,40.26499938964844
2017-08-10T00:00:00Z,39.974998474121094,38.83000183105469
2017-08-11T00:00:00Z,39.150001525878906,39.369998931884766
2017-08-14T00:00:00Z,39.83000183105469,39.962501525878906
2017-08-15T00:00:00Z,40.165000915527344,40.400001525878906
2017-08-16T00:00:00Z,40.48500061035156,40.23749923706055
2017-08-17T00:00:00Z,40.130001068115234,39.46500015258789
2017-08-18T00:00:00Z,39.46500015258789,39.375
2017-08-21T00:00:00Z,39.375,39.3025016784668
2017-08-22T00:00:00Z,39.557498931884766,39.94499969482422
2017-08-23T00:00:00Z,39.76750183105469,39.994998931884766
2017-08-24T00:00:00Z,40.10749816894531,39.817501068115234
2017-08-25T00:00:00Z,39.912498474121094,39.96500015258789
2017-08-28T00:00:00Z,40.03499984741211,40.36750030517578
2017-08-29T00:00:00Z,40.025001525878906,40.727500915527344
2017-08-30T00:00:00Z,40.95000076293945,40.837501525878906
2017-08-31T00:00:00Z,40.90999984741211,41.0
2017-09-01T00:00:00Z,41.20000076293945,41.01250076293945
2017-09-05T00:00:00Z,40.9375,40.52000045776367
2017-09-06T00:00:00Z,40.6775016784668,40.477500915527344
2017-09-07T00:00:00Z,40.522499084472656,40.314998626708984
2017-09-08T00:00:00Z,40.21500015258789,39.657501220703125
2017-09-11T00:00:00Z,40.125,40.375
2017-09-12T00:00:00Z,40.65250015258789,40.21500015258789
2017-09-13T00:00:00Z,39.967498779296875,39.912498474121094
2017-09-14T00:00:00Z,39.747501373291016,39.56999969482422
2017-09-15T00:00:00Z,39.61750030517578,39.970001220703125
2017-09-18T00:00:00Z,40.02750015258789,39.66749954223633
2017-09-19T00:00:00Z,39.877498626708984,39.682498931884766
2017-09-20T00:00:00Z,39.474998474121094,39.01750183105469
2017-09-21T00:00:00Z,38.95000076293945,38.34749984741211
2017-09-22T00:00:00Z,37.8849983215332,37.97249984741211
2017-09-25T00:00:00Z,37.497501373291016,37.63750076293945
2017-09-26T00:00:00Z,37.94499969482422,38.28499984741211
2017-09-27T00:00:00Z,38.45000076293945,38.557498931884766
2017-09-28T00:00:00Z,38.47249984741211,38.31999969482422
2017-09-29T00:00:00Z,38.3025016784668,38.529998779296875
2017-10-02T00:00:00Z,38.564998626708984,38.45249938964844
2017-10-03T00:00:00Z,38.502498626708984,38.619998931884766
2017-10-04T00:00:00Z,38.407501220703125,38.369998931884766
2017-10-05T00:00:00Z,38.54499816894531,38.84749984741211
2017-10-06T00:00:00Z,38.74250030517578,38.82500076293945
2017-10-09T00:00:00Z,38.95249938964844,38.959999084472656
2017-10-10T00:00:00Z,39.01499938964844,38.974998474121094
2017-10-11T00:00:00Z,38.99250030517578,39.13750076293945
2017-10-12T00:00:00Z,39.087501525878906,39.0
2017-10-13T00:00:00Z,39.182498931884766,39.247501373291016
2017-10-16T00:00:00Z,39.474998474121094,39.970001220703125
2017-10-17T00:00:00Z,39.94499969482422,40.11750030517578
2017-10-18T00:00:00Z,40.10499954223633,39.939998626708984
2017-10-19T00:00:00Z,39.1875,38.994998931884766
2017-10-20T00:00:00Z,39.15250015258789,39.0625
2017-10-23T00:00:00Z,39.22249984741211,39.04249954223633
2017-10-24T00:00:00Z,39.0724983215332,39.275001525878906
2017-10-25T00:00:00Z,39.227500915527344,39.102500915527344
2017-10-26T00:00:00Z,39.307498931884766,39.352500915527344
2017-10-27T00:00:00Z,39.8224983215332,40.76250076293945
2017-10-30T00:00:00Z,40.97249984741211,41.68000030517578
2017-10-31T00:00:00Z,41.974998474121094,42.2599983215332
2017-11-01T00:00:00Z,42.467498779296875,41.72249984741211
2017-11-02T00:00:00Z,41.650001525878906,42.02750015258789
2017-11-03T00:00:00Z,43.5,43.125
2017-11-06T00:00:00Z,43.092498779296875,43.5625
2017-11-07T00:00:00Z,43.477500915527344,43.70249938964844
2017-11-08T00:00:00Z,43.665000915527344,44.060001373291016
2017-11-09T00:00:00Z,43.77750015258789,43.970001220703125
2017-11-10T00:00:00Z,43.77750015258789,43.66749954223633
2017-11-13T00:00:00Z,43.375,43.49250030517578
2017-11-14T00:00:00Z,43.2599983215332,42.834999084472656
2017-11-15T00:00:00Z,42.49250030517578,42.27000045776367
2017-11-16T00:00:00Z,42.79499816894531,42.775001525878906
2017-11-17T00:00:00Z,42.7599983215332,42.537498474121094
2017-11-20T00:00:00Z,42.5724983215332,42.494998931884766
2017-11-21T00:00:00Z,42.69499969482422,43.28499984741211
2017-11-22T00:00:00Z,43.34000015258789,43.7400016784668
2017-11-24T00:00:00Z,43.775001525878906,43.74250030517578
2017-11-27T00:00:00Z,43.76250076293945,43.522499084472656
2017-11-28T00:00:00Z,43.57500076293945,43.26750183105469
2017-11-29T00:00:00Z,43.157501220703125,42.369998931884766
2017-11-30T00:00:00Z,42.60749816894531,42.962501525878906
2017-12-01T00:00:00Z,42.48749923706055,42.76250076293945
2017-12-04T00:00:00Z,43.119998931884766,42.45000076293945
2017-12-05T00:00:00Z,42.26499938964844,42.40999984741211
2017-12-06T00:00:00Z,41.875,42.252498626708984
2017-12-07T00:00:00Z,42.25749969482422,42.33000183105469
2017-12-08T00:00:00Z,42.622501373291016,42.342498779296875
2017-12-11T00:00:00Z,42.29999923706055,43.16749954223633
2017-12-12T00:00:00Z,43.037498474121094,42.92499923706055
2017-12-13T00:00:00Z,43.125,43.067501068115234
2017-12-14T00:00:00Z,43.099998474121094,43.05500030517578
2017-12-15T00:00:00Z,43.407501220703125,43.49250030517578
2017-12-18T00:00:00Z,43.720001220703125,44.10499954223633
2017-12-19T00:00:00Z,43.75749969482422,43.6349983215332
2017-12-20T00:00:00Z,43.717498779296875,43.587501525878906
2017-12-21T00:00:00Z,43.54249954223633,43.752498626708984
2017-12-22T00:00:00Z,43.66999816894531,43.752498626708984
2017-12-26T00:00:00Z,42.70000076293945,42.64250183105469
2017-12-27T00:00:00Z,42.525001525878906,42.650001525878906
2017-12-28T00:00:00Z,42.75,42.77000045776367
2017-12-29T00:00:00Z,42.630001068115234,42.307498931884766
2018-01-02T00:00:00Z,42.540000915527344,43.064998626708984
2018-01-03T00:00:00Z,43.13249969482422,43.057498931884766
2018-01-04T00:00:00Z,43.1349983215332,43.25749969482422
2018-01-05T00:00:00Z,43.36000061035156,43.75
2018-01-08T00:00:00Z,43.587501525878906,43.587501525878906
2018-01-09T00:00:00Z,43.63750076293945,43.58250045776367
2018-01-10T00:00:00Z,43.290000915527344,43.5724983215332
2018-01-11T00:00:00Z,43.647499084472656,43.81999969482422
2018-01-12T00:00:00Z,44.04499816894531,44.272499084472656
2018-01-16T00:00:00Z,44.474998474121094,44.04750061035156
2018-01-17T00:00:00Z,44.037498474121094,44.775001525878906
2018-01-18T00:00:00Z,44.842498779296875,44.814998626708984
2018-01-19T00:00:00Z,44.65250015258789,44.6150016784668
2018-01-22T00:00:00Z,44.32500076293945,44.25
2018-01-23T00:00:00Z,44.32500076293945,44.2599983215332
2018-01-24T00:00:00Z,44.3125,43.55500030517578
2018-01-25T00:00:00Z,43.627498626708984,42.77750015258789
2018-01-26T00:00:00Z,43.0,42.877498626708984
2018-01-29T00:00:00Z,42.540000915527344,41.9900016784668
2018-01-30T00:00:00Z,41.38249969482422,41.74250030517578
2018-01-31T00:00:00Z,41.717498779296875,41.85749816894531
2018-02-01T00:00:00Z,41.79249954223633,41.94499969482422
2018-02-02T00:00:00Z,41.5,40.125
2018-02-05T00:00:00Z,39.775001525878906,39.122501373291016
2018-02-06T00:00:00Z,38.70750045776367,40.75749969482422
2018-02-07T00:00:00Z,40.772499084472656,39.8849983215332
2018-02-08T00:00:00Z,40.0724983215332,38.787498474121094
2018-02-09T00:00:00Z,39.26750183105469,39.102500915527344
2018-02-12T00:00:00Z,39.625,40.6775016784668
2018-02-13T00:00:00Z,40.48749923706055,41.084999084472656
2018-02-14T00:00:00Z,40.7599983215332,41.842498779296875
2018-02-15T00:00:00Z,42.4474983215332,43.247501373291016
2018-02-16T00:00:00Z,43.09000015258789,43.10749816894531
2018-02-20T00:00:00Z,43.01250076293945,42.962501525878906
2018-02-21T00:00:00Z,43.20750045776367,42.76750183105469
2018-02-22T00:00:00Z,42.95000076293945,43.125
2018-02-23T00:00:00Z,43.41749954223633,43.875
2018-02-26T00:00:00Z,44.087501525878906,44.74250030517578
2018-02-27T00:00:00Z,44.775001525878906,44.59749984741211
2018-02-28T00:00:00Z,44.814998626708984,44.529998779296875
2018-03-01T00:00:00Z,44.6349983215332,43.75
2018-03-02T00:00:00Z,43.20000076293945,44.0525016784668
2018-03-05T00:00:00Z,43.8025016784668,44.20500183105469
2018-03-06T00:00:00Z,44.477500915527344,44.16749954223633
2018-03-07T00:00:00Z,43.73500061035156,43.75749969482422
2018-03-08T00:00:00Z,43.869998931884766,44.23500061035156
2018-03-09T00:00:00Z,44.4900016784668,44.994998931884766
2018-03-12T00:00:00Z,45.0724983215332,45.43000030517578
2018-03-13T00:00:00Z,45.647499084472656,44.99250030517578
2018-03-14T00:00:00Z,45.08000183105469,44.61000061035156
2018-03-15T00:00:00Z,44.625,44.662498474121094
2018-03-16T00:00:00Z,44.662498474121094,44.505001068115234
2018-03-19T00:00:00Z,44.33000183105469,43.82500076293945
2018-03-20T00:00:00Z,43.810001373291016,43.810001373291016
2018-03-21T00:00:00Z,43.7599983215332,42.817501068115234
2018-03-22T00:00:00Z,42.5,42.212501525878906
2018-03-23T00:00:00Z,42.09749984741211,41.23500061035156
2018-03-26T00:00:00Z,42.01750183105469,43.192501068115234
2018-03-27T00:00:00Z,43.41999816894531,42.084999084472656
2018-03-28T00:00:00Z,41.8125,41.619998931884766
2018-03-29T00:00:00Z,41.95249938964844,41.94499969482422
2018-04-02T00:00:00Z,41.65999984741211,41.66999816894531
2018-04-03T00:00:00Z,41.90999984741211,42.09749984741211
2018-04-04T00:00:00Z,41.220001220703125,42.90250015258789
2018-04-05T00:00:00Z,43.14500045776367,43.20000076293945
2018-04-06T00:00:00Z,42.74250030517578,42.095001220703125
2018-04-09T00:00:00Z,42.470001220703125,42.51250076293945
2018-04-10T00:00:00Z,43.25,43.3125
2018-04-11T00:00:00Z,43.057498931884766,43.11000061035156
2018-04-12T00:00:00Z,43.352500915527344,43.53499984741211
2018-04-13T00:00:00Z,43.69499969482422,43.682498931884766
2018-04-16T00:00:00Z,43.75749969482422,43.95500183105469
2018-04-17T00:00:00Z,44.122501373291016,44.560001373291016
2018-04-18T00:00:00Z,44.45249938964844,44.459999084472656
2018-04-19T00:00:00Z,43.439998626708984,43.20000076293945
2018-04-20T00:00:00Z,42.650001525878906,41.43000030517578
2018-04-23T00:00:00Z,41.70750045776367,41.310001373291016
2018-04-24T00:00:00Z,41.41749954223633,40.73500061035156
2018-04-25T00:00:00Z,40.654998779296875,40.912498474121094
2018-04-26T00:00:00Z,41.029998779296875,41.05500030517578
2018-04-27T00:00:00Z,41.0,40.58000183105469
2018-04-30T00:00:00Z,40.532501220703125,41.314998626708984
2018-05-01T00:00:00Z,41.602500915527344,42.275001525878906
2018-05-02T00:00:00Z,43.807498931884766,44.14250183105469
2018-05-03T00:00:00Z,43.970001220703125,44.22249984741211
2018-05-04T00:00:00Z,44.5625,45.95750045776367
2018-05-07T00:00:00Z,46.29499816894531,46.290000915527344
2018-05-08T00:00:00Z,46.247501373291016,46.51250076293945
2018-05-09T00:00:00Z,46.63750076293945,46.84000015258789
2018-05-10T00:00:00Z,46.935001373291016,47.5099983215332
2018-05-11T00:00:00Z,47.372501373291016,47.147499084472656
2018-05-14T00:00:00Z,47.252498626708984,47.037498474121094
2018-05-15T00:00:00Z,46.69499969482422,46.61000061035156
2018-05-16T00:00:00Z,46.51750183105469,47.04499816894531
2018-05-17T00:00:00Z,47.0,46.747501373291016
2018-05-18T00:00:00Z,46.79750061035156,46.57749938964844
2018-05-21T00:00:00Z,47.0,46.907501220703125
2018-05-22T00:00:00Z,47.095001220703125,46.790000915527344
2018-05-23T00:00:00Z,46.587501525878906,47.09000015258789
2018-05-24T00:00:00Z,47.192501068115234,47.037498474121094
2018-05-25T00:00:00Z,47.057498931884766,47.14500045776367
2018-05-29T00:00:00Z,46.900001525878906,46.974998474121094
2018-05-30T00:00:00Z,46.93000030517578,46.875
2018-05-31T00:00:00Z,46.80500030517578,46.717498779296875
2018-06-01T00:00:00Z,46.997501373291016,47.560001373291016
2018-06-04T00:00:00Z,47.90999984741211,47.95750045776367
2018-06-05T00:00:00Z,48.26750183105469,48.32749938964844
2018-06-06T00:00:00Z,48.407501220703125,48.494998931884766
2018-06-07T00:00:00Z,48.53499984741211,48.3650016784668
2018-06-08T00:00:00Z,47.79249954223633,47.92499923706055
2018-06-11T00:00:00Z,47.837501525878906,47.807498931884766
2018-06-12T00:00:00Z,47.84749984741211,48.06999969482422
2018-06-13T00:00:00Z,48.10499954223633,47.67499923706055
2018-06-14T00:00:00Z,47.88750076293945,47.70000076293945
2018-06-15T00:00:00Z,47.50749969482422,47.209999084472656
2018-06-18T00:00:00Z,46.970001220703125,47.185001373291016
2018-06-19T00:00:00Z,46.28499984741211,46.42250061035156
2018-06-20T00:00:00Z,46.587501525878906,46.625
2018-06-21T00:00:00Z,46.8125,46.3650016784668
2018-06-22T00:00:00Z,46.529998779296875,46.22999954223633
2018-06-25T00:00:00Z,45.849998474121094,45.54249954223633
2018-06-26T00:00:00Z,45.747501373291016,46.10749816894531
2018-06-27T00:00:00Z,46.307498931884766,46.040000915527344
2018-06-28T00:00:00Z,46.025001525878906,46.375
2018-06-29T00:00:00Z,46.5724983215332,46.27750015258789
2018-07-02T00:00:00Z,45.95500183105469,46.79499816894531
2018-07-03T00:00:00Z,46.9474983215332,45.97999954223633
2018-07-05T00:00:00Z,46.314998626708984,46.349998474121094
2018-07-06T00:00:00Z,46.35499954223633,46.99250030517578
2018-07-09T00:00:00Z,47.375,47.64500045776367
2018-07-10T00:00:00Z,47.6775016784668,47.587501525878906
2018-07-11T00:00:00Z,47.125,46.970001220703125
2018-07-12T00:00:00Z,47.38249969482422,47.75749969482422
2018-07-13T00:00:00Z,47.77000045776367,47.83250045776367
2018-07-16T00:00:00Z,47.880001068115234,47.727500915527344
2018-07-17T00:00:00Z,47.4375,47.86249923706055
2018-07-18T00:00:00Z,47.94499969482422,47.599998474121094
2018-07-19T00:00:00Z,47.42250061035156,47.970001220703125
2018-07-20T00:00:00Z,47.94499969482422,47.86000061035156
2018-07-23T00:00:00Z,47.66999816894531,47.90250015258789
2018-07-24T00:00:00Z,48.11249923706055,48.25
2018-07-25T00:00:00Z,48.26499938964844,48.70500183105469
2018-07-26T00:00:00Z,48.65250015258789,48.5525016784668
2018-07-27T00:00:00Z,48.747501373291016,47.744998931884766
2018-07-30T00:00:00Z,47.974998474121094,47.477500915527344
2018-07-31T00:00:00Z,47.57500076293945,47.5724983215332
2018-08-01T00:00:00Z,49.782501220703125,50.375
2018-08-02T00:00:00Z,50.14500045776367,51.84749984741211
2018-08-03T00:00:00Z,51.75749969482422,51.997501373291016
2018-08-06T00:00:00Z,52.0,52.26750183105469
2018-08-07T00:00:00Z,52.33000183105469,51.77750015258789
2018-08-08T00:00:00Z,51.51250076293945,51.8125
2018-08-09T00:00:00Z,52.38249969482422,52.220001220703125
2018-08-10T00:00:00Z,51.84000015258789,51.88249969482422
2018-08-13T00:00:00Z,52.32749938964844,52.217498779296875
2018-08-14T00:00:00Z,52.540000915527344,52.4375
2018-08-15T00:00:00Z,52.30500030517578,52.560001373291016
2018-08-16T00:00:00Z,52.9375,53.33000183105469
2018-08-17T00:00:00Z,53.36000061035156,54.39500045776367
2018-08-20T00:00:00Z,54.525001525878906,53.8650016784668
2018-08-21T00:00:00Z,54.20000076293945,53.7599983215332
2018-08-22T00:00:00Z,53.525001525878906,53.76250076293945
2018-08-23T00:00:00Z,53.662498474121094,53.872501373291016
2018-08-24T00:00:00Z,54.150001525878906,54.040000915527344
2018-08-27T00:00:00Z,54.287498474121094,54.48500061035156
2018-08-28T00:00:00Z,54.752498626708984,54.92499923706055
2018-08-29T00:00:00Z,55.037498474121094,55.744998931884766
2018-08-30T00:00:00Z,55.8125,56.25749969482422
2018-08-31T00:00:00Z,56.627498626708984,56.907501220703125
2018-09-04T00:00:00Z,57.102500915527344,57.09000015258789
2018-09-05T00:00:00Z,57.247501373291016,56.717498779296875
2018-09-06T00:00:00Z,56.557498931884766,55.775001525878906
2018-09-07T00:00:00Z,55.462501525878906,55.32500076293945
2018-09-10T00:00:00Z,55.23749923706055,54.58250045776367
2018-09-11T00:00:00Z,54.502498626708984,55.962501525878906
2018-09-12T00:00:00Z,56.23500061035156,55.26750183105469
2018-09-13T00:00:00Z,55.880001068115234,56.602500915527344
2018-09-14T00:00:00Z,56.4375,55.959999084472656
2018-09-17T00:00:00Z,55.537498474121094,54.470001220703125
2018-09-18T00:00:00Z,54.4474983215332,54.560001373291016
2018-09-19T00:00:00Z,54.625,54.592498779296875
2018-09-20T00:00:00Z,55.060001373291016,55.00749969482422
2018-09-21T00:00:00Z,55.19499969482422,54.415000915527344
2018-09-24T00:00:00Z,54.20500183105469,55.1974983215332
2018-09-25T00:00:00Z,54.9375,55.54750061035156
2018-09-26T00:00:00Z,55.25,55.10499954223633
2018-09-27T00:00:00Z,55.95500183105469,56.23749923706055
2018-09-28T00:00:00Z,56.1974983215332,56.435001373291016
2018-10-01T00:00:00Z,56.98749923706055,56.814998626708984
2018-10-02T00:00:00Z,56.8125,57.31999969482422
2018-10-03T00:00:00Z,57.51250076293945,58.01750183105469
2018-10-04T00:00:00Z,57.69499969482422,56.997501373291016
2018-10-05T00:00:00Z,56.9900016784668,56.0724983215332
2018-10-08T00:00:00Z,55.5525016784668,55.942501068115234
2018-10-09T00:00:00Z,55.90999984741211,56.717498779296875
2018-10-10T00:00:00Z,56.3650016784668,54.09000015258789
2018-10-11T00:00:00Z,53.630001068115234,53.61249923706055
2018-10-12T00:00:00Z,55.10499954223633,55.52750015258789
2018-10-15T00:00:00Z,55.290000915527344,54.34000015258789
2018-10-16T00:00:00Z,54.73249816894531,55.537498474121094
2018-10-17T00:00:00Z,55.57500076293945,55.29750061035156
2018-10-18T00:00:00Z,54.46500015258789,54.005001068115234
2018-10-19T00:00:00Z,54.51499938964844,54.82749938964844
2018-10-22T00:00:00Z,54.9474983215332,55.162498474121094
2018-10-23T00:00:00Z,53.95750045776367,55.682498931884766
2018-10-24T00:00:00Z,55.650001525878906,53.772499084472656
2018-10-25T00:00:00Z,54.4275016784668,54.95000076293945
2018-10-26T00:00:00Z,53.974998474121094,54.07500076293945
2018-10-29T00:00:00Z,54.79750061035156,53.060001373291016
2018-10-30T00:00:00Z,52.787498474121094,53.32500076293945
2018-10-31T00:00:00Z,54.220001220703125,54.71500015258789
2018-11-01T00:00:00Z,54.76250076293945,55.55500030517578
2018-11-02T00:00:00Z,52.38750076293945,51.869998931884766
2018-11-05T00:00:00Z,51.07500076293945,50.397499084472656
2018-11-06T00:00:00Z,50.47999954223633,50.942501068115234
2018-11-07T00:00:00Z,51.49250030517578,52.48749923706055
2018-11-08T00:00:00Z,52.494998931884766,52.122501373291016
2018-11-09T00:00:00Z,51.38750076293945,51.11750030517578
2018-11-12T00:00:00Z,49.75,48.54249954223633
2018-11-13T00:00:00Z,47.907501220703125,48.057498931884766
2018-11-14T00:00:00Z,48.474998474121094,46.70000076293945
2018-11-15T00:00:00Z,47.09749984741211,47.852500915527344
2018-11-16T00:00:00Z,47.625,48.38249969482422
2018-11-19T00:00:00Z,47.5,46.46500015258789
2018-11-20T00:00:00Z,44.592498779296875,44.244998931884766
2018-11-21T00:00:00Z,44.932498931884766,44.19499969482422
2018-11-23T00:00:00Z,43.73500061035156,43.0724983215332
2018-11-26T00:00:00Z,43.560001373291016,43.654998779296875
2018-11-27T00:00:00Z,42.877498626708984,43.560001373291016
2018-11-28T00:00:00Z,44.182498931884766,45.23500061035156
2018-11-29T00:00:00Z,45.665000915527344,44.88750076293945
2018-11-30T00:00:00Z,45.0724983215332,44.64500045776367
2018-12-03T00:00:00Z,46.1150016784668,46.20500183105469
2018-12-04T00:00:00Z,45.23749923706055,44.17250061035156
2018-12-06T00:00:00Z,42.939998626708984,43.68000030517578
2018-12-07T00:00:00Z,43.372501373291016,42.122501373291016
2018-12-10T00:00:00Z,41.25,42.400001525878906
2018-12-11T00:00:00Z,42.915000915527344,42.157501220703125
2018-12-12T00:00:00Z,42.599998474121094,42.275001525878906
2018-12-13T00:00:00Z,42.622501373291016,42.73749923706055
2018-12-14T00:00:00Z,42.25,41.369998931884766
2018-12-17T00:00:00Z,41.36249923706055,40.98500061035156
2018-12-18T00:00:00Z,41.345001220703125,41.51750183105469
2018-12-19T00:00:00Z,41.5,40.22249984741211
2018-12-20T00:00:00Z,40.099998474121094,39.20750045776367
2018-12-21T00:00:00Z,39.21500015258789,37.682498931884766
2018-12-24T00:00:00Z,37.037498474121094,36.70750045776367
2018-12-26T00:00:00Z,37.07500076293945,39.29249954223633
2018-12-27T00:00:00Z,38.959999084472656,39.037498474121094
2018-12-28T00:00:00Z,39.375,39.057498931884766
2018-12-31T00:00:00Z,39.63249969482422,39.435001373291016
2019-01-02T00:00:00Z,38.72249984741211,39.47999954223633
2019-01-03T00:00:00Z,35.994998931884766,35.54750061035156
2019-01-04T00:00:00Z,36.13249969482422,37.064998626708984
2019-01-07T00:00:00Z,37.17499923706055,36.98249816894531
2019-01-08T00:00:00Z,37.38999938964844,37.6875
2019-01-09T00:00:00Z,37.8224983215332,38.32749938964844
2019-01-10T00:00:00Z,38.125,38.45000076293945
2019-01-11T00:00:00Z,38.220001220703125,38.0724983215332
2019-01-14T00:00:00Z,37.712501525878906,37.5
2019-01-15T00:00:00Z,37.567501068115234,38.26750183105469
2019-01-16T00:00:00Z,38.27000045776367,38.73500061035156
2019-01-17T00:00:00Z,38.54999923706055,38.96500015258789
2019-01-18T00:00:00Z,39.375,39.20500183105469
2019-01-22T00:00:00Z,39.102500915527344,38.32500076293945
2019-01-23T00:00:00Z,38.537498474121094,38.47999954223633
2019-01-24T00:00:00Z,38.52750015258789,38.17499923706055
2019-01-25T00:00:00Z,38.869998931884766,39.439998626708984
2019-01-28T00:00:00Z,38.9474983215332,39.07500076293945
2019-01-29T00:00:00Z,39.0625,38.66999816894531
2019-01-30T00:00:00Z,40.8125,41.3125
2019-01-31T00:00:00Z,41.52750015258789,41.61000061035156
2019-02-01T00:00:00Z,41.7400016784668,41.630001068115234
2019-02-04T00:00:00Z,41.852500915527344,42.8125
2019-02-05T00:00:00Z,43.21500015258789,43.54499816894531
2019-02-06T00:00:00Z,43.662498474121094,43.560001373291016
2019-02-07T00:00:00Z,43.099998474121094,42.73500061035156
2019-02-08T00:00:00Z,42.247501373291016,42.602500915527344
2019-02-11T00:00:00Z,42.76250076293945,42.35749816894531
2019-02-12T00:00:00Z,42.525001525878906,42.72249984741211
2019-02-13T00:00:00Z,42.84749984741211,42.54499816894531
2019-02-14T00:00:00Z,42.4275016784668,42.70000076293945
2019-02-15T00:00:00Z,42.8125,42.60499954223633
2019-02-19T00:00:00Z,42.4275016784668,42.73249816894531
2019-02-20T00:00:00Z,42.79750061035156,43.00749969482422
2019-02-21T00:00:00Z,42.95000076293945,42.76499938964844
2019-02-22T00:00:00Z,42.89500045776367,43.24250030517578
2019-02-25T00:00:00Z,43.540000915527344,43.557498931884766
2019-02-26T00:00:00Z,43.4275016784668,43.58250045776367
2019-02-27T00:00:00Z,43.3025016784668,43.717498779296875
2019-02-28T00:00:00Z,43.58000183105469,43.287498474121094
2019-03-01T00:00:00Z,43.56999969482422,43.74250030517578
2019-03-04T00:00:00Z,43.92250061035156,43.962501525878906
2019-03-05T00:00:00Z,43.98500061035156,43.88249969482422
2019-03-06T00:00:00Z,43.66749954223633,43.630001068115234
2019-03-07T00:00:00Z,43.467498779296875,43.125
2019-03-08T00:00:00Z,42.58000183105469,43.227500915527344
2019-03-11T00:00:00Z,43.872501373291016,44.724998474121094
2019-03-12T00:00:00Z,45.0,45.227500915527344
2019-03-13T00:00:00Z,45.5625,45.4275016784668
2019-03-14T00:00:00Z,45.974998474121094,45.932498931884766
2019-03-15T00:00:00Z,46.212501525878906,46.529998779296875
2019-03-18T00:00:00Z,46.45000076293945,47.005001068115234
2019-03-19T00:00:00Z,47.087501525878906,46.63249969482422
2019-03-20T00:00:00Z,46.557498931884766,47.040000915527344
2019-03-21T00:00:00Z,47.505001068115234,48.772499084472656
2019-03-22T00:00:00Z,48.834999084472656,47.76250076293945
2019-03-25T00:00:00Z,47.877498626708984,47.185001373291016
2019-03-26T00:00:00Z,47.915000915527344,46.6974983215332
2019-03-27T00:00:00Z,47.1875,47.11750030517578
2019-03-28T00:00:00Z,47.23749923706055,47.18000030517578
2019-03-29T00:00:00Z,47.45750045776367,47.48749923706055
2019-04-01T00:00:00Z,47.90999984741211,47.810001373291016
2019-04-02T00:00:00Z,47.772499084472656,48.505001068115234
2019-04-03T00:00:00Z,48.3125,48.837501525878906
2019-04-04T00:00:00Z,48.6974983215332,48.92250061035156
2019-04-05T00:00:00Z,49.11249923706055,49.25
2019-04-08T00:00:00Z,49.10499954223633,50.025001525878906
2019-04-09T00:00:00Z,50.08000183105469,49.875
2019-04-10T00:00:00Z,49.66999816894531,50.154998779296875
2019-04-11T00:00:00Z,50.212501525878906,49.73749923706055
2019-04-12T00:00:00Z,49.79999923706055,49.717498779296875
2019-04-15T00:00:00Z,49.64500045776367,49.807498931884766
2019-04-16T00:00:00Z,49.8650016784668,49.8125
2019-04-17T00:00:00Z,49.8849983215332,50.782501220703125
2019-04-18T00:00:00Z,50.779998779296875,50.96500015258789
2019-04-22T00:00:00Z,50.70750045776367,51.13249969482422
2019-04-23T00:00:00Z,51.10749816894531,51.869998931884766
2019-04-24T00:00:00Z,51.84000015258789,51.790000915527344
2019-04-25T00:00:00Z,51.70750045776367,51.31999969482422
2019-04-26T00:00:00Z,51.224998474121094,51.07500076293945
2019-04-29T00:00:00Z,51.099998474121094,51.15250015258789
2019-04-30T00:00:00Z,50.76499938964844,50.16749954223633
2019-05-01T00:00:00Z,52.470001220703125,52.630001068115234
2019-05-02T00:00:00Z,52.459999084472656,52.287498474121094
2019-05-03T00:00:00Z,52.72249984741211,52.9375
2019-05-06T00:00:00Z,51.0724983215332,52.119998931884766
2019-05-07T00:00:00Z,51.470001220703125,50.71500015258789
2019-05-08T00:00:00Z,50.474998474121094,50.724998474121094
2019-05-09T00:00:00Z,50.099998474121094,50.18000030517578
2019-05-10T00:00:00Z,49.35499954223633,49.29499816894531
2019-05-13T00:00:00Z,46.9275016784668,46.43000030517578
2019-05-14T00:00:00Z,46.602500915527344,47.165000915527344
2019-05-15T00:00:00Z,46.567501068115234,47.72999954223633
2019-05-16T00:00:00Z,47.477500915527344,47.52000045776367
2019-05-17T00:00:00Z,46.73249816894531,47.25
2019-05-20T00:00:00Z,45.880001068115234,45.772499084472656
2019-05-21T00:00:00Z,46.30500030517578,46.650001525878906
2019-05-22T00:00:00Z,46.165000915527344,45.69499969482422
2019-05-23T00:00:00Z,44.95000076293945,44.915000915527344
2019-05-24T00:00:00Z,45.04999923706055,44.74250030517578
2019-05-28T00:00:00Z,44.72999954223633,44.557498931884766
2019-05-29T00:00:00Z,44.10499954223633,44.345001220703125
2019-05-30T00:00:00Z,44.48749923706055,44.57500076293945
2019-05-31T00:00:00Z,44.057498931884766,43.76750183105469
2019-06-03T00:00:00Z,43.900001525878906,43.32500076293945
2019-06-04T00:00:00Z,43.86000061035156,44.90999984741211
2019-06-05T00:00:00Z,46.06999969482422,45.6349983215332
2019-06-06T00:00:00Z,45.77000045776367,46.30500030517578
2019-06-07T00:00:00Z,46.627498626708984,47.537498474121094
2019-06-10T00:00:00Z,47.95249938964844,48.14500045776367
2019-06-11T00:00:00Z,48.71500015258789,48.70249938964844
2019-06-12T00:00:00Z,48.48749923706055,48.54750061035156
2019-06-13T00:00:00Z,48.67499923706055,48.537498474121094
2019-06-14T00:00:00Z,47.88750076293945,48.185001373291016
2019-06-17T00:00:00Z,48.224998474121094,48.47249984741211
2019-06-18T00:00:00Z,49.01250076293945,49.61249923706055
2019-06-19T00:00:00Z,49.91999816894531,49.467498779296875
2019-06-20T00:00:00Z,50.092498779296875,49.8650016784668
2019-06-21T00:00:00Z,49.70000076293945,49.69499969482422
2019-06-24T00:00:00Z,49.6349983215332,49.64500045776367
2019-06-25T00:00:00Z,49.60749816894531,48.89250183105469
2019-06-26T00:00:00Z,49.442501068115234,49.95000076293945
2019-06-27T00:00:00Z,50.0724983215332,49.935001373291016
2019-06-28T00:00:00Z,49.66999816894531,49.47999954223633
2019-07-01T00:00:00Z,50.79249954223633,50.38750076293945
2019-07-02T00:00:00Z,50.352500915527344,50.682498931884766
2019-07-03T00:00:00Z,50.81999969482422,51.102500915527344
2019-07-05T00:00:00Z,50.837501525878906,51.057498931884766
2019-07-08T00:00:00Z,50.20249938964844,50.005001068115234
2019-07-09T00:00:00Z,49.79999923706055,50.310001373291016
2019-07-10T00:00:00Z,50.462501525878906,50.807498931884766
2019-07-11T00:00:00Z,50.82749938964844,50.4375
2019-07-12T00:00:00Z,50.61249923706055,50.82500076293945
2019-07-15T00:00:00Z,51.022499084472656,51.3025016784668
2019-07-16T00:00:00Z,51.147499084472656,51.125
2019-07-17T00:00:00Z,51.01250076293945,50.837501525878906
2019-07-18T00:00:00Z,51.0,51.415000915527344
2019-07-19T00:00:00Z,51.4474983215332,50.647499084472656
2019-07-22T00:00:00Z,50.912498474121094,51.80500030517578
2019-07-23T00:00:00Z,52.1150016784668,52.209999084472656
2019-07-24T00:00:00Z,51.91749954223633,52.16749954223633
2019-07-25T00:00:00Z,52.22249984741211,51.755001068115234
2019-07-26T00:00:00Z,51.869998931884766,51.935001373291016
2019-07-29T00:00:00Z,52.1150016784668,52.41999816894531
2019-07-30T00:00:00Z,52.189998626708984,52.19499969482422
2019-07-31T00:00:00Z,54.10499954223633,53.2599983215332
2019-08-01T00:00:00Z,53.474998474121094,52.10749816894531
2019-08-02T00:00:00Z,51.38249969482422,51.005001068115234
2019-08-05T00:00:00Z,49.497501373291016,48.334999084472656
2019-08-06T00:00:00Z,49.07749938964844,49.25
2019-08-07T00:00:00Z,48.852500915527344,49.7599983215332
2019-08-08T00:00:00Z,50.04999923706055,50.85749816894531
2019-08-09T00:00:00Z,50.32500076293945,50.247501373291016
2019-08-12T00:00:00Z,49.904998779296875,50.119998931884766
2019-08-13T00:00:00Z,50.255001068115234,52.24250030517578
2019-08-14T00:00:00Z,50.790000915527344,50.6875
2019-08-15T00:00:00Z,50.8650016784668,50.435001373291016
2019-08-16T00:00:00Z,51.06999969482422,51.625
2019-08-19T00:00:00Z,52.654998779296875,52.587501525878906
2019-08-20T00:00:00Z,52.720001220703125,52.59000015258789
2019-08-21T00:00:00Z,53.247501373291016,53.15999984741211
2019-08-22T00:00:00Z,53.29750061035156,53.1150016784668
2019-08-23T00:00:00Z,52.35749816894531,50.65999984741211
2019-08-26T00:00:00Z,51.46500015258789,51.622501373291016
2019-08-27T00:00:00Z,51.96500015258789,51.040000915527344
2019-08-28T00:00:00Z,51.025001525878906,51.38249969482422
2019-08-29T00:00:00Z,52.125,52.252498626708984
2019-08-30T00:00:00Z,52.540000915527344,52.185001373291016
2019-09-03T00:00:00Z,51.60749816894531,51.42499923706055
2019-09-04T00:00:00Z,52.09749984741211,52.29750061035156
2019-09-05T00:00:00Z,53.0,53.31999969482422
2019-09-06T00:00:00Z,53.51250076293945,53.314998626708984
2019-09-09T00:00:00Z,53.709999084472656,53.54249954223633
2019-09-10T00:00:00Z,53.46500015258789,54.17499923706055
2019-09-11T00:00:00Z,54.51750183105469,55.897499084472656
2019-09-12T00:00:00Z,56.20000076293945,55.772499084472656
2019-09-13T00:00:00Z,55.0,54.6875
2019-09-16T00:00:00Z,54.432498931884766,54.974998474121094
2019-09-17T00:00:00Z,54.9900016784668,55.17499923706055
2019-09-18T00:00:00Z,55.26499938964844,55.692501068115234
2019-09-19T00:00:00Z,55.502498626708984,55.2400016784668
2019-09-20T00:00:00Z,55.345001220703125,54.432498931884766
2019-09-23T00:00:00Z,54.73749923706055,54.68000030517578
2019-09-24T00:00:00Z,55.25749969482422,54.41999816894531
2019-09-25T00:00:00Z,54.63750076293945,55.25749969482422
2019-09-26T00:00:00Z,55.0,54.97249984741211
2019-09-27T00:00:00Z,55.1349983215332,54.70500183105469
2019-09-30T00:00:00Z,55.224998474121094,55.99250030517578
2019-10-01T00:00:00Z,56.26750183105469,56.147499084472656
2019-10-02T00:00:00Z,55.76499938964844,54.7400016784668
2019-10-03T00:00:00Z,54.60749816894531,55.20500183105469
2019-10-04T00:00:00Z,56.40999984741211,56.752498626708984
2019-10-07T00:00:00Z,56.567501068115234,56.76499938964844
2019-10-08T00:00:00Z,56.45500183105469,56.099998474121094
2019-10-09T00:00:00Z,56.75749969482422,56.75749969482422
2019-10-10T00:00:00Z,56.98249816894531,57.522499084472656
2019-10-11T00:00:00Z,58.23749923706055,59.0525016784668
2019-10-14T00:00:00Z,58.724998474121094,58.967498779296875
2019-10-15T00:00:00Z,59.09749984741211,58.83000183105469
2019-10-16T00:00:00Z,58.342498779296875,58.592498779296875
2019-10-17T00:00:00Z,58.772499084472656,58.81999969482422
2019-10-18T00:00:00Z,58.647499084472656,59.102500915527344
2019-10-21T00:00:00Z,59.380001068115234,60.127498626708984
2019-10-22T00:00:00Z,60.290000915527344,59.9900016784668
2019-10-23T00:00:00Z,60.525001525878906,60.79499816894531
2019-10-24T00:00:00Z,61.127498626708984,60.89500045776367
2019-10-25T00:00:00Z,60.790000915527344,61.64500045776367
2019-10-28T00:00:00Z,61.85499954223633,62.26250076293945
2019-10-29T00:00:00Z,62.24250030517578,60.8224983215332
2019-10-30T00:00:00Z,61.189998626708984,60.814998626708984
2019-10-31T00:00:00Z,61.810001373291016,62.189998626708984
2019-11-01T00:00:00Z,62.3849983215332,63.95500183105469
2019-11-04T00:00:00Z,64.3324966430664,64.375
2019-11-05T00:00:00Z,64.26249694824219,64.28250122070312
2019-11-06T00:00:00Z,64.19249725341797,64.30999755859375
2019-11-07T00:00:00Z,64.68499755859375,64.85749816894531
2019-11-08T00:00:00Z,64.67250061035156,65.03500366210938
2019-11-11T00:00:00Z,64.57499694824219,65.55000305175781
2019-11-12T00:00:00Z,65.38749694824219,65.48999786376953
2019-11-13T00:00:00Z,65.28250122070312,66.11750030517578
2019-11-14T00:00:00Z,65.9375,65.66000366210938
2019-11-15T00:00:00Z,65.91999816894531,66.44000244140625
2019-11-18T00:00:00Z,66.44999694824219,66.7750015258789
2019-11-19T00:00:00Z,66.9749984741211,66.57250213623047
2019-11-20T00:00:00Z,66.38500213623047,65.79750061035156
2019-11-21T00:00:00Z,65.92250061035156,65.50250244140625
2019-11-22T00:00:00Z,65.64749908447266,65.44499969482422
2019-11-25T00:00:00Z,65.67749786376953,66.59249877929688
2019-11-26T00:00:00Z,66.73500061035156,66.07250213623047
2019-11-27T00:00:00Z,66.3949966430664,66.95999908447266
2019-11-29T00:00:00Z,66.6500015258789,66.8125
2019-12-02T00:00:00Z,66.81749725341797,66.04000091552734
2019-12-03T00:00:00Z,64.57749938964844,64.86250305175781
2019-12-04T00:00:00Z,65.26750183105469,65.43499755859375
2019-12-05T00:00:00Z,65.94750213623047,66.3949966430664
2019-12-06T00:00:00Z,66.87000274658203,67.67749786376953
2019-12-09T00:00:00Z,67.5,66.7300033569336
2019-12-10T00:00:00Z,67.1500015258789,67.12000274658203
2019-12-11T00:00:00Z,67.20249938964844,67.69249725341797
2019-12-12T00:00:00Z,66.94499969482422,67.86499786376953
2019-12-13T00:00:00Z,67.86499786376953,68.7874984741211
2019-12-16T00:00:00Z,69.25,69.96499633789062
2019-12-17T00:00:00Z,69.89250183105469,70.10250091552734
2019-12-18T00:00:00Z,69.94999694824219,69.93499755859375
2019-12-19T00:00:00Z,69.875,70.00499725341797
2019-12-20T00:00:00Z,70.55750274658203,69.86000061035156
2019-12-23T00:00:00Z,70.13249969482422,71.0
2019-12-24T00:00:00Z,71.17250061035156,71.06749725341797
2019-12-26T00:00:00Z,71.20500183105469,72.47750091552734
2019-12-27T00:00:00Z,72.77999877929688,72.44999694824219
2019-12-30T00:00:00Z,72.36499786376953,72.87999725341797
2019-12-31T00:00:00Z,72.48249816894531,73.4124984741211
2020-01-02T00:00:00Z,74.05999755859375,75.0875015258789
2020-01-03T00:00:00Z,74.2874984741211,74.35749816894531
2020-01-06T00:00:00Z,73.44750213623047,74.94999694824219
2020-01-07T00:00:00Z,74.95999908447266,74.59750366210938
2020-01-08T00:00:00Z,74.29000091552734,75.79750061035156
2020-01-09T00:00:00Z,76.80999755859375,77.40750122070312
2020-01-10T00:00:00Z,77.6500015258789,77.5824966430664
2020-01-13T00:00:00Z,77.91000366210938,79.23999786376953
2020-01-14T00:00:00Z,79.17500305175781,78.16999816894531
2020-01-15T00:00:00Z,77.9625015258789,77.83499908447266
2020-01-16T00:00:00Z,78.39749908447266,78.80999755859375
2020-01-17T00:00:00Z,79.06749725341797,79.68250274658203
2020-01-21T00:00:00Z,79.29750061035156,79.14250183105469
2020-01-22T00:00:00Z,79.6449966430664,79.42500305175781
2020-01-23T00:00:00Z,79.4800033569336,79.80750274658203
2020-01-24T00:00:00Z,80.0625,79.57749938964844
2020-01-27T00:00:00Z,77.51499938964844,77.23750305175781
2020-01-28T00:00:00Z,78.1500015258789,79.42250061035156
2020-01-29T00:00:00Z,81.11250305175781,81.08499908447266
2020-01-30T00:00:00Z,80.13500213623047,80.96749877929688
2020-01-31T00:00:00Z,80.23249816894531,77.37750244140625
2020-02-03T00:00:00Z,76.07499694824219,77.16500091552734
2020-02-04T00:00:00Z,78.82749938964844,79.7125015258789
2020-02-05T00:00:00Z,80.87999725341797,80.36250305175781
2020-02-06T00:00:00Z,80.64250183105469,81.30249786376953
2020-02-07T00:00:00Z,80.59249877929688,80.00749969482422
2020-02-10T00:00:00Z,78.54499816894531,80.38749694824219
2020-02-11T00:00:00Z,80.9000015258789,79.90249633789062
2020-02-12T00:00:00Z,80.36750030517578,81.80000305175781
2020-02-13T00:00:00Z,81.04750061035156,81.21749877929688
2020-02-14T00:00:00Z,81.18499755859375,81.23750305175781
2020-02-18T00:00:00Z,78.83999633789062,79.75
2020-02-19T00:00:00Z,80.0,80.90499877929688
2020-02-20T00:00:00Z,80.65750122070312,80.07499694824219
2020-02-21T00:00:00Z,79.65499877929688,78.26249694824219
2020-02-24T00:00:00Z,74.31500244140625,74.54499816894531
2020-02-25T00:00:00Z,75.23750305175781,72.0199966430664
2020-02-26T00:00:00Z,71.63249969482422,73.1624984741211
2020-02-27T00:00:00Z,70.2750015258789,68.37999725341797
2020-02-28T00:00:00Z,64.31500244140625,68.33999633789062
2020-03-02T00:00:00Z,70.56999969482422,74.70249938964844
2020-03-03T00:00:00Z,75.9175033569336,72.33000183105469
2020-03-04T00:00:00Z,74.11000061035156,75.68499755859375
2020-03-05T00:00:00Z,73.87999725341797,73.2300033569336
2020-03-06T00:00:00Z,70.5,72.25749969482422
2020-03-09T00:00:00Z,65.9375,66.5425033569336
2020-03-10T00:00:00Z,69.28500366210938,71.33499908447266
2020-03-11T00:00:00Z,69.34750366210938,68.85749816894531
2020-03-12T00:00:00Z,63.98500061035156,62.057498931884766
2020-03-13T00:00:00Z,66.22250366210938,69.49250030517578
2020-03-16T00:00:00Z,60.48749923706055,60.5525016784668
2020-03-17T00:00:00Z,61.877498626708984,63.21500015258789
2020-03-18T00:00:00Z,59.942501068115234,61.66749954223633
2020-03-19T00:00:00Z,61.84749984741211,61.19499969482422
2020-03-20T00:00:00Z,61.79499816894531,57.310001373291016
2020-03-23T00:00:00Z,57.02000045776367,56.092498779296875
2020-03-24T00:00:00Z,59.09000015258789,61.720001220703125
2020-03-25T00:00:00Z,62.6875,61.380001068115234
2020-03-26T00:00:00Z,61.630001068115234,64.61000061035156
2020-03-27T00:00:00Z,63.1875,61.935001373291016
2020-03-30T00:00:00Z,62.685001373291016,63.70249938964844
2020-03-31T00:00:00Z,63.900001525878906,63.5724983215332
2020-04-01T00:00:00Z,61.625,60.227500915527344
2020-04-02T00:00:00Z,60.084999084472656,61.23249816894531
2020-04-03T00:00:00Z,60.70000076293945,60.352500915527344
2020-04-06T00:00:00Z,62.724998474121094,65.61750030517578
2020-04-07T00:00:00Z,67.69999694824219,64.85749816894531
2020-04-08T00:00:00Z,65.68499755859375,66.51750183105469
2020-04-09T00:00:00Z,67.17500305175781,66.99749755859375
2020-04-13T00:00:00Z,67.07749938964844,68.3125
2020-04-14T00:00:00Z,70.0,71.76249694824219
2020-04-15T00:00:00Z,70.5999984741211,71.10749816894531
2020-04-16T00:00:00Z,71.84500122070312,71.67250061035156
2020-04-17T00:00:00Z,71.17250061035156,70.69999694824219
2020-04-20T00:00:00Z,69.48750305175781,69.23249816894531
2020-04-21T00:00:00Z,69.06999969482422,67.09249877929688
2020-04-22T00:00:00Z,68.40249633789062,69.0250015258789
2020-04-23T00:00:00Z,68.96749877929688,68.75749969482422
2020-04-24T00:00:00Z,69.30000305175781,70.74250030517578
2020-04-27T00:00:00Z,70.44999694824219,70.7925033569336
2020-04-28T00:00:00Z,71.2699966430664,69.6449966430664
2020-04-29T00:00:00Z,71.18250274658203,71.93250274658203
2020-04-30T00:00:00Z,72.48999786376953,73.44999694824219
2020-05-01T00:00:00Z,71.5625,72.26750183105469
2020-05-04T00:00:00Z,72.2925033569336,73.29000091552734
2020-05-05T00:00:00Z,73.76499938964844,74.38999938964844
2020-05-06T00:00:00Z,75.11499786376953,75.15750122070312
2020-05-07T00:00:00Z,75.80500030517578,75.93499755859375
2020-05-08T00:00:00Z,76.41000366210938,77.53250122070312
2020-05-11T00:00:00Z,77.0250015258789,78.75250244140625
2020-05-12T00:00:00Z,79.4574966430664,77.85250091552734
2020-05-13T00:00:00Z,78.0374984741211,76.9124984741211
2020-05-14T00:00:00Z,76.12750244140625,77.38500213623047
2020-05-15T00:00:00Z,75.0875015258789,76.92749786376953
2020-05-18T00:00:00Z,78.2925033569336,78.73999786376953
2020-05-19T00:00:00Z,78.75749969482422,78.28500366210938
2020-05-20T00:00:00Z,79.16999816894531,79.80750274658203
2020-05-21T00:00:00Z,79.66500091552734,79.2125015258789
2020-05-22T00:00:00Z,78.94249725341797,79.72250366210938
2020-05-26T00:00:00Z,80.875,79.18250274658203
2020-05-27T00:00:00Z,79.03500366210938,79.52749633789062
2020-05-28T00:00:00Z,79.19249725341797,79.5625
2020-05-29T00:00:00Z,79.8125,79.48500061035156
2020-06-01T00:00:00Z,79.4375,80.4625015258789
2020-06-02T00:00:00Z,80.1875,80.83499908447266
2020-06-03T00:00:00Z,81.16500091552734,81.27999877929688
2020-06-04T00:00:00Z,81.09750366210938,80.58000183105469
2020-06-05T00:00:00Z,80.8375015258789,82.875
2020-06-08T00:00:00Z,82.5625,83.36499786376953
2020-06-09T00:00:00Z,83.03500366210938,85.99749755859375
2020-06-10T00:00:00Z,86.9749984741211,88.20999908447266
2020-06-11T00:00:00Z,87.32749938964844,83.9749984741211
2020-06-12T00:00:00Z,86.18000030517578,84.69999694824219
2020-06-15T00:00:00Z,83.3125,85.74749755859375
2020-06-16T00:00:00Z,87.86499786376953,88.0199966430664
2020-06-17T00:00:00Z,88.7874984741211,87.89749908447266
2020-06-18T00:00:00Z,87.85250091552734,87.93250274658203
2020-06-19T00:00:00Z,88.66000366210938,87.43000030517578
2020-06-22T00:00:00Z,87.83499908447266,89.71749877929688
2020-06-23T00:00:00Z,91.0,91.63249969482422
2020-06-24T00:00:00Z,91.25,90.01499938964844
2020-06-25T00:00:00Z,90.17500305175781,91.20999908447266
2020-06-26T00:00:00Z,91.10250091552734,88.40750122070312
2020-06-29T00:00:00Z,88.3125,90.44499969482422
2020-06-30T00:00:00Z,90.0199966430664,91.19999694824219
2020-07-01T00:00:00Z,91.27999877929688,91.02749633789062
2020-07-02T00:00:00Z,91.9625015258789,91.02749633789062
2020-07-06T00:00:00Z,92.5,93.4625015258789
2020-07-07T00:00:00Z,93.85250091552734,93.17250061035156
2020-07-08T00:00:00Z,94.18000030517578,95.34249877929688
2020-07-09T00:00:00Z,96.26249694824219,95.75250244140625
2020-07-10T00:00:00Z,95.33499908447266,95.91999816894531
2020-07-13T00:00:00Z,97.26499938964844,95.47750091552734
2020-07-14T00:00:00Z,94.83999633789062,97.05750274658203
2020-07-15T00:00:00Z,98.98999786376953,97.7249984741211
2020-07-16T00:00:00Z,96.5625,96.52249908447266
2020-07-17T00:00:00Z,96.98750305175781,96.32749938964844
2020-07-20T00:00:00Z,96.4175033569336,98.35749816894531
2020-07-21T00:00:00Z,99.17250061035156,97.0
2020-07-22T00:00:00Z,96.69249725341797,97.27249908447266
2020-07-23T00:00:00Z,96.99749755859375,92.84500122070312
2020-07-24T00:00:00Z,90.98750305175781,92.61499786376953
2020-07-27T00:00:00Z,93.70999908447266,94.80999755859375
2020-07-28T00:00:00Z,94.36750030517578,93.25250244140625
2020-07-29T00:00:00Z,93.75,95.04000091552734
2020-07-30T00:00:00Z,94.1875,96.19000244140625
2020-07-31T00:00:00Z,102.88500213623047,106.26000213623047
2020-08-03T00:00:00Z,108.19999694824219,108.9375
2020-08-04T00:00:00Z,109.13249969482422,109.66500091552734
2020-08-05T00:00:00Z,109.37750244140625,110.0625
2020-08-06T00:00:00Z,110.40499877929688,113.90249633789062
2020-08-07T00:00:00Z,113.20500183105469,111.11250305175781
2020-08-10T00:00:00Z,112.5999984741211,112.72750091552734
2020-08-11T00:00:00Z,111.97000122070312,109.375
2020-08-12T00:00:00Z,110.49749755859375,113.01000213623047
2020-08-13T00:00:00Z,114.43000030517578,115.01000213623047
2020-08-14T00:00:00Z,114.83000183105469,114.90750122070312
2020-08-17T00:00:00Z,116.0625,114.60749816894531
2020-08-18T00:00:00Z,114.35250091552734,115.5625
2020-08-19T00:00:00Z,115.98249816894531,115.7074966430664
2020-08-20T00:00:00Z,115.75,118.2750015258789
2020-08-21T00:00:00Z,119.26249694824219,124.37000274658203
2020-08-24T00:00:00Z,128.69749450683594,125.85749816894531
2020-08-25T00:00:00Z,124.69750213623047,124.82499694824219
2020-08-26T00:00:00Z,126.18000030517578,126.52249908447266
2020-08-27T00:00:00Z,127.14250183105469,125.01000213623047
2020-08-28T00:00:00Z,126.01249694824219,124.80750274658203
2020-08-31T00:00:00Z,127.58000183105469,129.0399932861328
2020-09-01T00:00:00Z,132.75999450683594,134.17999267578125
2020-09-02T00:00:00Z,137.58999633789062,131.39999389648438
2020-09-03T00:00:00Z,126.91000366210938,120.87999725341797
2020-09-04T00:00:00Z,120.06999969482422,120.95999908447266
2020-09-08T00:00:00Z,113.94999694824219,112.81999969482422
2020-09-09T00:00:00Z,117.26000213623047,117.31999969482422
2020-09-10T00:00:00Z,120.36000061035156,113.48999786376953
2020-09-11T00:00:00Z,114.56999969482422,112.0
2020-09-14T00:00:00Z,114.72000122070312,115.36000061035156
2020-09-15T00:00:00Z,118.33000183105469,115.54000091552734
2020-09-16T00:00:00Z,115.2300033569336,112.12999725341797
2020-09-17T00:00:00Z,109.72000122070312,110.33999633789062
2020-09-18T00:00:00Z,110.4000015258789,106.83999633789062
2020-09-21T00:00:00Z,104.54000091552734,110.08000183105469
2020-09-22T00:00:00Z,112.68000030517578,111.80999755859375
2020-09-23T00:00:00Z,111.62000274658203,107.12000274658203
2020-09-24T00:00:00Z,105.16999816894531,108.22000122070312
2020-09-25T00:00:00Z,108.43000030517578,112.27999877929688
2020-09-28T00:00:00Z,115.01000213623047,114.95999908447266
2020-09-29T00:00:00Z,114.55000305175781,114.08999633789062
2020-09-30T00:00:00Z,113.79000091552734,115.80999755859375
2020-10-01T00:00:00Z,117.63999938964844,116.79000091552734
2020-10-02T00:00:00Z,112.88999938964844,113.0199966430664
2020-10-05T00:00:00Z,113.91000366210938,116.5
2020-10-06T00:00:00Z,115.69999694824219,113.16000366210938
2020-10-07T00:00:00Z,114.62000274658203,115.08000183105469
2020-10-08T00:00:00Z,116.25,114.97000122070312
2020-10-09T00:00:00Z,115.27999877929688,116.97000122070312
2020-10-12T00:00:00Z,120.05999755859375,124.4000015258789
2020-10-13T00:00:00Z,125.2699966430664,121.0999984741211
2020-10-14T00:00:00Z,121.0,121.19000244140625
2020-10-15T00:00:00Z,118.72000122070312,120.70999908447266
2020-10-16T00:00:00Z,121.27999877929688,119.0199966430664
2020-10-19T00:00:00Z,119.95999908447266,115.9800033569336
2020-10-20T00:00:00Z,116.19999694824219,117.51000213623047
2020-10-21T00:00:00Z,116.66999816894531,116.87000274658203
2020-10-22T00:00:00Z,117.44999694824219,115.75
2020-10-23T00:00:00Z,116.38999938964844,115.04000091552734
2020-10-26T00:00:00Z,114.01000213623047,115.05000305175781
2020-10-27T00:00:00Z,115.48999786376953,116.5999984741211
2020-10-28T00:00:00Z,115.05000305175781,111.19999694824219
2020-10-29T00:00:00Z,112.37000274658203,115.31999969482422
2020-10-30T00:00:00Z,111.05999755859375,108.86000061035156
2020-11-02T00:00:00Z,109.11000061035156,108.7699966430664
2020-11-03T00:00:00Z,109.66000366210938,110.44000244140625
2020-11-04T00:00:00Z,114.13999938964844,114.94999694824219
2020-11-05T00:00:00Z,117.94999694824219,119.02999877929688
2020-11-06T00:00:00Z,118.31999969482422,118.69000244140625
2020-11-09T00:00:00Z,120.5,116.31999969482422
2020-11-10T00:00:00Z,115.55000305175781,115.97000122070312
2020-11-11T00:00:00Z,117.19000244140625,119.48999786376953
2020-11-12T00:00:00Z,119.62000274658203,119.20999908447266
2020-11-13T00:00:00Z,119.44000244140625,119.26000213623047
2020-11-16T00:00:00Z,118.91999816894531,120.30000305175781
2020-11-17T00:00:00Z,119.55000305175781,119.38999938964844
2020-11-18T00:00:00Z,118.61000061035156,118.02999877929688
2020-11-19T00:00:00Z,117.58999633789062,118.63999938964844
2020-11-20T00:00:00Z,118.63999938964844,117.33999633789062
2020-11-23T00:00:00Z,117.18000030517578,113.8499984741211
2020-11-24T00:00:00Z,113.91000366210938,115.16999816894531
2020-11-25T00:00:00Z,115.55000305175781,116.02999877929688
2020-11-27T00:00:00Z,116.56999969482422,116.58999633789062
2020-11-30T00:00:00Z,116.97000122070312,119.05000305175781
2020-12-01T00:00:00Z,121.01000213623047,122.72000122070312
2020-12-02T00:00:00Z,122.0199966430664,123.08000183105469
2020-12-03T00:00:00Z,123.5199966430664,122.94000244140625
2020-12-04T00:00:00Z,122.5999984741211,122.25
2020-12-07T00:00:00Z,122.30999755859375,123.75
2020-12-08T00:00:00Z,124.37000274658203,124.37999725341797
2020-12-09T00:00:00Z,124.52999877929688,121.77999877929688
2020-12-10T00:00:00Z,120.5,123.23999786376953
2020-12-11T00:00:00Z,122.43000030517578,122.41000366210938
2020-12-14T00:00:00Z,122.5999984741211,121.77999877929688
2020-12-15T00:00:00Z,124.33999633789062,127.87999725341797
2020-12-16T00:00:00Z,127.41000366210938,127.80999755859375
2020-12-17T00:00:00Z,128.89999389648438,128.6999969482422
2020-12-18T00:00:00Z,128.9600067138672,126.66000366210938
2020-12-21T00:00:00Z,125.0199966430664,128.22999572753906
2020-12-22T00:00:00Z,131.61000061035156,131.8800048828125
2020-12-23T00:00:00Z,132.16000366210938,130.9600067138672
2020-12-24T00:00:00Z,131.32000732421875,131.97000122070312
2020-12-28T00:00:00Z,133.99000549316406,136.69000244140625
2020-12-29T00:00:00Z,138.0500030517578,134.8699951171875
2020-12-30T00:00:00Z,135.5800018310547,133.72000122070312
2020-12-31T00:00:00Z,134.0800018310547,132.69000244140625
2021-01-04T00:00:00Z,133.52000427246094,129.41000366210938
2021-01-05T00:00:00Z,128.88999938964844,131.00999450683594
2021-01-06T00:00:00Z,127.72000122070312,126.5999984741211
2021-01-07T00:00:00Z,128.36000061035156,130.9199981689453
2021-01-08T00:00:00Z,132.42999267578125,132.0500030517578
2021-01-11T00:00:00Z,129.19000244140625,128.97999572753906
2021-01-12T00:00:00Z,128.5,128.8000030517578
2021-01-13T00:00:00Z,128.75999450683594,130.88999938964844
2021-01-14T00:00:00Z,130.8000030517578,128.91000366210938
2021-01-15T00:00:00Z,128.77999877929688,127.13999938964844
2021-01-19T00:00:00Z,127.77999877929688,127.83000183105469
2021-01-20T00:00:00Z,128.66000366210938,132.02999877929688
2021-01-21T00:00:00Z,133.8000030517578,136.8699951171875
2021-01-22T00:00:00Z,136.27999877929688,139.07000732421875
2021-01-25T00:00:00Z,143.07000732421875,142.9199981689453
2021-01-26T00:00:00Z,143.60000610351562,143.16000366210938
2021-01-27T00:00:00Z,143.42999267578125,142.05999755859375
2021-01-28T00:00:00Z,139.52000427246094,137.08999633789062
2021-01-29T00:00:00Z,135.8300018310547,131.9600067138672
2021-02-01T00:00:00Z,133.75,134.13999938964844
2021-02-02T00:00:00Z,135.72999572753906,134.99000549316406
2021-02-03T00:00:00Z,135.75999450683594,133.94000244140625
2021-02-04T00:00:00Z,136.3000030517578,137.38999938964844
2021-02-05T00:00:00Z,137.35000610351562,136.75999450683594
2021-02-08T00:00:00Z,136.02999877929688,136.91000366210938
2021-02-09T00:00:00Z,136.6199951171875,136.00999450683594
2021-02-10T00:00:00Z,136.47999572753906,135.38999938964844
2021-02-11T00:00:00Z,135.89999389648438,135.1300048828125
2021-02-12T00:00:00Z,134.35000610351562,135.3699951171875
2021-02-16T00:00:00Z,135.49000549316406,133.19000244140625
2021-02-17T00:00:00Z,131.25,130.83999633789062
2021-02-18T00:00:00Z,129.1999969482422,129.7100067138672
2021-02-19T00:00:00Z,130.24000549316406,129.8699951171875
2021-02-22T00:00:00Z,128.00999450683594,126.0
2021-02-23T00:00:00Z,123.76000213623047,125.86000061035156
2021-02-24T00:00:00Z,124.94000244140625,125.3499984741211
2021-02-25T00:00:00Z,124.68000030517578,120.98999786376953
2021-02-26T00:00:00Z,122.58999633789062,121.26000213623047
2021-03-01T00:00:00Z,123.75,127.79000091552734
2021-03-02T00:00:00Z,128.41000366210938,125.12000274658203
2021-03-03T00:00:00Z,124.80999755859375,122.05999755859375
2021-03-04T00:00:00Z,121.75,120.12999725341797
2021-03-05T00:00:00Z,120.9800033569336,121.41999816894531
2021-03-08T00:00:00Z,120.93000030517578,116.36000061035156
2021-03-09T00:00:00Z,119.02999877929688,121.08999633789062
2021-03-10T00:00:00Z,121.69000244140625,119.9800033569336
2021-03-11T00:00:00Z,122.54000091552734,121.95999908447266
2021-03-12T00:00:00Z,120.4000015258789,121.02999877929688
2021-03-15T00:00:00Z,121.41000366210938,123.98999786376953
2021-03-16T00:00:00Z,125.69999694824219,125.56999969482422
2021-03-17T00:00:00Z,124.05000305175781,124.76000213623047
2021-03-18T00:00:00Z,122.87999725341797,120.52999877929688
2021-03-19T00:00:00Z,119.9000015258789,119.98999786376953
2021-03-22T00:00:00Z,120.33000183105469,123.38999938964844
2021-03-23T00:00:00Z,123.33000183105469,122.54000091552734
2021-03-24T00:00:00Z,122.81999969482422,120.08999633789062
2021-03-25T00:00:00Z,119.54000091552734,120.58999633789062
2021-03-26T00:00:00Z,120.3499984741211,121.20999908447266
2021-03-29T00:00:00Z,121.6500015258789,121.38999938964844
2021-03-30T00:00:00Z,120.11000061035156,119.9000015258789
2021-03-31T00:00:00Z,121.6500015258789,122.1500015258789
2021-04-01T00:00:00Z,123.66000366210938,123.0
2021-04-05T00:00:00Z,123.87000274658203,125.9000015258789
2021-04-06T00:00:00Z,126.5,126.20999908447266
2021-04-07T00:00:00Z,125.83000183105469,127.9000015258789
2021-04-08T00:00:00Z,128.9499969482422,130.36000061035156
2021-04-09T00:00:00Z,129.8000030517578,133.0
2021-04-12T00:00:00Z,132.52000427246094,131.24000549316406
2021-04-13T00:00:00Z,132.44000244140625,134.42999267578125
2021-04-14T00:00:00Z,134.94000244140625,132.02999877929688
2021-04-15T00:00:00Z,133.82000732421875,134.5
2021-04-16T00:00:00Z,134.3000030517578,134.16000366210938
2021-04-19T00:00:00Z,133.50999450683594,134.83999633789062
2021-04-20T00:00:00Z,135.02000427246094,133.11000061035156
2021-04-21T00:00:00Z,132.36000061035156,133.5
2021-04-22T00:00:00Z,133.0399932861328,131.94000244140625
2021-04-23T00:00:00Z,132.16000366210938,134.32000732421875
2021-04-26T00:00:00Z,134.8300018310547,134.72000122070312
2021-04-27T00:00:00Z,135.00999450683594,134.38999938964844
2021-04-28T00:00:00Z,134.30999755859375,133.5800018310547
2021-04-29T00:00:00Z,136.47000122070312,133.47999572753906
2021-04-30T00:00:00Z,131.77999877929688,131.4600067138672
2021-05-03T00:00:00Z,132.0399932861328,132.5399932861328
2021-05-04T00:00:00Z,131.19000244140625,127.8499984741211
2021-05-05T00:00:00Z,129.1999969482422,128.10000610351562
2021-05-06T00:00:00Z,127.88999938964844,129.74000549316406
2021-05-07T00:00:00Z,130.85000610351562,130.2100067138672
2021-05-10T00:00:00Z,129.41000366210938,126.8499984741211
2021-05-11T00:00:00Z,123.5,125.91000366210938
2021-05-12T00:00:00Z,123.4000015258789,122.7699966430664
2021-05-13T00:00:00Z,124.58000183105469,124.97000122070312
2021-05-14T00:00:00Z,126.25,127.44999694824219
2021-05-17T00:00:00Z,126.81999969482422,126.2699966430664
2021-05-18T00:00:00Z,126.55999755859375,124.8499984741211
2021-05-19T00:00:00Z,123.16000366210938,124.69000244140625
2021-05-20T00:00:00Z,125.2300033569336,127.30999755859375
2021-05-21T00:00:00Z,127.81999969482422,125.43000030517578
2021-05-24T00:00:00Z,126.01000213623047,127.0999984741211
2021-05-25T00:00:00Z,127.81999969482422,126.9000015258789
2021-05-26T00:00:00Z,126.95999908447266,126.8499984741211
2021-05-27T00:00:00Z,126.44000244140625,125.27999877929688
2021-05-28T00:00:00Z,125.56999969482422,124.61000061035156
2021-06-01T00:00:00Z,125.08000183105469,124.27999877929688
2021-06-02T00:00:00Z,124.27999877929688,125.05999755859375
2021-06-03T00:00:00Z,124.68000030517578,123.54000091552734
2021-06-04T00:00:00Z,124.06999969482422,125.88999938964844
2021-06-07T00:00:00Z,126.16999816894531,125.9000015258789
2021-06-08T00:00:00Z,126.5999984741211,126.73999786376953
2021-06-09T00:00:00Z,127.20999908447266,127.12999725341797
2021-06-10T00:00:00Z,127.0199966430664,126.11000061035156
2021-06-11T00:00:00Z,126.52999877929688,127.3499984741211
2021-06-14T00:00:00Z,127.81999969482422,130.47999572753906
2021-06-15T00:00:00Z,129.94000244140625,129.63999938964844
2021-06-16T00:00:00Z,130.3699951171875,130.14999389648438
2021-06-17T00:00:00Z,129.8000030517578,131.7899932861328
2021-06-18T00:00:00Z,130.7100067138672,130.4600067138672
2021-06-21T00:00:00Z,130.3000030517578,132.3000030517578
2021-06-22T00:00:00Z,132.1300048828125,133.97999572753906
2021-06-23T00:00:00Z,133.77000427246094,133.6999969482422
2021-06-24T00:00:00Z,134.4499969482422,133.41000366210938
2021-06-25T00:00:00Z,133.4600067138672,133.11000061035156
2021-06-28T00:00:00Z,133.41000366210938,134.77999877929688
2021-06-29T00:00:00Z,134.8000030517578,136.3300018310547
2021-06-30T00:00:00Z,136.1699981689453,136.9600067138672
2021-07-01T00:00:00Z,136.60000610351562,137.27000427246094
2021-07-02T00:00:00Z,137.89999389648438,139.9600067138672
2021-07-06T00:00:00Z,140.07000732421875,142.02000427246094
2021-07-07T00:00:00Z,143.5399932861328,144.57000732421875
2021-07-08T00:00:00Z,141.5800018310547,143.24000549316406
2021-07-09T00:00:00Z,142.75,145.11000061035156
2021-07-12T00:00:00Z,146.2100067138672,144.5
2021-07-13T00:00:00Z,144.02999877929688,145.63999938964844
2021-07-14T00:00:00Z,148.10000610351562,149.14999389648438
2021-07-15T00:00:00Z,149.24000549316406,148.47999572753906
2021-07-16T00:00:00Z,148.4600067138672,146.38999938964844
2021-07-19T00:00:00Z,143.75,142.4499969482422
2021-07-20T00:00:00Z,143.4600067138672,146.14999389648438
2021-07-21T00:00:00Z,145.52999877929688,145.39999389648438
2021-07-22T00:00:00Z,145.94000244140625,146.8000030517578
2021-07-23T00:00:00Z,147.5500030517578,148.55999755859375
2021-07-26T00:00:00Z,148.27000427246094,148.99000549316406
2021-07-27T00:00:00Z,149.1199951171875,146.77000427246094
2021-07-28T00:00:00Z,144.80999755859375,144.97999572753906
2021-07-29T00:00:00Z,144.69000244140625,145.63999938964844
2021-07-30T00:00:00Z,144.3800048828125,145.86000061035156
2021-08-02T00:00:00Z,146.36000061035156,145.52000427246094
2021-08-03T00:00:00Z,145.80999755859375,147.36000061035156
2021-08-04T00:00:00Z,147.27000427246094,146.9499969482422
2021-08-05T00:00:00Z,146.97999572753906,147.05999755859375
2021-08-06T00:00:00Z,146.35000610351562,146.13999938964844
2021-08-09T00:00:00Z,146.1999969482422,146.08999633789062
2021-08-10T00:00:00Z,146.44000244140625,145.60000610351562
2021-08-11T00:00:00Z,146.0500030517578,145.86000061035156
2021-08-12T00:00:00Z,146.19000244140625,148.88999938964844
2021-08-13T00:00:00Z,148.97000122070312,149.10000610351562
2021-08-16T00:00:00Z,148.5399932861328,151.1199951171875
2021-08-17T00:00:00Z,150.22999572753906,150.19000244140625
2021-08-18T00:00:00Z,149.8000030517578,146.36000061035156
2021-08-19T00:00:00Z,145.02999877929688,146.6999969482422
2021-08-20T00:00:00Z,147.44000244140625,148.19000244140625
2021-08-23T00:00:00Z,148.30999755859375,149.7100067138672
2021-08-24T00:00:00Z,149.4499969482422,149.6199951171875
2021-08-25T00:00:00Z,149.80999755859375,148.36000061035156
2021-08-26T00:00:00Z,148.35000610351562,147.5399932861328
2021-08-27T00:00:00Z,147.47999572753906,148.60000610351562
2021-08-30T00:00:00Z,149.0,153.1199951171875
2021-08-31T00:00:00Z,152.66000366210938,151.8300018310547
2021-09-01T00:00:00Z,152.8300018310547,152.50999450683594
2021-09-02T00:00:00Z,153.8699951171875,153.64999389648438
2021-09-03T00:00:00Z,153.75999450683594,154.3000030517578
2021-09-07T00:00:00Z,154.97000122070312,156.69000244140625
2021-09-08T00:00:00Z,156.97999572753906,155.11000061035156
2021-09-09T00:00:00Z,155.49000549316406,154.07000732421875
2021-09-10T00:00:00Z,155.0,148.97000122070312
2021-09-13T00:00:00Z,150.6300048828125,149.5500030517578
2021-09-14T00:00:00Z,150.35000610351562,148.1199951171875
2021-09-15T00:00:00Z,148.55999755859375,149.02999877929688
2021-09-16T00:00:00Z,148.44000244140625,148.7899932861328
2021-09-17T00:00:00Z,148.82000732421875,146.05999755859375
2021-09-20T00:00:00Z,143.8000030517578,142.94000244140625
2021-09-21T00:00:00Z,143.92999267578125,143.42999267578125
2021-09-22T00:00:00Z,144.4499969482422,145.85000610351562
2021-09-23T00:00:00Z,146.64999389648438,146.8300018310547
2021-09-24T00:00:00Z,145.66000366210938,146.9199981689453
2021-09-27T00:00:00Z,145.47000122070312,145.3699951171875
2021-09-28T00:00:00Z,143.25,141.91000366210938
2021-09-29T00:00:00Z,142.47000122070312,142.8300018310547
2021-09-30T00:00:00Z,143.66000366210938,141.5
2021-10-01T00:00:00Z,141.89999389648438,142.64999389648438
2021-10-04T00:00:00Z,141.75999450683594,139.13999938964844
2021-10-05T00:00:00Z,139.49000549316406,141.11000061035156
2021-10-06T00:00:00Z,139.47000122070312,142.0
2021-10-07T00:00:00Z,143.05999755859375,143.2899932861328
2021-10-08T00:00:00Z,144.02999877929688,142.89999389648438
2021-10-11T00:00:00Z,142.27000427246094,142.80999755859375
2021-10-12T00:00:00Z,143.22999572753906,141.50999450683594
2021-10-13T00:00:00Z,141.24000549316406,140.91000366210938
2021-10-14T00:00:00Z,142.11000061035156,143.75999450683594
2021-10-15T00:00:00Z,143.77000427246094,144.83999633789062
2021-10-18T00:00:00Z,143.4499969482422,146.5500030517578
2021-10-19T00:00:00Z,147.00999450683594,148.75999450683594
2021-10-20T00:00:00Z,148.6999969482422,149.25999450683594
2021-10-21T00:00:00Z,148.80999755859375,149.47999572753906
2021-10-22T00:00:00Z,149.69000244140625,148.69000244140625
2021-10-25T00:00:00Z,148.67999267578125,148.63999938964844
2021-10-26T00:00:00Z,149.3300018310547,149.32000732421875
2021-10-27T00:00:00Z,149.36000061035156,148.85000610351562
2021-10-28T00:00:00Z,149.82000732421875,152.57000732421875
2021-10-29T00:00:00Z,147.22000122070312,149.8000030517578
2021-11-01T00:00:00Z,148.99000549316406,148.9600067138672
2021-11-02T00:00:00Z,148.66000366210938,150.02000427246094
2021-11-03T00:00:00Z,150.38999938964844,151.49000549316406
2021-11-04T00:00:00Z,151.5800018310547,150.9600067138672
2021-11-05T00:00:00Z,151.88999938964844,151.27999877929688
2021-11-08T00:00:00Z,151.41000366210938,150.44000244140625
2021-11-09T00:00:00Z,150.1999969482422,150.80999755859375
2021-11-10T00:00:00Z,150.02000427246094,147.9199981689453
2021-11-11T00:00:00Z,148.9600067138672,147.8699951171875
2021-11-12T00:00:00Z,148.42999267578125,149.99000549316406
2021-11-15T00:00:00Z,150.3699951171875,150.0
2021-11-16T00:00:00Z,149.94000244140625,151.0
2021-11-17T00:00:00Z,151.0,153.49000549316406
2021-11-18T00:00:00Z,153.7100067138672,157.8699951171875
2021-11-19T00:00:00Z,157.64999389648438,160.5500030517578
2021-11-22T00:00:00Z,161.67999267578125,161.02000427246094
2021-11-23T00:00:00Z,161.1199951171875,161.41000366210938
2021-11-24T00:00:00Z,160.75,161.94000244140625
2021-11-26T00:00:00Z,159.57000732421875,156.80999755859375
2021-11-29T00:00:00Z,159.3699951171875,160.24000549316406
2021-11-30T00:00:00Z,159.99000549316406,165.3000030517578
2021-12-01T00:00:00Z,167.47999572753906,164.77000427246094
2021-12-02T00:00:00Z,158.74000549316406,163.75999450683594
2021-12-03T00:00:00Z,164.02000427246094,161.83999633789062
2021-12-06T00:00:00Z,164.2899932861328,165.32000732421875
2021-12-07T00:00:00Z,169.0800018310547,171.17999267578125
2021-12-08T00:00:00Z,172.1300048828125,175.0800018310547
2021-12-09T00:00:00Z,174.91000366210938,174.55999755859375
2021-12-10T00:00:00Z,175.2100067138672,179.4499969482422
2021-12-13T00:00:00Z,181.1199951171875,175.74000549316406
2021-12-14T00:00:00Z,175.25,174.3300018310547
2021-12-15T00:00:00Z,175.11000061035156,179.3000030517578
2021-12-16T00:00:00Z,179.27999877929688,172.25999450683594
2021-12-17T00:00:00Z,169.92999267578125,171.13999938964844
2021-12-20T00:00:00Z,168.27999877929688,169.75
2021-12-21T00:00:00Z,171.55999755859375,172.99000549316406
2021-12-22T00:00:00Z,173.0399932861328,175.63999938964844
2021-12-23T00:00:00Z,175.85000610351562,176.27999877929688
2021-12-27T00:00:00Z,177.08999633789062,180.3300018310547
2021-12-28T00:00:00Z,180.16000366210938,179.2899932861328
2021-12-29T00:00:00Z,179.3300018310547,179.3800048828125
2021-12-30T00:00:00Z,179.47000122070312,178.1999969482422
2021-12-31T00:00:00Z,178.08999633789062,177.57000732421875
2022-01-03T00:00:00Z,177.8300018310547,182.00999450683594
2022-01-04T00:00:00Z,182.6300048828125,179.6999969482422
2022-01-05T00:00:00Z,179.61000061035156,174.9199981689453
2022-01-06T00:00:00Z,172.6999969482422,172.0
2022-01-07T00:00:00Z,172.88999938964844,172.1699981689453
2022-01-10T00:00:00Z,169.0800018310547,172.19000244140625
2022-01-11T00:00:00Z,172.32000732421875,175.0800018310547
2022-01-12T00:00:00Z,176.1199951171875,175.52999877929688
2022-01-13T00:00:00Z,175.77999877929688,172.19000244140625
2022-01-14T00:00:00Z,171.33999633789062,173.07000732421875
2022-01-18T00:00:00Z,171.50999450683594,169.8000030517578
2022-01-19T00:00:00Z,170.0,166.22999572753906
2022-01-20T00:00:00Z,166.97999572753906,164.50999450683594
2022-01-21T00:00:00Z,164.4199981689453,162.41000366210938
2022-01-24T00:00:00Z,160.02000427246094,161.6199951171875
2022-01-25T00:00:00Z,158.97999572753906,159.77999877929688
2022-01-26T00:00:00Z,163.5,159.69000244140625
2022-01-27T00:00:00Z,162.4499969482422,159.22000122070312
2022-01-28T00:00:00Z,165.7100067138672,170.3300018310547
2022-01-31T00:00:00Z,170.16000366210938,174.77999877929688
2022-02-01T00:00:00Z,174.00999450683594,174.61000061035156
2022-02-02T00:00:00Z,174.75,175.83999633789062
2022-02-03T00:00:00Z,174.47999572753906,172.89999389648438
2022-02-04T00:00:00Z,171.67999267578125,172.38999938964844
2022-02-07T00:00:00Z,172.86000061035156,171.66000366210938
2022-02-08T00:00:00Z,171.72999572753906,174.8300018310547
2022-02-09T00:00:00Z,176.0500030517578,176.27999877929688
2022-02-10T00:00:00Z,174.13999938964844,172.1199951171875
2022-02-11T00:00:00Z,172.3300018310547,168.63999938964844
2022-02-14T00:00:00Z,167.3699951171875,168.8800048828125
2022-02-15T00:00:00Z,170.97000122070312,172.7899932861328
2022-02-16T00:00:00Z,171.85000610351562,172.5500030517578
2022-02-17T00:00:00Z,171.02999877929688,168.8800048828125
2022-02-18T00:00:00Z,169.82000732421875,167.3000030517578
2022-02-22T00:00:00Z,164.97999572753906,164.32000732421875
2022-02-23T00:00:00Z,165.5399932861328,160.07000732421875
2022-02-24T00:00:00Z,152.5800018310547,162.74000549316406
2022-02-25T00:00:00Z,163.83999633789062,164.85000610351562
2022-02-28T00:00:00Z,163.05999755859375,165.1199951171875
2022-03-01T00:00:00Z,164.6999969482422,163.1999969482422
2022-03-02T00:00:00Z,164.38999938964844,166.55999755859375
2022-03-03T00:00:00Z,168.47000122070312,166.22999572753906
2022-03-04T00:00:00Z,164.49000549316406,163.1699981689453
2022-03-07T00:00:00Z,163.36000061035156,159.3000030517578
2022-03-08T00:00:00Z,158.82000732421875,157.44000244140625
2022-03-09T00:00:00Z,161.47999572753906,162.9499969482422
2022-03-10T00:00:00Z,160.1999969482422,158.52000427246094
2022-03-11T00:00:00Z,158.92999267578125,154.72999572753906
2022-03-14T00:00:00Z,151.4499969482422,150.6199951171875
2022-03-15T00:00:00Z,150.89999389648438,155.08999633789062
2022-03-16T00:00:00Z,157.0500030517578,159.58999633789062
2022-03-17T00:00:00Z,158.61000061035156,160.6199951171875
2022-03-18T00:00:00Z,160.50999450683594,163.97999572753906
2022-03-21T00:00:00Z,163.50999450683594,165.3800048828125
2022-03-22T00:00:00Z,165.50999450683594,168.82000732421875
2022-03-23T00:00:00Z,167.99000549316406,170.2100067138672
2022-03-24T00:00:00Z,171.05999755859375,174.07000732421875
2022-03-25T00:00:00Z,173.8800048828125,174.72000122070312
2022-03-28T00:00:00Z,172.1699981689453,175.60000610351562
2022-03-29T00:00:00Z,176.69000244140625,178.9600067138672
2022-03-30T00:00:00Z,178.5500030517578,177.77000427246094
2022-03-31T00:00:00Z,177.83999633789062,174.61000061035156
2022-04-01T00:00:00Z,174.02999877929688,174.30999755859375
2022-04-04T00:00:00Z,174.57000732421875,178.44000244140625
2022-04-05T00:00:00Z,177.5,175.05999755859375
2022-04-06T00:00:00Z,172.36000061035156,171.8300018310547
2022-04-07T00:00:00Z,171.16000366210938,172.13999938964844
2022-04-08T00:00:00Z,171.77999877929688,170.08999633789062
2022-04-11T00:00:00Z,168.7100067138672,165.75
2022-04-12T00:00:00Z,168.02000427246094,167.66000366210938
2022-04-13T00:00:00Z,167.38999938964844,170.39999389648438
2022-04-14T00:00:00Z,170.6199951171875,165.2899932861328
2022-04-18T00:00:00Z,163.9199981689453,165.07000732421875
2022-04-19T00:00:00Z,165.02000427246094,167.39999389648438
2022-04-20T00:00:00Z,168.75999450683594,167.22999572753906
2022-04-21T00:00:00Z,168.91000366210938,166.4199981689453
2022-04-22T00:00:00Z,166.4600067138672,161.7899932861328
2022-04-25T00:00:00Z,161.1199951171875,162.8800048828125
2022-04-26T00:00:00Z,162.25,156.8000030517578
2022-04-27T00:00:00Z,155.91000366210938,156.57000732421875
2022-04-28T00:00:00Z,159.25,163.63999938964844
2022-04-29T00:00:00Z,161.83999633789062,157.64999389648438
2022-05-02T00:00:00Z,156.7100067138672,157.9600067138672
2022-05-03T00:00:00Z,158.14999389648438,159.47999572753906
2022-05-04T00:00:00Z,159.6699981689453,166.02000427246094
2022-05-05T00:00:00Z,163.85000610351562,156.77000427246094
2022-05-06T00:00:00Z,156.00999450683594,157.27999877929688
2022-05-09T00:00:00Z,154.92999267578125,152.05999755859375
2022-05-10T00:00:00Z,155.52000427246094,154.50999450683594
2022-05-11T00:00:00Z,153.5,146.5
2022-05-12T00:00:00Z,142.77000427246094,142.55999755859375
2022-05-13T00:00:00Z,144.58999633789062,147.11000061035156
2022-05-16T00:00:00Z,145.5500030517578,145.5399932861328
2022-05-17T00:00:00Z,148.86000061035156,149.24000549316406
2022-05-18T00:00:00Z,146.85000610351562,140.82000732421875
2022-05-19T00:00:00Z,139.8800048828125,137.35000610351562
2022-05-20T00:00:00Z,139.08999633789062,137.58999633789062
2022-05-23T00:00:00Z,137.7899932861328,143.11000061035156
2022-05-24T00:00:00Z,140.80999755859375,140.36000061035156
2022-05-25T00:00:00Z,138.42999267578125,140.52000427246094
2022-05-26T00:00:00Z,137.38999938964844,143.77999877929688
2022-05-27T00:00:00Z,145.38999938964844,149.63999938964844
2022-05-31T00:00:00Z,149.07000732421875,148.83999633789062
2022-06-01T00:00:00Z,149.89999389648438,148.7100067138672
2022-06-02T00:00:00Z,147.8300018310547,151.2100067138672
2022-06-03T00:00:00Z,146.89999389648438,145.3800048828125
2022-06-06T00:00:00Z,147.02999877929688,146.13999938964844
2022-06-07T00:00:00Z,144.35000610351562,148.7100067138672
2022-06-08T00:00:00Z,148.5800018310547,147.9600067138672
2022-06-09T00:00:00Z,147.0800018310547,142.63999938964844
2022-06-10T00:00:00Z,140.27999877929688,137.1300048828125
2022-06-13T00:00:00Z,132.8699951171875,131.8800048828125
2022-06-14T00:00:00Z,133.1300048828125,132.75999450683594
2022-06-15T00:00:00Z,134.2899932861328,135.42999267578125
2022-06-16T00:00:00Z,132.0800018310547,130.05999755859375
2022-06-17T00:00:00Z,130.07000732421875,131.55999755859375
2022-06-21T00:00:00Z,133.4199981689453,135.8699951171875
2022-06-22T00:00:00Z,134.7899932861328,135.35000610351562
2022-06-23T00:00:00Z,136.82000732421875,138.27000427246094
2022-06-24T00:00:00Z,139.89999389648438,141.66000366210938
2022-06-27T00:00:00Z,142.6999969482422,141.66000366210938
2022-06-28T00:00:00Z,142.1300048828125,137.44000244140625
2022-06-29T00:00:00Z,137.4600067138672,139.22999572753906
2022-06-30T00:00:00Z,137.25,136.72000122070312
2022-07-01T00:00:00Z,136.0399932861328,138.92999267578125
2022-07-05T00:00:00Z,137.77000427246094,141.55999755859375
2022-07-06T00:00:00Z,141.35000610351562,142.9199981689453
2022-07-07T00:00:00Z,143.2899932861328,146.35000610351562
2022-07-08T00:00:00Z,145.25999450683594,147.0399932861328
2022-07-11T00:00:00Z,145.6699981689453,144.8699951171875
2022-07-12T00:00:00Z,145.75999450683594,145.86000061035156
2022-07-13T00:00:00Z,142.99000549316406,145.49000549316406
2022-07-14T00:00:00Z,144.0800018310547,148.47000122070312
2022-07-15T00:00:00Z,149.77999877929688,150.1699981689453
2022-07-18T00:00:00Z,150.74000549316406,147.07000732421875
2022-07-19T00:00:00Z,147.9199981689453,151.0
2022-07-20T00:00:00Z,151.1199951171875,153.0399932861328
2022-07-21T00:00:00Z,154.5,155.35000610351562
2022-07-22T00:00:00Z,155.38999938964844,154.08999633789062
2022-07-25T00:00:00Z,154.00999450683594,152.9499969482422
2022-07-26T00:00:00Z,152.25999450683594,151.60000610351562
2022-07-27T00:00:00Z,152.5800018310547,156.7899932861328
2022-07-28T00:00:00Z,156.97999572753906,157.35000610351562
2022-07-29T00:00:00Z,161.24000549316406,162.50999450683594
2022-08-01T00:00:00Z,161.00999450683594,161.50999450683594
2022-08-02T00:00:00Z,160.10000610351562,160.00999450683594
2022-08-03T00:00:00Z,160.83999633789062,166.1300048828125
2022-08-04T00:00:00Z,166.00999450683594,165.80999755859375
2022-08-05T00:00:00Z,163.2100067138672,165.35000610351562
2022-08-08T00:00:00Z,166.3699951171875,164.8699951171875
2022-08-09T00:00:00Z,164.02000427246094,164.9199981689453
2022-08-10T00:00:00Z,167.67999267578125,169.24000549316406
2022-08-11T00:00:00Z,170.05999755859375,168.49000549316406
2022-08-12T00:00:00Z,169.82000732421875,172.10000610351562
2022-08-15T00:00:00Z,171.52000427246094,173.19000244140625
2022-08-16T00:00:00Z,172.77999877929688,173.02999877929688
2022-08-17T00:00:00Z,172.77000427246094,174.5500030517578
2022-08-18T00:00:00Z,173.75,174.14999389648438
2022-08-19T00:00:00Z,173.02999877929688,171.52000427246094
2022-08-22T00:00:00Z,169.69000244140625,167.57000732421875
2022-08-23T00:00:00Z,167.0800018310547,167.22999572753906
2022-08-24T00:00:00Z,167.32000732421875,167.52999877929688
2022-08-25T00:00:00Z,168.77999877929688,170.02999877929688
2022-08-26T00:00:00Z,170.57000732421875,163.6199951171875
2022-08-29T00:00:00Z,161.14999389648438,161.3800048828125
2022-08-30T00:00:00Z,162.1300048828125,158.91000366210938
2022-08-31T00:00:00Z,160.30999755859375,157.22000122070312
2022-09-01T00:00:00Z,156.63999938964844,157.9600067138672
2022-09-02T00:00:00Z,159.75,155.80999755859375
2022-09-06T00:00:00Z,156.47000122070312,154.52999877929688
2022-09-07T00:00:00Z,154.82000732421875,155.9600067138672
2022-09-08T00:00:00Z,154.63999938964844,154.4600067138672
2022-09-09T00:00:00Z,155.47000122070312,157.3699951171875
2022-09-12T00:00:00Z,159.58999633789062,163.42999267578125
2022-09-13T00:00:00Z,159.89999389648438,153.83999633789062
2022-09-14T00:00:00Z,154.7899932861328,155.30999755859375
2022-09-15T00:00:00Z,154.64999389648438,152.3699951171875
2022-09-16T00:00:00Z,151.2100067138672,150.6999969482422
2022-09-19T00:00:00Z,149.30999755859375,154.47999572753906
2022-09-20T00:00:00Z,153.39999389648438,156.89999389648438
2022-09-21T00:00:00Z,157.33999633789062,153.72000122070312
2022-09-22T00:00:00Z,152.3800048828125,152.74000549316406
2022-09-23T00:00:00Z,151.19000244140625,150.42999267578125
2022-09-26T00:00:00Z,149.66000366210938,150.77000427246094
2022-09-27T00:00:00Z,152.74000549316406,151.75999450683594
2022-09-28T00:00:00Z,147.63999938964844,149.83999633789062
2022-09-29T00:00:00Z,146.10000610351562,142.47999572753906
2022-09-30T00:00:00Z,141.27999877929688,138.1999969482422
2022-10-03T00:00:00Z,138.2100067138672,142.4499969482422
2022-10-04T00:00:00Z,145.02999877929688,146.10000610351562
2022-10-05T00:00:00Z,144.07000732421875,146.39999389648438
2022-10-06T00:00:00Z,145.80999755859375,145.42999267578125
2022-10-07T00:00:00Z,142.5399932861328,140.08999633789062
2022-10-10T00:00:00Z,140.4199981689453,140.4199981689453
2022-10-11T00:00:00Z,139.89999389648438,138.97999572753906
2022-10-12T00:00:00Z,139.1300048828125,138.33999633789062
2022-10-13T00:00:00Z,134.99000549316406,142.99000549316406
2022-10-14T00:00:00Z,144.30999755859375,138.3800048828125
2022-10-17T00:00:00Z,141.07000732421875,142.41000366210938
2022-10-18T00:00:00Z,145.49000549316406,143.75
2022-10-19T00:00:00Z,141.69000244140625,143.86000061035156
2022-10-20T00:00:00Z,143.02000427246094,143.38999938964844
2022-10-21T00:00:00Z,142.8699951171875,147.27000427246094
2022-10-24T00:00:00Z,147.19000244140625,149.4499969482422
2022-10-25T00:00:00Z,150.08999633789062,152.33999633789062
2022-10-26T00:00:00Z,150.9600067138672,149.35000610351562
2022-10-27T00:00:00Z,148.07000732421875,144.8000030517578
2022-10-28T00:00:00Z,148.1999969482422,155.74000549316406
2022-10-31T00:00:00Z,153.16000366210938,153.33999633789062
2022-11-01T00:00:00Z,155.0800018310547,150.64999389648438
2022-11-02T00:00:00Z,148.9499969482422,145.02999877929688
2022-11-03T00:00:00Z,142.05999755859375,138.8800048828125
2022-11-04T00:00:00Z,142.08999633789062,138.3800048828125
2022-11-07T00:00:00Z,137.11000061035156,138.9199981689453
2022-11-08T00:00:00Z,140.41000366210938,139.5
2022-11-09T00:00:00Z,138.5,134.8699951171875
2022-11-10T00:00:00Z,141.24000549316406,146.8699951171875
2022-11-11T00:00:00Z,145.82000732421875,149.6999969482422
2022-11-14T00:00:00Z,148.97000122070312,148.27999877929688
2022-11-15T00:00:00Z,152.22000122070312,150.0399932861328
2022-11-16T00:00:00Z,149.1300048828125,148.7899932861328
2022-11-17T00:00:00Z,146.42999267578125,150.72000122070312
2022-11-18T00:00:00Z,152.30999755859375,151.2899932861328
2022-11-21T00:00:00Z,150.16000366210938,148.00999450683594
2022-11-22T00:00:00Z,148.1300048828125,150.17999267578125
2022-11-23T00:00:00Z,149.4499969482422,151.07000732421875
2022-11-25T00:00:00Z,148.30999755859375,148.11000061035156
2022-11-28T00:00:00Z,145.13999938964844,144.22000122070312
2022-11-29T00:00:00Z,144.2899932861328,141.1699981689453
2022-11-30T00:00:00Z,141.39999389648438,148.02999877929688
2022-12-01T00:00:00Z,148.2100067138672,148.30999755859375
2022-12-02T00:00:00Z,145.9600067138672,147.80999755859375
2022-12-05T00:00:00Z,147.77000427246094,146.6300048828125
2022-12-06T00:00:00Z,147.07000732421875,142.91000366210938
2022-12-07T00:00:00Z,142.19000244140625,140.94000244140625
2022-12-08T00:00:00Z,142.36000061035156,142.64999389648438
2022-12-09T00:00:00Z,142.33999633789062,142.16000366210938
2022-12-12T00:00:00Z,142.6999969482422,144.49000549316406
2022-12-13T00:00:00Z,149.5,145.47000122070312
2022-12-14T00:00:00Z,145.35000610351562,143.2100067138672
2022-12-15T00:00:00Z,141.11000061035156,136.5
2022-12-16T00:00:00Z,136.69000244140625,134.50999450683594
2022-12-19T00:00:00Z,135.11000061035156,132.3699951171875
2022-12-20T00:00:00Z,131.38999938964844,132.3000030517578
2022-12-21T00:00:00Z,132.97999572753906,135.4499969482422
2022-12-22T00:00:00Z,134.35000610351562,132.22999572753906
2022-12-23T00:00:00Z,130.9199981689453,131.86000061035156
2022-12-27T00:00:00Z,131.3800048828125,130.02999877929688
2022-12-28T00:00:00Z,129.6699981689453,126.04000091552734
2022-12-29T00:00:00Z,127.98999786376953,129.61000061035156
2022-12-30T00:00:00Z,128.41000366210938,129.92999267578125
2023-01-03T00:00:00Z,130.27999877929688,125.06999969482422
2023-01-04T00:00:00Z,126.88999938964844,126.36000061035156
2023-01-05T00:00:00Z,127.12999725341797,125.0199966430664
2023-01-06T00:00:00Z,126.01000213623047,129.6199951171875
2023-01-09T00:00:00Z,130.47000122070312,130.14999389648438
2023-01-10T00:00:00Z,130.25999450683594,130.72999572753906
2023-01-11T00:00:00Z,131.25,133.49000549316406
2023-01-12T00:00:00Z,133.8800048828125,133.41000366210938
2023-01-13T00:00:00Z,132.02999877929688,134.75999450683594
2023-01-17T00:00:00Z,134.8300018310547,135.94000244140625
2023-01-18T00:00:00Z,136.82000732421875,135.2100067138672
2023-01-19T00:00:00Z,134.0800018310547,135.27000427246094
2023-01-20T00:00:00Z,135.27999877929688,137.8699951171875
2023-01-23T00:00:00Z,138.1199951171875,141.11000061035156
2023-01-24T00:00:00Z,140.30999755859375,142.52999877929688
2023-01-25T00:00:00Z,140.88999938964844,141.86000061035156
2023-01-26T00:00:00Z,143.1699981689453,143.9600067138672
2023-01-27T00:00:00Z,143.16000366210938,145.92999267578125
2023-01-30T00:00:00Z,144.9600067138672,143.0
2023-01-31T00:00:00Z,142.6999969482422,144.2899932861328
2023-02-01T00:00:00Z,143.97000122070312,145.42999267578125
2023-02-02T00:00:00Z,148.89999389648438,150.82000732421875
2023-02-03T00:00:00Z,148.02999877929688,154.5
2023-02-06T00:00:00Z,152.57000732421875,151.72999572753906
2023-02-07T00:00:00Z,150.63999938964844,154.64999389648438
2023-02-08T00:00:00Z,153.8800048828125,151.9199981689453
2023-02-09T00:00:00Z,153.77999877929688,150.8699951171875
2023-02-10T00:00:00Z,149.4600067138672,151.00999450683594
2023-02-13T00:00:00Z,150.9499969482422,153.85000610351562
2023-02-14T00:00:00Z,152.1199951171875,153.1999969482422
2023-02-15T00:00:00Z,153.11000061035156,155.3300018310547
2023-02-16T00:00:00Z,153.50999450683594,153.7100067138672
2023-02-17T00:00:00Z,152.35000610351562,152.5500030517578
2023-02-21T00:00:00Z,150.1999969482422,148.47999572753906
2023-02-22T00:00:00Z,148.8699951171875,148.91000366210938
2023-02-23T00:00:00Z,150.08999633789062,149.39999389648438
2023-02-24T00:00:00Z,147.11000061035156,146.7100067138672
2023-02-27T00:00:00Z,147.7100067138672,147.9199981689453
2023-02-28T00:00:00Z,147.0500030517578,147.41000366210938
2023-03-01T00:00:00Z,146.8300018310547,145.30999755859375
2023-03-02T00:00:00Z,144.3800048828125,145.91000366210938
2023-03-03T00:00:00Z,148.0399932861328,151.02999877929688
2023-03-06T00:00:00Z,153.7899932861328,153.8300018310547
2023-03-07T00:00:00Z,153.6999969482422,151.60000610351562
2023-03-08T00:00:00Z,152.80999755859375,152.8699951171875
2023-03-09T00:00:00Z,153.55999755859375,150.58999633789062
2023-03-10T00:00:00Z,150.2100067138672,148.5
2023-03-13T00:00:00Z,147.80999755859375,150.47000122070312
2023-03-14T00:00:00Z,151.27999877929688,152.58999633789062
2023-03-15T00:00:00Z,151.19000244140625,152.99000549316406
2023-03-16T00:00:00Z,152.16000366210938,155.85000610351562
2023-03-17T00:00:00Z,156.0800018310547,155.0
2023-03-20T00:00:00Z,155.07000732421875,157.39999389648438
2023-03-21T00:00:00Z,157.32000732421875,159.27999877929688
2023-03-22T00:00:00Z,159.3000030517578,157.8300018310547
2023-03-23T00:00:00Z,158.8300018310547,158.92999267578125
2023-03-24T00:00:00Z,158.86000061035156,160.25
2023-03-27T00:00:00Z,159.94000244140625,158.27999877929688
2023-03-28T00:00:00Z,157.97000122070312,157.64999389648438
2023-03-29T00:00:00Z,159.3699951171875,160.77000427246094
2023-03-30T00:00:00Z,161.52999877929688,162.36000061035156
2023-03-31T00:00:00Z,162.44000244140625,164.89999389648438
2023-04-03T00:00:00Z,164.27000427246094,166.1699981689453
2023-04-04T00:00:00Z,166.60000610351562,165.6300048828125
2023-04-05T00:00:00Z,164.74000549316406,163.75999450683594
2023-04-06T00:00:00Z,162.42999267578125,164.66000366210938
2023-04-10T00:00:00Z,161.4199981689453,162.02999877929688
2023-04-11T00:00:00Z,162.35000610351562,160.8000030517578
2023-04-12T00:00:00Z,161.22000122070312,160.10000610351562
2023-04-13T00:00:00Z,161.6300048828125,165.55999755859375
2023-04-14T00:00:00Z,164.58999633789062,165.2100067138672
2023-04-17T00:00:00Z,165.08999633789062,165.22999572753906
2023-04-18T00:00:00Z,166.10000610351562,166.47000122070312
2023-04-19T00:00:00Z,165.8000030517578,167.6300048828125
2023-04-20T00:00:00Z,166.08999633789062,166.64999389648438
2023-04-21T00:00:00Z,165.0500030517578,165.02000427246094
2023-04-24T00:00:00Z,165.0,165.3300018310547
2023-04-25T00:00:00Z,165.19000244140625,163.77000427246094
2023-04-26T00:00:00Z,163.05999755859375,163.75999450683594
2023-04-27T00:00:00Z,165.19000244140625,168.41000366210938
2023-04-28T00:00:00Z,168.49000549316406,169.67999267578125
2023-05-01T00:00:00Z,169.27999877929688,169.58999633789062
2023-05-02T00:00:00Z,170.08999633789062,168.5399932861328
2023-05-03T00:00:00Z,169.5,167.4499969482422
2023-05-04T00:00:00Z,164.88999938964844,165.7899932861328
2023-05-05T00:00:00Z,170.97999572753906,173.57000732421875
2023-05-08T00:00:00Z,172.47999572753906,173.5
2023-05-09T00:00:00Z,173.0500030517578,171.77000427246094
2023-05-10T00:00:00Z,173.02000427246094,173.55999755859375
2023-05-11T00:00:00Z,173.85000610351562,173.75
2023-05-12T00:00:00Z,173.6199951171875,172.57000732421875
2023-05-15T00:00:00Z,173.16000366210938,172.07000732421875
2023-05-16T00:00:00Z,171.99000549316406,172.07000732421875
2023-05-17T00:00:00Z,171.7100067138672,172.69000244140625
2023-05-18T00:00:00Z,173.0,175.0500030517578
2023-05-19T00:00:00Z,176.38999938964844,175.16000366210938
2023-05-22T00:00:00Z,173.97999572753906,174.1999969482422
2023-05-23T00:00:00Z,173.1300048828125,171.55999755859375
2023-05-24T00:00:00Z,171.08999633789062,171.83999633789062
2023-05-25T00:00:00Z,172.41000366210938,172.99000549316406
2023-05-26T00:00:00Z,173.32000732421875,175.42999267578125
2023-05-30T00:00:00Z,176.9600067138672,177.3000030517578
2023-05-31T00:00:00Z,177.3300018310547,177.25
2023-06-01T00:00:00Z,177.6999969482422,180.08999633789062
2023-06-02T00:00:00Z,181.02999877929688,180.9499969482422
2023-06-05T00:00:00Z,182.6300048828125,179.5800018310547
2023-06-06T00:00:00Z,179.97000122070312,179.2100067138672
2023-06-07T00:00:00Z,178.44000244140625,177.82000732421875
2023-06-08T00:00:00Z,177.89999389648438,180.57000732421875
2023-06-09T00:00:00Z,181.5,180.9600067138672
2023-06-12T00:00:00Z,181.27000427246094,183.7899932861328
2023-06-13T00:00:00Z,182.8000030517578,183.30999755859375
2023-06-14T00:00:00Z,183.3699951171875,183.9499969482422
2023-06-15T00:00:00Z,183.9600067138672,186.00999450683594
2023-06-16T00:00:00Z,186.72999572753906,184.9199981689453
2023-06-20T00:00:00Z,184.41000366210938,185.00999450683594
2023-06-21T00:00:00Z,184.89999389648438,183.9600067138672
2023-06-22T00:00:00Z,183.74000549316406,187.0
2023-06-23T00:00:00Z,185.5500030517578,186.67999267578125
2023-06-26T00:00:00Z,186.8300018310547,185.27000427246094
2023-06-27T00:00:00Z,185.88999938964844,188.05999755859375
2023-06-28T00:00:00Z,187.92999267578125,189.25
2023-06-29T00:00:00Z,189.0800018310547,189.58999633789062
2023-06-30T00:00:00Z,191.6300048828125,193.97000122070312
2023-07-03T00:00:00Z,193.77999877929688,192.4600067138672
2023-07-05T00:00:00Z,191.57000732421875,191.3300018310547
2023-07-06T00:00:00Z,189.83999633789062,191.80999755859375
2023-07-07T00:00:00Z,191.41000366210938,190.67999267578125
2023-07-10T00:00:00Z,189.25999450683594,188.61000061035156
2023-07-11T00:00:00Z,189.16000366210938,188.0800018310547
2023-07-12T00:00:00Z,189.67999267578125,189.77000427246094
2023-07-13T00:00:00Z,190.5,190.5399932861328
2023-07-14T00:00:00Z,190.22999572753906,190.69000244140625
2023-07-17T00:00:00Z,191.89999389648438,193.99000549316406
2023-07-18T00:00:00Z,193.35000610351562,193.72999572753906
2023-07-19T00:00:00Z,193.10000610351562,195.10000610351562
2023-07-20T00:00:00Z,195.08999633789062,193.1300048828125
2023-07-21T00:00:00Z,194.10000610351562,191.94000244140625
2023-07-24T00:00:00Z,193.41000366210938,192.75
2023-07-25T00:00:00Z,193.3300018310547,193.6199951171875
2023-07-26T00:00:00Z,193.6699981689453,194.5
2023-07-27T00:00:00Z,196.02000427246094,193.22000122070312
2023-07-28T00:00:00Z,194.6699981689453,195.8300018310547
2023-07-31T00:00:00Z,196.05999755859375,196.4499969482422
2023-08-01T00:00:00Z,196.24000549316406,195.61000061035156
2023-08-02T00:00:00Z,195.0399932861328,192.5800018310547
2023-08-03T00:00:00Z,191.57000732421875,191.1699981689453
2023-08-04T00:00:00Z,185.52000427246094,181.99000549316406
2023-08-07T00:00:00Z,182.1300048828125,178.85000610351562
2023-08-08T00:00:00Z,179.69000244140625,179.8000030517578
2023-08-09T00:00:00Z,180.8699951171875,178.19000244140625
2023-08-10T00:00:00Z,179.47999572753906,177.97000122070312
2023-08-11T00:00:00Z,177.32000732421875,177.7899932861328
2023-08-14T00:00:00Z,177.97000122070312,179.4600067138672
2023-08-15T00:00:00Z,178.8800048828125,177.4499969482422
2023-08-16T00:00:00Z,177.1300048828125,176.57000732421875
2023-08-17T00:00:00Z,177.13999938964844,174.0
2023-08-18T00:00:00Z,172.3000030517578,174.49000549316406
2023-08-21T00:00:00Z,175.07000732421875,175.83999633789062
2023-08-22T00:00:00Z,177.05999755859375,177.22999572753906
2023-08-23T00:00:00Z,178.52000427246094,181.1199951171875
2023-08-24T00:00:00Z,180.6699981689453,176.3800048828125
2023-08-25T00:00:00Z,177.3800048828125,178.61000061035156
2023-08-28T00:00:00Z,180.08999633789062,180.19000244140625
2023-08-29T00:00:00Z,179.6999969482422,184.1199951171875
2023-08-30T00:00:00Z,184.94000244140625,187.64999389648438
2023-08-31T00:00:00Z,187.83999633789062,187.8699951171875
2023-09-01T00:00:00Z,189.49000549316406,189.4600067138672
2023-09-05T00:00:00Z,188.27999877929688,189.6999969482422
2023-09-06T00:00:00Z,188.39999389648438,182.91000366210938
2023-09-07T00:00:00Z,175.17999267578125,177.55999755859375
2023-09-08T00:00:00Z,178.35000610351562,178.17999267578125
2023-09-11T00:00:00Z,180.07000732421875,179.36000061035156
2023-09-12T00:00:00Z,179.49000549316406,176.3000030517578
2023-09-13T00:00:00Z,176.50999450683594,174.2100067138672
2023-09-14T00:00:00Z,174.0,175.74000549316406
2023-09-15T00:00:00Z,176.47999572753906,175.00999450683594
2023-09-18T00:00:00Z,176.47999572753906,177.97000122070312
2023-09-19T00:00:00Z,177.52000427246094,179.07000732421875
2023-09-20T00:00:00Z,179.25999450683594,175.49000549316406
2023-09-21T00:00:00Z,174.5500030517578,173.92999267578125
2023-09-22T00:00:00Z,174.6699981689453,174.7899932861328
2023-09-25T00:00:00Z,174.1999969482422,176.0800018310547
2023-09-26T00:00:00Z,174.82000732421875,171.9600067138672
2023-09-27T00:00:00Z,172.6199951171875,170.42999267578125
2023-09-28T00:00:00Z,169.33999633789062,170.69000244140625
2023-09-29T00:00:00Z,172.02000427246094,171.2100067138672
2023-10-02T00:00:00Z,171.22000122070312,173.75
2023-10-03T00:00:00Z,172.25999450683594,172.39999389648438
2023-10-04T00:00:00Z,171.08999633789062,173.66000366210938
2023-10-05T00:00:00Z,173.7899932861328,174.91000366210938
2023-10-06T00:00:00Z,173.8000030517578,177.49000549316406
2023-10-09T00:00:00Z,176.80999755859375,178.99000549316406
2023-10-10T00:00:00Z,178.10000610351562,178.38999938964844
2023-10-11T00:00:00Z,178.1999969482422,179.8000030517578
2023-10-12T00:00:00Z,180.07000732421875,180.7100067138672
2023-10-13T00:00:00Z,181.4199981689453,178.85000610351562
2023-10-16T00:00:00Z,176.75,178.72000122070312
2023-10-17T00:00:00Z,176.64999389648438,177.14999389648438
2023-10-18T00:00:00Z,175.5800018310547,175.83999633789062
2023-10-19T00:00:00Z,176.0399932861328,175.4600067138672
2023-10-20T00:00:00Z,175.30999755859375,172.8800048828125
2023-10-23T00:00:00Z,170.91000366210938,173.0
2023-10-24T00:00:00Z,173.0500030517578,173.44000244140625
2023-10-25T00:00:00Z,171.8800048828125,171.10000610351562
2023-10-26T00:00:00Z,170.3699951171875,166.88999938964844
2023-10-27T00:00:00Z,166.91000366210938,168.22000122070312
2023-10-30T00:00:00Z,169.02000427246094,170.2899932861328
2023-10-31T00:00:00Z,169.35000610351562,170.77000427246094
2023-11-01T00:00:00Z,171.0,173.97000122070312
2023-11-02T00:00:00Z,175.52000427246094,177.57000732421875
2023-11-03T00:00:00Z,174.24000549316406,176.64999389648438
2023-11-06T00:00:00Z,176.3800048828125,179.22999572753906
2023-11-07T00:00:00Z,179.17999267578125,181.82000732421875
2023-11-08T00:00:00Z,182.35000610351562,182.88999938964844
2023-11-09T00:00:00Z,182.9600067138672,182.41000366210938
2023-11-10T00:00:00Z,183.97000122070312,186.39999389648438
2023-11-13T00:00:00Z,185.82000732421875,184.8000030517578
2023-11-14T00:00:00Z,187.6999969482422,187.44000244140625
2023-11-15T00:00:00Z,187.85000610351562,188.00999450683594
2023-11-16T00:00:00Z,189.57000732421875,189.7100067138672
2023-11-17T00:00:00Z,190.25,189.69000244140625
2023-11-20T00:00:00Z,189.88999938964844,191.4499969482422
2023-11-21T00:00:00Z,191.41000366210938,190.63999938964844
2023-11-22T00:00:00Z,191.49000549316406,191.30999755859375
2023-11-24T00:00:00Z,190.8699951171875,189.97000122070312
2023-11-27T00:00:00Z,189.9199981689453,189.7899932861328
2023-11-28T00:00:00Z,189.77999877929688,190.39999389648438
2023-11-29T00:00:00Z,190.89999389648438,189.3699951171875
2023-11-30T00:00:00Z,189.83999633789062,189.9499969482422
2023-12-01T00:00:00Z,190.3300018310547,191.24000549316406
2023-12-04T00:00:00Z,189.97999572753906,189.42999267578125
2023-12-05T00:00:00Z,190.2100067138672,193.4199981689453
2023-12-06T00:00:00Z,194.4499969482422,192.32000732421875
2023-12-07T00:00:00Z,193.6300048828125,194.27000427246094
2023-12-08T00:00:00Z,194.1999969482422,195.7100067138672
2023-12-11T00:00:00Z,193.11000061035156,193.17999267578125
2023-12-12T00:00:00Z,193.0800018310547,194.7100067138672
2023-12-13T00:00:00Z,195.08999633789062,197.9600067138672
2023-12-14T00:00:00Z,198.02000427246094,198.11000061035156
2023-12-15T00:00:00Z,197.52999877929688,197.57000732421875
2023-12-18T00:00:00Z,196.08999633789062,195.88999938964844
2023-12-19T00:00:00Z,196.16000366210938,196.94000244140625
2023-12-20T00:00:00Z,196.89999389648438,194.8300018310547
2023-12-21T00:00:00Z,196.10000610351562,194.67999267578125
2023-12-22T00:00:00Z,195.17999267578125,193.60000610351562
2023-12-26T00:00:00Z,193.61000061035156,193.0500030517578
2023-12-27T00:00:00Z,192.49000549316406,193.14999389648438
2023-12-28T00:00:00Z,194.13999938964844,193.5800018310547
2023-12-29T00:00:00Z,193.89999389648438,192.52999877929688
2024-01-02T00:00:00Z,187.14999389648438,185.63999938964844
2024-01-03T00:00:00Z,184.22000122070312,184.25
2024-01-04T00:00:00Z,182.14999389648438,181.91000366210938
2024-01-05T00:00:00Z,181.99000549316406,181.17999267578125
2024-01-08T00:00:00Z,182.08999633789062,185.55999755859375
2024-01-09T00:00:00Z,183.9199981689453,185.13999938964844
2024-01-10T00:00:00Z,184.35000610351562,186.19000244140625
2024-01-11T00:00:00Z,186.5399932861328,185.58999633789062
2024-01-12T00:00:00Z,186.05999755859375,185.9199981689453
2024-01-16T00:00:00Z,182.16000366210938,183.6300048828125
2024-01-17T00:00:00Z,181.27000427246094,182.67999267578125
2024-01-18T00:00:00Z,186.08999633789062,188.6300048828125
2024-01-19T00:00:00Z,189.3300018310547,191.55999755859375
2024-01-22T00:00:00Z,192.3000030517578,193.88999938964844
2024-01-23T00:00:00Z,195.02000427246094,195.17999267578125
2024-01-24T00:00:00Z,195.4199981689453,194.5
2024-01-25T00:00:00Z,195.22000122070312,194.1699981689453
2024-01-26T00:00:00Z,194.27000427246094,192.4199981689453
2024-01-29T00:00:00Z,192.00999450683594,191.72999572753906
2024-01-30T00:00:00Z,190.94000244140625,188.0399932861328
2024-01-31T00:00:00Z,187.0399932861328,184.39999389648438
2024-02-01T00:00:00Z,183.99000549316406,186.86000061035156
2024-02-02T00:00:00Z,179.86000061035156,185.85000610351562
2024-02-05T00:00:00Z,188.14999389648438,187.67999267578125
2024-02-06T00:00:00Z,186.86000061035156,189.3000030517578
2024-02-07T00:00:00Z,190.63999938964844,189.41000366210938
2024-02-08T00:00:00Z,189.38999938964844,188.32000732421875
2024-02-09T00:00:00Z,188.64999389648438,188.85000610351562
2024-02-12T00:00:00Z,188.4199981689453,187.14999389648438
2024-02-13T00:00:00Z,185.77000427246094,185.0399932861328
2024-02-14T00:00:00Z,185.32000732421875,184.14999389648438
2024-02-15T00:00:00Z,183.5500030517578,183.86000061035156
2024-02-16T00:00:00Z,183.4199981689453,182.30999755859375
2024-02-20T00:00:00Z,181.7899932861328,181.55999755859375
2024-02-21T00:00:00Z,181.94000244140625,182.32000732421875
2024-02-22T00:00:00Z,183.47999572753906,184.3699951171875
2024-02-23T00:00:00Z,185.00999450683594,182.52000427246094
2024-02-26T00:00:00Z,182.24000549316406,181.16000366210938
2024-02-27T00:00:00Z,181.10000610351562,182.6300048828125
2024-02-28T00:00:00Z,182.50999450683594,181.4199981689453
2024-02-29T00:00:00Z,181.27000427246094,180.75
2024-03-01T00:00:00Z,179.5500030517578,179.66000366210938
2024-03-04T00:00:00Z,176.14999389648438,175.10000610351562
2024-03-05T00:00:00Z,170.75999450683594,170.1199951171875
2024-03-06T00:00:00Z,171.05999755859375,169.1199951171875
2024-03-07T00:00:00Z,169.14999389648438,169.0
2024-03-08T00:00:00Z,169.0,170.72999572753906
2024-03-11T00:00:00Z,172.94000244140625,172.75
2024-03-12T00:00:00Z,173.14999389648438,173.22999572753906
2024-03-13T00:00:00Z,172.77000427246094,171.1300048828125
2024-03-14T00:00:00Z,172.91000366210938,173.0
2024-03-15T00:00:00Z,171.1699981689453,172.6199951171875
2024-03-18T00:00:00Z,175.57000732421875,173.72000122070312
2024-03-19T00:00:00Z,174.33999633789062,176.0800018310547
2024-03-20T00:00:00Z,175.72000122070312,178.6699981689453
2024-03-21T00:00:00Z,177.0500030517578,171.3699951171875
2024-03-22T00:00:00Z,171.75999450683594,172.27999877929688
2024-03-25T00:00:00Z,170.57000732421875,170.85000610351562
2024-03-26T00:00:00Z,170.0,169.7100067138672
2024-03-27T00:00:00Z,170.41000366210938,173.30999755859375
2024-03-28T00:00:00Z,171.75,171.47999572753906
2024-04-01T00:00:00Z,171.19000244140625,170.02999877929688
2024-04-02T00:00:00Z,169.0800018310547,168.83999633789062
2024-04-03T00:00:00Z,168.7899932861328,169.64999389648438
2024-04-04T00:00:00Z,170.2899932861328,168.82000732421875
2024-04-05T00:00:00Z,169.58999633789062,169.5800018310547
2024-04-08T00:00:00Z,169.02999877929688,168.4499969482422
2024-04-09T00:00:00Z,168.6999969482422,169.6699981689453
2024-04-10T00:00:00Z,168.8000030517578,167.77999877929688
2024-04-11T00:00:00Z,168.33999633789062,175.0399932861328
2024-04-12T00:00:00Z,174.25999450683594,176.5500030517578
2024-04-15T00:00:00Z,175.36000061035156,172.69000244140625
2024-04-16T00:00:00Z,171.75,169.3800048828125
2024-04-17T00:00:00Z,169.61000061035156,168.0
2024-04-18T00:00:00Z,168.02999877929688,167.0399932861328
2024-04-19T00:00:00Z,166.2100067138672,165.0
2024-04-22T00:00:00Z,165.52000427246094,165.83999633789062
2024-04-23T00:00:00Z,165.35000610351562,166.89999389648438
2024-04-24T00:00:00Z,166.5399932861328,169.02000427246094
2024-04-25T00:00:00Z,169.52999877929688,169.88999938964844
2024-04-26T00:00:00Z,169.8800048828125,169.3000030517578
2024-04-29T00:00:00Z,173.3699951171875,173.5
2024-04-30T00:00:00Z,173.3300018310547,170.3300018310547
2024-05-01T00:00:00Z,169.5800018310547,169.3000030517578
2024-05-02T00:00:00Z,172.50999450683594,173.02999877929688
2024-05-03T00:00:00Z,186.64999389648438,183.3800048828125
2024-05-06T00:00:00Z,182.35000610351562,181.7100067138672
2024-05-07T00:00:00Z,183.4499969482422,182.39999389648438
2024-05-08T00:00:00Z,182.85000610351562,182.74000549316406
2024-05-09T00:00:00Z,182.55999755859375,184.57000732421875
2024-05-10T00:00:00Z,184.89999389648438,183.0500030517578
2024-05-13T00:00:00Z,185.44000244140625,186.27999877929688
2024-05-14T00:00:00Z,187.50999450683594,187.42999267578125
2024-05-15T00:00:00Z,187.91000366210938,189.72000122070312
2024-05-16T00:00:00Z,190.47000122070312,189.83999633789062
2024-05-17T00:00:00Z,189.50999450683594,189.8699951171875
2024-05-20T00:00:00Z,189.3300018310547,191.0399932861328
2024-05-21T00:00:00Z,191.08999633789062,192.35000610351562
2024-05-22T00:00:00Z,192.27000427246094,190.89999389648438
2024-05-23T00:00:00Z,190.97999572753906,186.8800048828125
2024-05-24T00:00:00Z,188.82000732421875,189.97999572753906
2024-05-28T00:00:00Z,191.50999450683594,189.99000549316406
2024-05-29T00:00:00Z,189.61000061035156,190.2899932861328
2024-05-30T00:00:00Z,190.75999450683594,191.2899932861328
2024-05-31T00:00:00Z,191.44000244140625,192.25
2024-06-03T00:00:00Z,192.89999389648438,194.02999877929688
2024-06-04T00:00:00Z,194.63999938964844,194.35000610351562
2024-06-05T00:00:00Z,195.39999389648438,195.8699951171875
2024-06-06T00:00:00Z,195.69000244140625,194.47999572753906
2024-06-07T00:00:00Z,194.64999389648438,196.88999938964844
2024-06-10T00:00:00Z,196.89999389648438,193.1199951171875
2024-06-11T00:00:00Z,193.64999389648438,207.14999389648438
2024-06-12T00:00:00Z,207.3699951171875,213.07000732421875
2024-06-13T00:00:00Z,214.74000549316406,214.24000549316406
2024-06-14T00:00:00Z,213.85000610351562,212.49000549316406
2024-06-17T00:00:00Z,213.3699951171875,216.6699981689453
2024-06-18T00:00:00Z,217.58999633789062,214.2899932861328
2024-06-20T00:00:00Z,213.92999267578125,209.67999267578125
2024-06-21T00:00:00Z,210.38999938964844,207.49000549316406
2024-06-24T00:00:00Z,207.72000122070312,208.13999938964844
2024-06-25T00:00:00Z,209.14999389648438,209.07000732421875
2024-06-26T00:00:00Z,211.5,213.25
2024-06-27T00:00:00Z,214.69000244140625,214.10000610351562
2024-06-28T00:00:00Z,215.77000427246094,210.6199951171875
2024-07-01T00:00:00Z,212.08999633789062,216.75
2024-07-02T00:00:00Z,216.14999389648438,220.27000427246094
2024-07-03T00:00:00Z,220.0,221.5500030517578
2024-07-05T00:00:00Z,221.64999389648438,226.33999633789062
2024-07-08T00:00:00Z,227.08999633789062,227.82000732421875
2024-07-09T00:00:00Z,227.92999267578125,228.67999267578125
2024-07-10T00:00:00Z,229.3000030517578,232.97999572753906
2024-07-11T00:00:00Z,231.38999938964844,227.57000732421875
2024-07-12T00:00:00Z,228.9199981689453,230.5399932861328
2024-07-15T00:00:00Z,236.47999572753906,234.39999389648438
2024-07-16T00:00:00Z,235.0,234.82000732421875
2024-07-17T00:00:00Z,229.4499969482422,228.8800048828125
2024-07-18T00:00:00Z,230.27999877929688,224.17999267578125
2024-07-19T00:00:00Z,224.82000732421875,224.30999755859375
2024-07-22T00:00:00Z,227.00999450683594,223.9600067138672
2024-07-23T00:00:00Z,224.3699951171875,225.00999450683594
2024-07-24T00:00:00Z,224.0,218.5399932861328
2024-07-25T00:00:00Z,218.92999267578125,217.49000549316406
2024-07-26T00:00:00Z,218.6999969482422,217.9600067138672
2024-07-29T00:00:00Z,216.9600067138672,218.24000549316406
2024-07-30T00:00:00Z,219.19000244140625,218.8000030517578
2024-07-31T00:00:00Z,221.44000244140625,222.0800018310547
2024-08-01T00:00:00Z,224.3699951171875,218.36000061035156
2024-08-02T00:00:00Z,219.14999389648438,219.86000061035156
2024-08-05T00:00:00Z,199.08999633789062,209.27000427246094
2024-08-06T00:00:00Z,205.3000030517578,207.22999572753906
2024-08-07T00:00:00Z,206.89999389648438,209.82000732421875
2024-08-08T00:00:00Z,213.11000061035156,213.30999755859375
2024-08-09T00:00:00Z,212.10000610351562,216.24000549316406
2024-08-12T00:00:00Z,216.07000732421875,217.52999877929688
2024-08-13T00:00:00Z,219.00999450683594,221.27000427246094
2024-08-14T00:00:00Z,220.57000732421875,221.72000122070312
2024-08-15T00:00:00Z,224.60000610351562,224.72000122070312
2024-08-16T00:00:00Z,223.9199981689453,226.0500030517578
2024-08-19T00:00:00Z,225.72000122070312,225.88999938964844
2024-08-20T00:00:00Z,225.77000427246094,226.50999450683594
2024-08-21T00:00:00Z,226.52000427246094,226.39999389648438
2024-08-22T00:00:00Z,227.7899932861328,224.52999877929688
2024-08-23T00:00:00Z,225.66000366210938,226.83999633789062
2024-08-26T00:00:00Z,226.75999450683594,227.17999267578125
2024-08-27T00:00:00Z,226.0,228.02999877929688
2024-08-28T00:00:00Z,227.9199981689453,226.49000549316406
2024-08-29T00:00:00Z,230.10000610351562,229.7899932861328
2024-08-30T00:00:00Z,230.19000244140625,229.0
2024-09-03T00:00:00Z,228.5500030517578,222.77000427246094
2024-09-04T00:00:00Z,221.66000366210938,220.85000610351562
2024-09-05T00:00:00Z,221.6300048828125,222.3800048828125
2024-09-06T00:00:00Z,223.9499969482422,220.82000732421875
2024-09-09T00:00:00Z,220.82000732421875,220.91000366210938
2024-09-10T00:00:00Z,218.9199981689453,220.11000061035156
2024-09-11T00:00:00Z,221.4600067138672,222.66000366210938
2024-09-12T00:00:00Z,222.5,222.77000427246094
2024-09-13T00:00:00Z,223.5800018310547,222.5
2024-09-16T00:00:00Z,216.5399932861328,216.32000732421875
2024-09-17T00:00:00Z,215.75,216.7899932861328
2024-09-18T00:00:00Z,217.5500030517578,220.69000244140625
2024-09-19T00:00:00Z,224.99000549316406,228.8699951171875
2024-09-20T00:00:00Z,229.97000122070312,228.1999969482422
2024-09-23T00:00:00Z,227.33999633789062,226.47000122070312
2024-09-24T00:00:00Z,228.64999389648438,227.3699951171875
2024-09-25T00:00:00Z,224.92999267578125,226.3699951171875
2024-09-26T00:00:00Z,227.3000030517578,227.52000427246094
2024-09-27T00:00:00Z,228.4600067138672,227.7899932861328
2024-09-30T00:00:00Z,230.0399932861328,233.0
2024-10-01T00:00:00Z,229.52000427246094,226.2100067138672
2024-10-02T00:00:00Z,225.88999938964844,226.77999877929688
2024-10-03T00:00:00Z,225.13999938964844,225.6699981689453
2024-10-04T00:00:00Z,227.89999389648438,226.8000030517578
2024-10-07T00:00:00Z,224.5,221.69000244140625
2024-10-08T00:00:00Z,224.3000030517578,225.77000427246094
2024-10-09T00:00:00Z,225.22999572753906,229.5399932861328
2024-10-10T00:00:00Z,227.77999877929688,229.0399932861328
2024-10-11T00:00:00Z,229.3000030517578,227.5500030517578
2024-10-14T00:00:00Z,228.6999969482422,231.3000030517578
2024-10-15T00:00:00Z,233.61000061035156,233.85000610351562
2024-10-16T00:00:00Z,231.60000610351562,231.77999877929688
2024-10-17T00:00:00Z,233.42999267578125,232.14999389648438
2024-10-18T00:00:00Z,236.17999267578125,235.0
2024-10-21T00:00:00Z,234.4499969482422,236.47999572753906
2024-10-22T00:00:00Z,233.88999938964844,235.86000061035156
2024-10-23T00:00:00Z,234.0800018310547,230.75999450683594
2024-10-24T00:00:00Z,229.97999572753906,230.57000732421875
2024-10-25T00:00:00Z,229.74000549316406,231.41000366210938
2024-10-28T00:00:00Z,233.32000732421875,233.39999389648438
2024-10-29T00:00:00Z,233.10000610351562,233.6699981689453
2024-10-30T00:00:00Z,232.61000061035156,230.10000610351562
2024-10-31T00:00:00Z,229.33999633789062,225.91000366210938
2024-11-01T00:00:00Z,220.97000122070312,222.91000366210938
2024-11-04T00:00:00Z,220.99000549316406,222.00999450683594
2024-11-05T00:00:00Z,221.8000030517578,223.4499969482422
2024-11-06T00:00:00Z,222.61000061035156,222.72000122070312
2024-11-07T00:00:00Z,224.6300048828125,227.47999572753906
2024-11-08T00:00:00Z,227.1699981689453,226.9600067138672
2024-11-11T00:00:00Z,225.0,224.22999572753906
2024-11-12T00:00:00Z,224.5500030517578,224.22999572753906
2024-11-13T00:00:00Z,224.00999450683594,225.1199951171875
2024-11-14T00:00:00Z,225.02000427246094,228.22000122070312
2024-11-15T00:00:00Z,226.39999389648438,225.0
2024-11-18T00:00:00Z,225.25,228.02000427246094
2024-11-19T00:00:00Z,226.97999572753906,228.27999877929688
2024-11-20T00:00:00Z,228.05999755859375,229.0
2024-11-21T00:00:00Z,228.8800048828125,228.52000427246094
2024-11-22T00:00:00Z,228.05999755859375,229.8699951171875
2024-11-25T00:00:00Z,231.4600067138672,232.8699951171875
2024-11-26T00:00:00Z,233.3300018310547,235.05999755859375
2024-11-27T00:00:00Z,234.47000122070312,234.92999267578125
2024-11-29T00:00:00Z,234.80999755859375,237.3300018310547
2024-12-02T00:00:00Z,237.27000427246094,239.58999633789062
2024-12-03T00:00:00Z,239.80999755859375,242.64999389648438
2024-12-04T00:00:00Z,242.8699951171875,243.00999450683594
2024-12-05T00:00:00Z,243.99000549316406,243.0399932861328
2024-12-06T00:00:00Z,242.91000366210938,242.83999633789062
2024-12-09T00:00:00Z,241.8300018310547,246.75
2024-12-10T00:00:00Z,246.88999938964844,247.77000427246094
2024-12-11T00:00:00Z,247.9600067138672,246.49000549316406
2024-12-12T00:00:00Z,246.88999938964844,247.9600067138672
2024-12-13T00:00:00Z,247.82000732421875,248.1300048828125
2024-12-16T00:00:00Z,247.99000549316406,251.0399932861328
2024-12-17T00:00:00Z,250.0800018310547,253.47999572753906
2024-12-18T00:00:00Z,252.16000366210938,248.0500030517578
2024-12-19T00:00:00Z,247.5,249.7899932861328
2024-12-20T00:00:00Z,248.0399932861328,254.49000549316406
2024-12-23T00:00:00Z,254.77000427246094,255.27000427246094
2024-12-24T00:00:00Z,255.49000549316406,258.20001220703125
2024-12-26T00:00:00Z,258.19000244140625,259.0199890136719
2024-12-27T00:00:00Z,257.8299865722656,255.58999633789062
2024-12-30T00:00:00Z,252.22999572753906,252.1999969482422
2024-12-31T00:00:00Z,252.44000244140625,250.4199981689453
2025-01-02T00:00:00Z,248.92999267578125,243.85000610351562
2025-01-03T00:00:00Z,243.36000061035156,243.36000061035156
2025-01-06T00:00:00Z,244.30999755859375,245.0
2025-01-07T00:00:00Z,242.97999572753906,242.2100067138672
2025-01-08T00:00:00Z,241.9199981689453,242.6999969482422
2025-01-10T00:00:00Z,240.00999450683594,236.85000610351562
2025-01-13T00:00:00Z,233.52999877929688,234.39999389648438
2025-01-14T00:00:00Z,234.75,233.27999877929688
2025-01-15T00:00:00Z,234.63999938964844,237.8699951171875
2025-01-16T00:00:00Z,237.35000610351562,228.25999450683594
2025-01-17T00:00:00Z,232.1199951171875,229.97999572753906
2025-01-21T00:00:00Z,224.0,222.63999938964844
2025-01-22T00:00:00Z,219.7899932861328,223.8300018310547
2025-01-23T00:00:00Z,224.74000549316406,223.66000366210938
2025-01-24T00:00:00Z,224.77999877929688,222.77999877929688
2025-01-27T00:00:00Z,224.02000427246094,229.86000061035156
2025-01-28T00:00:00Z,230.85000610351562,238.25999450683594
2025-01-29T00:00:00Z,234.1199951171875,239.36000061035156
2025-01-30T00:00:00Z,238.6699981689453,237.58999633789062
2025-01-31T00:00:00Z,247.19000244140625,236.0
2025-02-03T00:00:00Z,229.99000549316406,228.00999450683594
2025-02-04T00:00:00Z,227.25,232.8000030517578
2025-02-05T00:00:00Z,228.52999877929688,232.47000122070312
2025-02-06T00:00:00Z,231.2899932861328,233.22000122070312
2025-02-07T00:00:00Z,232.60000610351562,227.6300048828125
2025-02-10T00:00:00Z,229.57000732421875,227.64999389648438
2025-02-11T00:00:00Z,228.1999969482422,232.6199951171875
2025-02-12T00:00:00Z,231.1999969482422,236.8699951171875
2025-02-13T00:00:00Z,236.91000366210938,241.52999877929688
2025-02-14T00:00:00Z,241.25,244.60000610351562
2025-02-18T00:00:00Z,244.14999389648438,244.47000122070312
2025-02-19T00:00:00Z,244.66000366210938,244.8699951171875
2025-02-20T00:00:00Z,244.94000244140625,245.8300018310547
2025-02-21T00:00:00Z,245.9499969482422,245.5500030517578
2025-02-24T00:00:00Z,244.92999267578125,247.10000610351562
2025-02-25T00:00:00Z,248.0,247.0399932861328
2025-02-26T00:00:00Z,244.3300018310547,240.36000061035156
2025-02-27T00:00:00Z,239.41000366210938,237.3000030517578
2025-02-28T00:00:00Z,236.9499969482422,241.83999633789062
2025-03-03T00:00:00Z,241.7899932861328,238.02999877929688
2025-03-04T00:00:00Z,237.7100067138672,235.92999267578125
2025-03-05T00:00:00Z,235.4199981689453,235.74000549316406
2025-03-06T00:00:00Z,234.44000244140625,235.3300018310547
2025-03-07T00:00:00Z,235.11000061035156,239.07000732421875
2025-03-10T00:00:00Z,235.5399932861328,227.47999572753906
2025-03-11T00:00:00Z,223.80999755859375,220.83999633789062
2025-03-12T00:00:00Z,220.13999938964844,216.97999572753906
2025-03-13T00:00:00Z,215.9499969482422,209.67999267578125
2025-03-14T00:00:00Z,211.25,213.49000549316406
2025-03-17T00:00:00Z,213.30999755859375,214.0
2025-03-18T00:00:00Z,214.16000366210938,212.69000244140625
2025-03-19T00:00:00Z,214.22000122070312,215.24000549316406
2025-03-20T00:00:00Z,213.99000549316406,214.10000610351562
2025-03-21T00:00:00Z,211.55999755859375,218.27000427246094
2025-03-24T00:00:00Z,221.0,220.72999572753906
2025-03-25T00:00:00Z,220.77000427246094,223.75
2025-03-26T00:00:00Z,223.50999450683594,221.52999877929688
2025-03-27T00:00:00Z,221.38999938964844,223.85000610351562
2025-03-28T00:00:00Z,221.6699981689453,217.89999389648438
2025-03-31T00:00:00Z,217.00999450683594,222.1300048828125
2025-04-01T00:00:00Z,219.80999755859375,223.19000244140625
2025-04-02T00:00:00Z,221.32000732421875,223.88999938964844
2025-04-03T00:00:00Z,205.5399932861328,203.19000244140625
2025-04-04T00:00:00Z,193.88999938964844,188.3800048828125
2025-04-07T00:00:00Z,177.1999969482422,181.4600067138672
2025-04-08T00:00:00Z,186.6999969482422,172.4199981689453
2025-04-09T00:00:00Z,171.9499969482422,198.85000610351562
2025-04-10T00:00:00Z,189.07000732421875,190.4199981689453
2025-04-11T00:00:00Z,186.10000610351562,198.14999389648438
2025-04-14T00:00:00Z,211.44000244140625,202.52000427246094
2025-04-15T00:00:00Z,201.86000061035156,202.13999938964844
2025-04-16T00:00:00Z,198.36000061035156,194.27000427246094
2025-04-17T00:00:00Z,197.1999969482422,196.97999572753906
2025-04-21T00:00:00Z,193.27000427246094,193.16000366210938
2025-04-22T00:00:00Z,196.1199951171875,199.74000549316406
2025-04-23T00:00:00Z,206.0,204.60000610351562
2025-04-24T00:00:00Z,204.88999938964844,208.3699951171875
2025-04-25T00:00:00Z,206.3699951171875,209.27999877929688
2025-04-28T00:00:00Z,210.0,210.13999938964844
2025-04-29T00:00:00Z,208.69000244140625,211.2100067138672
2025-04-30T00:00:00Z,209.3000030517578,212.5
2025-05-01T00:00:00Z,209.0800018310547,213.32000732421875
2025-05-02T00:00:00Z,206.08999633789062,205.35000610351562
2025-05-05T00:00:00Z,203.10000610351562,198.88999938964844
2025-05-06T00:00:00Z,198.2100067138672,198.50999450683594
2025-05-07T00:00:00Z,199.1699981689453,196.25
2025-05-08T00:00:00Z,197.72000122070312,197.49000549316406
2025-05-09T00:00:00Z,199.0,198.52999877929688
2025-05-12T00:00:00Z,210.97000122070312,210.7899932861328
2025-05-13T00:00:00Z,210.42999267578125,212.92999267578125
2025-05-14T00:00:00Z,212.42999267578125,212.3300018310547
2025-05-15T00:00:00Z,210.9499969482422,211.4499969482422
2025-05-16T00:00:00Z,212.36000061035156,211.25999450683594
2025-05-19T00:00:00Z,207.91000366210938,208.77999877929688
2025-05-20T00:00:00Z,207.6699981689453,206.86000061035156
2025-05-21T00:00:00Z,205.1699981689453,202.08999633789062
2025-05-22T00:00:00Z,200.7100067138672,201.36000061035156
2025-05-23T00:00:00Z,193.6699981689453,195.27000427246094
2025-05-27T00:00:00Z,198.3000030517578,200.2100067138672
2025-05-28T00:00:00Z,200.58999633789062,200.4199981689453
2025-05-29T00:00:00Z,203.5800018310547,199.9499969482422
2025-05-30T00:00:00Z,199.3699951171875,200.85000610351562
2025-06-02T00:00:00Z,200.27999877929688,201.6999969482422
2025-06-03T00:00:00Z,201.35000610351562,203.27000427246094
2025-06-04T00:00:00Z,202.91000366210938,202.82000732421875
2025-06-05T00:00:00Z,203.5,200.6300048828125
2025-06-06T00:00:00Z,203.0,203.9199981689453
2025-06-09T00:00:00Z,204.38999938964844,201.4499969482422
2025-06-10T00:00:00Z,200.60000610351562,202.6699981689453
2025-06-11T00:00:00Z,203.5,198.77999877929688
2025-06-12T00:00:00Z,199.0800018310547,199.1999969482422
2025-06-13T00:00:00Z,199.72999572753906,196.4499969482422
2025-06-16T00:00:00Z,197.3000030517578,198.4199981689453
2025-06-17T00:00:00Z,197.1999969482422,195.63999938964844
2025-06-18T00:00:00Z,195.94000244140625,196.5800018310547
2025-06-20T00:00:00Z,198.24000549316406,201.0
2025-06-23T00:00:00Z,201.6300048828125,201.5
2025-06-24T00:00:00Z,202.58999633789062,200.3000030517578
2025-06-25T00:00:00Z,201.4499969482422,201.55999755859375
2025-06-26T00:00:00Z,201.42999267578125,201.0
2025-06-27T00:00:00Z,201.88999938964844,201.0800018310547
2025-06-30T00:00:00Z,202.00999450683594,205.1699981689453
2025-07-01T00:00:00Z,206.6699981689453,207.82000732421875
2025-07-02T00:00:00Z,208.91000366210938,212.44000244140625
2025-07-03T00:00:00Z,212.14999389648438,213.5500030517578
2025-07-07T00:00:00Z,212.67999267578125,209.9499969482422
2025-07-08T00:00:00Z,210.10000610351562,210.00999450683594
2025-07-09T00:00:00Z,209.52999877929688,211.13999938964844
2025-07-10T00:00:00Z,210.50999450683594,212.41000366210938
2025-07-11T00:00:00Z,210.57000732421875,211.16000366210938
2025-07-14T00:00:00Z,209.92999267578125,208.6199951171875
2025-07-15T00:00:00Z,209.22000122070312,209.11000061035156
2025-07-16T00:00:00Z,210.3000030517578,210.16000366210938
2025-07-17T00:00:00Z,210.57000732421875,210.02000427246094
2025-07-18T00:00:00Z,210.8699951171875,211.17999267578125
2025-07-21T00:00:00Z,212.10000610351562,212.47999572753906
2025-07-22T00:00:00Z,213.13999938964844,214.39999389648438
2025-07-23T00:00:00Z,215.0,214.14999389648438
2025-07-24T00:00:00Z,213.89999389648438,213.75999450683594
2025-07-25T00:00:00Z,214.6999969482422,213.8800048828125
2025-07-28T00:00:00Z,214.02999877929688,214.0500030517578
2025-07-29T00:00:00Z,214.17999267578125,211.27000427246094
2025-07-30T00:00:00Z,211.89999389648438,209.0500030517578
2025-07-31T00:00:00Z,208.49000549316406,207.57000732421875
2025-08-01T00:00:00Z,210.8699951171875,202.3800048828125
2025-08-04T00:00:00Z,204.50999450683594,203.35000610351562
2025-08-05T00:00:00Z,203.39999389648438,202.9199981689453
2025-08-06T00:00:00Z,205.6300048828125,213.25
2025-08-07T00:00:00Z,218.8800048828125,220.02999877929688
2025-08-08T00:00:00Z,220.8300018310547,229.35000610351562
2025-08-11T00:00:00Z,227.9199981689453,227.17999267578125
2025-08-12T00:00:00Z,228.00999450683594,229.64999389648438
2025-08-13T00:00:00Z,231.07000732421875,233.3300018310547
2025-08-14T00:00:00Z,234.05999755859375,232.77999877929688
2025-08-15T00:00:00Z,234.0,231.58999633789062
2025-08-18T00:00:00Z,231.6999969482422,230.88999938964844
2025-08-19T00:00:00Z,231.27999877929688,230.55999755859375
2025-08-20T00:00:00Z,229.97999572753906,226.00999450683594
2025-08-21T00:00:00Z,226.27000427246094,224.89999389648438
2025-08-22T00:00:00Z,226.1699981689453,227.75999450683594
2025-08-25T00:00:00Z,226.47999572753906,227.16000366210938
2025-08-26T00:00:00Z,226.8699951171875,229.30999755859375
2025-08-27T00:00:00Z,228.61000061035156,230.49000549316406
2025-08-28T00:00:00Z,230.82000732421875,232.55999755859375
2025-08-29T00:00:00Z,232.50999450683594,232.13999938964844
2025-09-02T00:00:00Z,229.25,229.72000122070312
2025-09-03T00:00:00Z,237.2100067138672,238.47000122070312
2025-09-04T00:00:00Z,238.4499969482422,239.77999877929688
2025-09-05T00:00:00Z,240.0,239.69000244140625
2025-09-08T00:00:00Z,239.3000030517578,237.8800048828125
2025-09-09T00:00:00Z,237.0,234.35000610351562
2025-09-10T00:00:00Z,232.19000244140625,226.7899932861328
2025-09-11T00:00:00Z,226.8800048828125,230.02999877929688
2025-09-12T00:00:00Z,229.22000122070312,234.07000732421875
2025-09-15T00:00:00Z,237.0,236.6999969482422
2025-09-16T00:00:00Z,237.17999267578125,238.14999389648438
2025-09-17T00:00:00Z,238.97000122070312,238.99000549316406
2025-09-18T00:00:00Z,239.97000122070312,237.8800048828125
2025-09-19T00:00:00Z,241.22999572753906,245.5
2025-09-22T00:00:00Z,248.3000030517578,256.0799865722656
2025-09-23T00:00:00Z,255.8800048828125,254.42999267578125
2025-09-24T00:00:00Z,255.22000122070312,252.30999755859375
2025-09-25T00:00:00Z,253.2100067138672,256.8699951171875
2025-09-26T00:00:00Z,254.10000610351562,255.4600067138672
2025-09-29T00:00:00Z,254.55999755859375,254.42999267578125
2025-09-30T00:00:00Z,254.86000061035156,254.6300048828125
2025-10-01T00:00:00Z,255.0399932861328,255.4499969482422
2025-10-02T00:00:00Z,256.5799865722656,257.1300048828125
2025-10-03T00:00:00Z,254.6699981689453,258.0199890136719
2025-10-06T00:00:00Z,257.989990234375,256.69000244140625
2025-10-07T00:00:00Z,256.80999755859375,256.4800109863281
2025-10-08T00:00:00Z,256.5199890136719,258.05999755859375
2025-10-09T00:00:00Z,257.80999755859375,254.0399932861328
2025-10-10T00:00:00Z,254.94000244140625,245.27000427246094
2025-10-13T00:00:00Z,249.3800048828125,247.66000366210938
2025-10-14T00:00:00Z,246.60000610351562,247.77000427246094
2025-10-15T00:00:00Z,249.49000549316406,249.33999633789062
2025-10-16T00:00:00Z,248.25,247.4499969482422
2025-10-17T00:00:00Z,248.02000427246094,252.2899932861328
2025-10-20T00:00:00Z,255.88999938964844,262.239990234375
2025-10-21T00:00:00Z,261.8800048828125,262.7699890136719
2025-10-22T00:00:00Z,262.6499938964844,258.45001220703125
2025-10-23T00:00:00Z,259.94000244140625,259.5799865722656
2025-10-24T00:00:00Z,261.19000244140625,262.82000732421875
2025-10-27T00:00:00Z,264.8800048828125,268.80999755859375
2025-10-28T00:00:00Z,268.989990234375,269.0
2025-10-29T00:00:00Z,269.2799987792969,269.70001220703125
2025-10-30T00:00:00Z,271.989990234375,271.3999938964844
2025-10-31T00:00:00Z,276.989990234375,270.3699951171875
2025-11-03T00:00:00Z,270.4200134277344,269.04998779296875
2025-11-04T00:00:00Z,268.3299865722656,270.0400085449219
2025-11-05T00:00:00Z,268.6099853515625,270.1400146484375
2025-11-06T00:00:00Z,267.8900146484375,269.7699890136719
2025-11-07T00:00:00Z,269.79998779296875,268.4700012207031
2025-11-10T00:00:00Z,268.9599914550781,269.42999267578125
2025-11-11T00:00:00Z,269.80999755859375,275.25
2025-11-12T00:00:00Z,275.0,273.4700012207031
2025-11-13T00:00:00Z,274.1099853515625,272.95001220703125
2025-11-14T00:00:00Z,271.04998779296875,272.4100036621094
2025-11-17T00:00:00Z,268.82000732421875,267.4599914550781
2025-11-18T00:00:00Z,269.989990234375,267.44000244140625
2025-11-19T00:00:00Z,265.5299987792969,268.55999755859375
2025-11-20T00:00:00Z,270.8299865722656,266.25
2025-11-21T00:00:00Z,265.95001220703125,271.489990234375
2025-11-24T00:00:00Z,270.8999938964844,275.9200134277344
2025-11-25T00:00:00Z,275.2699890136719,276.9700012207031
2025-11-26T00:00:00Z,276.9599914550781,277.54998779296875
2025-11-28T00:00:00Z,277.260009765625,278.8500061035156
2025-12-01T00:00:00Z,278.010009765625,283.1000061035156
2025-12-02T00:00:00Z,283.0,286.19000244140625
2025-12-03T00:00:00Z,286.20001220703125,284.1499938964844
2025-12-04T00:00:00Z,284.1000061035156,280.70001220703125
2025-12-05T00:00:00Z,280.5400085449219,278.7799987792969
2025-12-08T00:00:00Z,278.1300048828125,277.8900146484375
2025-12-09T00:00:00Z,278.1600036621094,277.17999267578125
2025-12-10T00:00:00Z,277.75,278.7799987792969
2025-12-11T00:00:00Z,279.1000061035156,278.0299987792969
2025-12-12T00:00:00Z,277.8999938964844,278.2799987792969
2025-12-15T00:00:00Z,280.1499938964844,274.1099853515625
2025-12-16T00:00:00Z,272.82000732421875,274.6099853515625
2025-12-17T00:00:00Z,275.010009765625,271.8399963378906
2025-12-18T00:00:00Z,273.6099853515625,272.19000244140625
2025-12-19T00:00:00Z,272.1499938964844,273.6700134277344
2025-12-22T00:00:00Z,272.8599853515625,270.9700012207031
2025-12-23T00:00:00Z,270.8399963378906,272.3599853515625
2025-12-24T00:00:00Z,272.3399963378906,273.80999755859375
2025-12-26T00:00:00Z,274.1600036621094,273.3999938964844
2025-12-29T00:00:00Z,272.69000244140625,273.760009765625
2025-12-30T00:00:00Z,272.80999755859375,273.0799865722656
2025-12-31T00:00:00Z,273.05999755859375,271.8599853515625
2026-01-02T00:00:00Z,272.260009765625,271.010009765625
2026-01-05T00:00:00Z,270.6400146484375,267.260009765625
2026-01-06T00:00:00Z,267.0,262.3599853515625
2026-01-07T00:00:00Z,263.20001220703125,260.3299865722656
2026-01-08T00:00:00Z,257.0199890136719,259.0400085449219
2026-01-09T00:00:00Z,259.0799865722656,259.3699951171875
2026-01-12T00:00:00Z,259.1600036621094,260.25
2026-01-13T00:00:00Z,258.7200012207031,261.04998779296875
2026-01-14T00:00:00Z,259.489990234375,259.9599914550781
2026-01-15T00:00:00Z,260.6499938964844,258.2099914550781
2026-01-16T00:00:00Z,257.8999938964844,255.52999877929688
2026-01-20T00:00:00Z,252.72999572753906,246.6999969482422
2026-01-21T00:00:00Z,248.6999969482422,247.64999389648438
2026-01-22T00:00:00Z,249.1999969482422,248.35000610351562
2026-01-23T00:00:00Z,247.32000732421875,248.0399932861328
2026-01-26T00:00:00Z,251.47999572753906,255.41000366210938
2026-01-27T00:00:00Z,259.1700134277344,258.2699890136719
2026-01-28T00:00:00Z,257.6499938964844,256.44000244140625
2026-01-29T00:00:00Z,258.0,258.2799987792969
2026-01-30T00:00:00Z,255.1699981689453,259.4800109863281
2026-02-02T00:00:00Z,260.0299987792969,270.010009765625
2026-02-03T00:00:00Z,269.20001220703125,269.4800109863281
2026-02-04T00:00:00Z,272.2900085449219,276.489990234375
2026-02-05T00:00:00Z,278.1300048828125,275.9100036621094
2026-02-06T00:00:00Z,277.1199951171875,278.1199951171875
2026-02-09T00:00:00Z,277.9100036621094,274.6199951171875
2026-02-10T00:00:00Z,274.8900146484375,273.67999267578125
2026-02-11T00:00:00Z,274.70001220703125,275.5
2026-02-12T00:00:00Z,275.5899963378906,261.7300109863281
2026-02-13T00:00:00Z,262.010009765625,255.77999877929688
2026-02-17T00:00:00Z,258.04998779296875,263.8800048828125
2026-02-18T00:00:00Z,263.6000061035156,264.3500061035156
2026-02-19T00:00:00Z,262.6000061035156,260.5799865722656
2026-02-20T00:00:00Z,258.9700012207031,264.5799865722656
2026-02-23T00:00:00Z,263.489990234375,266.17999267578125
2026-02-24T00:00:00Z,267.8599853515625,272.1400146484375
2026-02-25T00:00:00Z,271.7799987792969,274.2300109863281
2026-02-26T00:00:00Z,274.95001220703125,272.95001220703125
2026-02-27T00:00:00Z,272.80999755859375,264.17999267578125
2026-03-02T00:00:00Z,262.4100036621094,264.7200012207031
2026-03-03T00:00:00Z,263.4800109863281,263.75
2026-03-04T00:00:00Z,264.6499938964844,262.5199890136719
2026-03-05T00:00:00Z,260.7900085449219,260.2900085449219
2026-03-06T00:00:00Z,258.6300048828125,257.4599914550781
2026-03-09T00:00:00Z,255.69000244140625,259.8800048828125
2026-03-10T00:00:00Z,257.6499938964844,260.8299865722656
2026-03-11T00:00:00Z,261.0899963378906,260.80999755859375
2026-03-12T00:00:00Z,258.6600036621094,255.75999450683594
2026-03-13T00:00:00Z,255.47999572753906,250.1199951171875
2026-03-16T00:00:00Z,252.11000061035156,252.82000732421875
2026-03-17T00:00:00Z,252.9600067138672,254.22999572753906
2026-03-18T00:00:00Z,252.6300048828125,249.94000244140625
2026-03-19T00:00:00Z,249.39999389648438,248.9600067138672
2026-03-20T00:00:00Z,247.97999572753906,247.99000549316406
2026-03-23T00:00:00Z,253.97000122070312,251.49000549316406
2026-03-24T00:00:00Z,250.35000610351562,251.63999938964844
2026-03-25T00:00:00Z,254.10000610351562,252.6199951171875
2026-03-26T00:00:00Z,252.1199951171875,252.88999938964844
2026-03-27T00:00:00Z,253.89999389648438,248.8000030517578
2026-03-30T00:00:00Z,250.07000732421875,246.6300048828125
2026-03-31T00:00:00Z,247.91000366210938,253.7899932861328
2026-04-01T00:00:00Z,254.0800018310547,255.6300048828125
2026-04-02T00:00:00Z,254.1999969482422,255.9199981689453
2026-04-06T00:00:00Z,256.510009765625,258.8599853515625
2026-04-07T00:00:00Z,256.1600036621094,253.5
2026-04-08T00:00:00Z,258.45001220703125,258.8999938964844
2026-04-09T00:00:00Z,259.0,260.489990234375
2026-04-10T00:00:00Z,259.9800109863281,260.4800109863281
2026-04-13T00:00:00Z,259.7300109863281,259.20001220703125
2026-04-14T00:00:00Z,259.25,258.8299865722656
2026-04-15T00:00:00Z,258.1600036621094,266.42999267578125
2026-04-16T00:00:00Z,266.79998779296875,263.3999938964844
2026-04-17T00:00:00Z,266.9599914550781,270.2300109863281
2026-04-20T00:00:00Z,270.3299865722656,273.04998779296875
2026-04-21T00:00:00Z,271.5,266.1700134277344
2026-04-22T00:00:00Z,267.82000732421875,273.1700134277344
2026-04-23T00:00:00Z,275.04998779296875,273.42999267578125
2026-04-24T00:00:00Z,272.760009765625,271.05999755859375
2026-04-27T00:00:00Z,266.0899963378906,267.6099853515625
2026-04-28T00:00:00Z,272.3399963378906,270.7099914550781
2026-04-29T00:00:00Z,267.54998779296875,270.1700134277344
2026-04-30T00:00:00Z,270.5,271.3500061035156
2026-05-01T00:00:00Z,278.8599853515625,280.1400146484375
2026-05-04T00:00:00Z,279.6600036621094,276.8299865722656
2026-05-05T00:00:00Z,276.92999267578125,284.17999267578125
2026-05-06T00:00:00Z,281.9200134277344,287.510009765625
2026-05-07T00:00:00Z,289.2699890136719,287.44000244140625
2026-05-08T00:00:00Z,290.010009765625,293.32000732421875
2026-05-11T00:00:00Z,291.9800109863281,292.67999267578125
2026-05-12T00:00:00Z,292.55999755859375,294.79998779296875
2026-05-13T00:00:00Z,293.5,298.8699951171875
2026-05-14T00:00:00Z,299.82000732421875,298.2099914550781
2026-05-15T00:00:00Z,297.8999938964844,300.2300109863281
2026-05-18T00:00:00Z,300.239990234375,297.8399963378906
2026-05-19T00:00:00Z,296.9700012207031,298.9700012207031
2026-05-20T00:00:00Z,298.17999267578125,302.25
2026-05-21T00:00:00Z,301.05999755859375,304.989990234375
2026-05-22T00:00:00Z,306.1199951171875,308.82000732421875
2026-05-26T00:00:00Z,309.55999755859375,308.3299865722656
2026-05-27T00:00:00Z,308.3299865722656,310.8500061035156
2026-05-28T00:00:00Z,310.67999267578125,312.510009765625
2026-05-29T00:00:00Z,311.7799987792969,312.05999755859375
2026-06-01T00:00:00Z,309.6300048828125,306.30999755859375
2026-06-02T00:00:00Z,307.4599914550781,315.20001220703125
2026-06-03T00:00:00Z,314.17999267578125,310.260009765625
2026-06-04T00:00:00Z,313.2300109863281,311.2300109863281
2026-06-05T00:00:00Z,312.8599853515625,307.3399963378906
2026-06-08T00:00:00Z,308.739990234375,301.5400085449219
2026-06-09T00:00:00Z,300.2799987792969,290.54998779296875
2026-06-10T00:00:00Z,290.739990234375,291.5799865722656
2026-06-11T00:00:00Z,293.7200012207031,295.6300048828125
2026-06-12T00:00:00Z,296.0299987792969,291.1300048828125
2026-06-15T00:00:00Z,294.1199951171875,296.4200134277344
2026-06-16T00:00:00Z,295.25,299.239990234375
2026-06-17T00:00:00Z,300.8500061035156,295.95001220703125
2026-06-18T00:00:00Z,298.1099853515625,298.010009765625
2026-06-22T00:00:00Z,297.30999755859375,297.010009765625
2026-06-23T00:00:00Z,297.5400085449219,294.29998779296875
2026-06-24T00:00:00Z,295.3599853515625,293.0799865722656
2026-06-25T00:00:00Z,287.3999938964844,275.1499938964844
2026-06-26T00:00:00Z,275.0,283.7799987792969
2026-06-29T00:00:00Z,286.7300109863281,281.739990234375
2026-06-30T00:00:00Z,281.1700134277344,289.3599853515625
2026-07-01T00:00:00Z,293.44000244140625,294.3800048828125
2026-07-02T00:00:00Z,294.1199951171875,308.6300048828125
2026-07-06T00:00:00Z,307.3599853515625,312.6600036621094
2026-07-07T00:00:00Z,315.2900085449219,310.6600036621094
2026-07-08T00:00:00Z,311.9100036621094,313.3900146484375
2026-07-09T00:00:00Z,310.510009765625,316.2200012207031
2026-07-10T00:00:00Z,314.7200012207031,315.32000732421875
2026-07-13T00:00:00Z,317.0199890136719,317.30999755859375
2026-07-14T00:00:00Z,313.760009765625,314.8599853515625
2026-07-15T00:00:00Z,317.6199951171875,327.5
2026-07-16T00:00:00Z,328.010009765625,333.260009765625
2026-07-17T00:00:00Z,331.9800109863281,333.739990234375
2026-07-20T00:00:00Z,333.510009765625,326.5899963378906
2026-07-21T00:00:00Z,323.1300048828125,327.739990234375
2026-07-22T00:00:00Z,327.8699951171875,325.8900146484375
2026-07-23T00:00:00Z,321.7300109863281,321.6600036621094
2026-07-24T00:00:00Z,321.7900085449219,333.0199890136719
2026-07-27T00:00:00Z,334.5400085449219,336.9100036621094
2026-07-28T00:00:00Z,340.0299987792969,340.0799865722656
2026-07-29T00:00:00Z,339.7300109863281,338.19000244140625
2026-07-30T00:00:00Z,333.1000061035156,333.42999267578125
2026-07-31T00:00:00Z,304.80999755859375,308.9100036621094
2026-08-03T00:00:00Z,309.5799865722656,303.4200134277344
2026-08-04T00:00:00Z,302.7300109863281,309.3800048828125
2026-08-05T00:00:00Z,309.3599853515625,311.0
2026-08-06T00:00:00Z,314.3399963378906,312.4100036621094
2026-08-07T00:00:00Z,311.45001220703125,313.3299865722656
2026-08-10T00:00:00Z,306.8299865722656,308.260009765625
2026-08-11T00:00:00Z,307.75,304.9100036621094
2026-08-12T00:00:00Z,305.1000061035156,302.25
2026-08-13T00:00:00Z,304.2099914550781,305.260009765625
2026-08-14T00:00:00Z,306.0,305.92999267578125
