timestamp,open,close
1997-05-15T00:00:00Z,0.12187500298023224,0.09791699796915054
1997-05-16T00:00:00Z,0.09843800216913223,0.0864579975605011
1997-05-19T00:00:00Z,0.08802100270986557,0.0854170024394989
1997-05-20T00:00:00Z,0.0864579975605011,0.08177100121974945
1997-05-21T00:00:00Z,0.08177100121974945,0.07135400176048279
1997-05-22T00:00:00Z,0.07187499850988388,0.0697920024394989
1997-05-23T00:00:00Z,0.0703129991889,0.07500000298023224
1997-05-27T00:00:00Z,0.07552099972963333,0.07916700094938278
1997-05-28T00:00:00Z,0.08124999701976776,0.07656300067901611
1997-05-29T00:00:00Z,0.07708299905061722,0.07525999844074249
1997-05-30T00:00:00Z,0.07500000298023224,0.07500000298023224
1997-06-02T00:00:00Z,0.07552099972963333,0.07552099972963333
1997-06-03T00:00:00Z,0.07656300067901611,0.07395800203084946
1997-06-04T00:00:00Z,0.07395800203084946,0.0708329975605011
1997-06-05T00:00:00Z,0.0708329975605011,0.07708299905061722
1997-06-06T00:00:00Z,0.07578100264072418,0.08281300216913223
1997-06-09T00:00:00Z,0.08281300216913223,0.08437500149011612
1997-06-10T00:00:00Z,0.0854170024394989,0.07916700094938278
1997-06-11T00:00:00Z,0.07968799769878387,0.07708299905061722
1997-06-12T00:00:00Z,0.07916700094938278,0.08020800352096558
1997-06-13T00:00:00Z,0.08124999701976776,0.07916700094938278
1997-06-16T00:00:00Z,0.08020800352096558,0.07864599674940109
1997-06-17T00:00:00Z,0.07994800060987473,0.07525999844074249
1997-06-18T00:00:00Z,0.07604199647903442,0.07552099972963333
1997-06-19T00:00:00Z,0.07552099972963333,0.07552099972963333
1997-06-20T00:00:00Z,0.07656300067901611,0.07630199939012527
1997-06-23T00:00:00Z,0.07708299905061722,0.07500000298023224
1997-06-24T00:00:00Z,0.07525999844074249,0.07552099972963333
1997-06-25T00:00:00Z,0.07630199939012527,0.07552099972963333
1997-06-26T00:00:00Z,0.07604199647903442,0.07552099972963333
1997-06-27T00:00:00Z,0.07578100264072418,0.07447899878025055
1997-06-30T00:00:00Z,0.07552099972963333,0.07708299905061722
1997-07-01T00:00:00Z,0.07708299905061722,0.07578100264072418
1997-07-02T00:00:00Z,0.07578100264072418,0.07942699640989304
1997-07-03T00:00:00Z,0.07994800060987473,0.09557300060987473
1997-07-07T00:00:00Z,0.09166699647903442,0.10000000149011612
1997-07-08T00:00:00Z,0.1020829975605011,0.11510399729013443
1997-07-09T00:00:00Z,0.11510399729013443,0.11614599823951721
1997-07-10T00:00:00Z,0.1166670024394989,0.12812499701976776
1997-07-11T00:00:00Z,0.12604199349880219,0.11458300054073334
1997-07-14T00:00:00Z,0.11614599823951721,0.10677099972963333
1997-07-15T00:00:00Z,0.10677099972963333,0.12187500298023224
1997-07-16T00:00:00Z,0.12239599972963333,0.1166670024394989
1997-07-17T00:00:00Z,0.1171879991889,0.11093799769878387
1997-07-18T00:00:00Z,0.109375,0.10781300067901611
1997-07-21T00:00:00Z,0.10885400325059891,0.10911499708890915
1997-07-22T00:00:00Z,0.10833299905061722,0.10677099972963333
1997-07-23T00:00:00Z,0.109375,0.11458300054073334
1997-07-24T00:00:00Z,0.11510399729013443,0.11302100121974945
1997-07-25T00:00:00Z,0.11093799769878387,0.11145800352096558
1997-07-28T00:00:00Z,0.11145800352096558,0.11614599823951721
1997-07-29T00:00:00Z,0.11822900176048279,0.12395799905061722
1997-07-30T00:00:00Z,0.125,0.12239599972963333
1997-07-31T00:00:00Z,0.12187500298023224,0.11979199945926666
1997-08-01T00:00:00Z,0.1171879991889,0.12083300203084946
1997-08-04T00:00:00Z,0.11874999850988388,0.11562500149011612
1997-08-05T00:00:00Z,0.1166670024394989,0.11041700094938278
1997-08-06T00:00:00Z,0.11041700094938278,0.11249999701976776
1997-08-07T00:00:00Z,0.11249999701976776,0.10885400325059891
1997-08-08T00:00:00Z,0.10833299905061722,0.11458300054073334
1997-08-11T00:00:00Z,0.11458300054073334,0.11640600115060806
1997-08-12T00:00:00Z,0.11406300216913223,0.10989599674940109
1997-08-13T00:00:00Z,0.11145800352096558,0.10989599674940109
1997-08-14T00:00:00Z,0.10885400325059891,0.10781300067901611
1997-08-15T00:00:00Z,0.10677099972963333,0.10572899878025055
1997-08-18T00:00:00Z,0.10260400176048279,0.1020829975605011
1997-08-19T00:00:00Z,0.10468800365924835,0.10833299905061722
1997-08-20T00:00:00Z,0.109375,0.10833299905061722
1997-08-21T00:00:00Z,0.10677099972963333,0.10572899878025055
1997-08-22T00:00:00Z,0.10520800203084946,0.10625000298023224
1997-08-25T00:00:00Z,0.10520800203084946,0.11093799769878387
1997-08-26T00:00:00Z,0.11197900027036667,0.1171879991889
1997-08-27T00:00:00Z,0.11536499857902527,0.11588499695062637
1997-08-28T00:00:00Z,0.11510399729013443,0.11874999850988388
1997-08-29T00:00:00Z,0.11822900176048279,0.11692699790000916
1997-09-02T00:00:00Z,0.1171879991889,0.1177079975605011
1997-09-03T00:00:00Z,0.1171879991889,0.1166670024394989
1997-09-04T00:00:00Z,0.11822900176048279,0.12760399281978607
1997-09-05T00:00:00Z,0.12916700541973114,0.125
1997-09-08T00:00:00Z,0.12656299769878387,0.15000000596046448
1997-09-09T00:00:00Z,0.15703099966049194,0.16197900474071503
1997-09-10T00:00:00Z,0.16562500596046448,0.1651040017604828
1997-09-11T00:00:00Z,0.16666699945926666,0.15781299769878387
1997-09-12T00:00:00Z,0.15937499701976776,0.18437500298023224
1997-09-15T00:00:00Z,0.18333299458026886,0.1546880006790161
1997-09-16T00:00:00Z,0.15625,0.16770799458026886
1997-09-17T00:00:00Z,0.17291699349880219,0.1703130006790161
1997-09-18T00:00:00Z,0.171875,0.1645829975605011
1997-09-19T00:00:00Z,0.1690099984407425,0.19739599525928497
1997-09-22T00:00:00Z,0.20000000298023224,0.22499999403953552
1997-09-23T00:00:00Z,0.22447900474071503,0.23125000298023224
1997-09-24T00:00:00Z,0.23229199647903442,0.21875
1997-09-25T00:00:00Z,0.2171880006790161,0.20390599966049194
1997-09-26T00:00:00Z,0.2036460041999817,0.20833300054073334
1997-09-29T00:00:00Z,0.20729200541973114,0.20208300650119781
1997-09-30T00:00:00Z,0.20000000298023224,0.21692700684070587
1997-10-01T00:00:00Z,0.22187499701976776,0.20104199647903442
1997-10-02T00:00:00Z,0.20208300650119781,0.20052100718021393
1997-10-03T00:00:00Z,0.20416699349880219,0.20078100264072418
1997-10-06T00:00:00Z,0.20000000298023224,0.20624999701976776
1997-10-07T00:00:00Z,0.20416699349880219,0.20286500453948975
1997-10-08T00:00:00Z,0.20729200541973114,0.2002599984407425
1997-10-09T00:00:00Z,0.20000000298023224,0.1875
1997-10-10T00:00:00Z,0.18645800650119781,0.19505199790000916
1997-10-13T00:00:00Z,0.1963540017604828,0.20000000298023224
1997-10-14T00:00:00Z,0.203125,0.19895799458026886
1997-10-15T00:00:00Z,0.19843800365924835,0.19609400629997253
1997-10-16T00:00:00Z,0.19895799458026886,0.18125000596046448
1997-10-17T00:00:00Z,0.1807290017604828,0.18125000596046448
1997-10-20T00:00:00Z,0.18385399878025055,0.19114600121974945
1997-10-21T00:00:00Z,0.19791699945926666,0.22135399281978607
1997-10-22T00:00:00Z,0.22083300352096558,0.2260420024394989
1997-10-23T00:00:00Z,0.2114579975605011,0.22499999403953552
1997-10-24T00:00:00Z,0.23749999701976776,0.25130200386047363
1997-10-27T00:00:00Z,0.24010400474071503,0.21354199945926666
1997-10-28T00:00:00Z,0.1958329975605011,0.24739600718021393
1997-10-29T00:00:00Z,0.2572920024394989,0.2695310115814209
1997-10-30T00:00:00Z,0.26041701436042786,0.2562499940395355
1997-10-31T00:00:00Z,0.26822900772094727,0.25416699051856995
1997-11-03T00:00:00Z,0.26093798875808716,0.25364598631858826
1997-11-04T00:00:00Z,0.25,0.24791699647903442
1997-11-05T00:00:00Z,0.24895800650119781,0.24375000596046448
1997-11-06T00:00:00Z,0.24583299458026886,0.23307299613952637
1997-11-07T00:00:00Z,0.22083300352096558,0.22395800054073334
1997-11-10T00:00:00Z,0.22499999403953552,0.2104170024394989
1997-11-11T00:00:00Z,0.21223999559879303,0.19739599525928497
1997-11-12T00:00:00Z,0.18880200386047363,0.18854199349880219
1997-11-13T00:00:00Z,0.19739599525928497,0.19296899437904358
1997-11-14T00:00:00Z,0.19687500596046448,0.20833300054073334
1997-11-17T00:00:00Z,0.2114579975605011,0.21875
1997-11-18T00:00:00Z,0.21875,0.22083300352096558
1997-11-19T00:00:00Z,0.22031299769878387,0.2255209982395172
1997-11-20T00:00:00Z,0.22864599525928497,0.22916699945926666
1997-11-21T00:00:00Z,0.2276040017604828,0.22447900474071503
1997-11-24T00:00:00Z,0.21875,0.2114579975605011
1997-11-25T00:00:00Z,0.2119790017604828,0.21015599370002747
1997-11-26T00:00:00Z,0.2119790017604828,0.21302099525928497
1997-11-28T00:00:00Z,0.21354199945926666,0.20624999701976776
1997-12-01T00:00:00Z,0.2119790017604828,0.21354199945926666
1997-12-02T00:00:00Z,0.21302099525928497,0.21171900629997253
1997-12-03T00:00:00Z,0.2098959982395172,0.2182289958000183
1997-12-04T00:00:00Z,0.22005200386047363,0.22499999403953552
1997-12-05T00:00:00Z,0.22187499701976776,0.22968800365924835
1997-12-08T00:00:00Z,0.2270829975605011,0.23541699349880219
1997-12-09T00:00:00Z,0.23333300650119781,0.234375
1997-12-10T00:00:00Z,0.22916699945926666,0.2255209982395172
1997-12-11T00:00:00Z,0.21979199349880219,0.234375
1997-12-12T00:00:00Z,0.23229199647903442,0.2270829975605011
1997-12-15T00:00:00Z,0.22916699945926666,0.22916699945926666
1997-12-16T00:00:00Z,0.23229199647903442,0.22291700541973114
1997-12-17T00:00:00Z,0.21875,0.21953099966049194
1997-12-18T00:00:00Z,0.21770800650119781,0.21458299458026886
1997-12-19T00:00:00Z,0.2114579975605011,0.22499999403953552
1997-12-22T00:00:00Z,0.22499999403953552,0.2348960041999817
1997-12-23T00:00:00Z,0.234375,0.23125000298023224
1997-12-24T00:00:00Z,0.23125000298023224,0.23020799458026886
1997-12-26T00:00:00Z,0.22812500596046448,0.2260420024394989
1997-12-29T00:00:00Z,0.22916699945926666,0.23749999701976776
1997-12-30T00:00:00Z,0.2416670024394989,0.24244800209999084
1997-12-31T00:00:00Z,0.24375000596046448,0.2510420083999634
1998-01-02T00:00:00Z,0.25,0.24791699647903442
1998-01-05T00:00:00Z,0.24427099525928497,0.23749999701976776
1998-01-06T00:00:00Z,0.2348960041999817,0.24192699790000916
1998-01-07T00:00:00Z,0.2416670024394989,0.23906299471855164
1998-01-08T00:00:00Z,0.2348960041999817,0.23072899878025055
1998-01-09T00:00:00Z,0.23333300650119781,0.21302099525928497
1998-01-12T00:00:00Z,0.20833300054073334,0.21510399878025055
1998-01-13T00:00:00Z,0.2171880006790161,0.23229199647903442
1998-01-14T00:00:00Z,0.2328130006790161,0.24375000596046448
1998-01-15T00:00:00Z,0.23958300054073334,0.24765600264072418
1998-01-16T00:00:00Z,0.24791699647903442,0.23958300054073334
1998-01-20T00:00:00Z,0.2411459982395172,0.24765600264072418
1998-01-21T00:00:00Z,0.24687500298023224,0.25364598631858826
1998-01-22T00:00:00Z,0.25364598631858826,0.2567709982395172
1998-01-23T00:00:00Z,0.26718801259994507,0.24687500298023224
1998-01-26T00:00:00Z,0.24895800650119781,0.24062499403953552
1998-01-27T00:00:00Z,0.24088500440120697,0.23749999701976776
1998-01-28T00:00:00Z,0.23749999701976776,0.23854200541973114
1998-01-29T00:00:00Z,0.23958300054073334,0.24791699647903442
1998-01-30T00:00:00Z,0.25,0.24583299458026886
1998-02-02T00:00:00Z,0.24739600718021393,0.25989601016044617
1998-02-03T00:00:00Z,0.2593750059604645,0.25755199790000916
1998-02-04T00:00:00Z,0.25312501192092896,0.25312501192092896
1998-02-05T00:00:00Z,0.25572898983955383,0.24687500298023224
1998-02-06T00:00:00Z,0.24635399878025055,0.24531300365924835
1998-02-09T00:00:00Z,0.24583299458026886,0.2427079975605011
1998-02-10T00:00:00Z,0.24375000596046448,0.2651039958000183
1998-02-11T00:00:00Z,0.2645829916000366,0.2645829916000366
1998-02-12T00:00:00Z,0.2635419964790344,0.26302099227905273
1998-02-13T00:00:00Z,0.26249998807907104,0.2593750059604645
1998-02-17T00:00:00Z,0.26093798875808716,0.2572920024394989
1998-02-18T00:00:00Z,0.2572920024394989,0.25364598631858826
1998-02-19T00:00:00Z,0.2554689943790436,0.26145800948143005
1998-02-20T00:00:00Z,0.26145800948143005,0.2635419964790344
1998-02-23T00:00:00Z,0.2645829916000366,0.27031299471855164
1998-02-24T00:00:00Z,0.27083298563957214,0.27031299471855164
1998-02-25T00:00:00Z,0.2734380066394806,0.2744790017604828
1998-02-26T00:00:00Z,0.27317699790000916,0.3031249940395355
1998-02-27T00:00:00Z,0.30104199051856995,0.3208329975605011
1998-03-02T00:00:00Z,0.31614598631858826,0.31770798563957214
1998-03-03T00:00:00Z,0.3145830035209656,0.2989580035209656
1998-03-04T00:00:00Z,0.30000001192092896,0.3059900104999542
1998-03-05T00:00:00Z,0.2989580035209656,0.3125
1998-03-06T00:00:00Z,0.31510400772094727,0.3197920024394989
1998-03-09T00:00:00Z,0.3203130066394806,0.34791699051856995
1998-03-10T00:00:00Z,0.35624998807907104,0.3462890088558197
1998-03-11T00:00:00Z,0.3416669964790344,0.33177098631858826
1998-03-12T00:00:00Z,0.328125,0.3270829916000366
1998-03-13T00:00:00Z,0.33177098631858826,0.32786500453948975
1998-03-16T00:00:00Z,0.3315100073814392,0.3291670083999634
1998-03-17T00:00:00Z,0.33229199051856995,0.33281299471855164
1998-03-18T00:00:00Z,0.3302080035209656,0.3554689884185791
1998-03-19T00:00:00Z,0.35572901368141174,0.3499999940395355
1998-03-20T00:00:00Z,0.3499999940395355,0.3499999940395355
1998-03-23T00:00:00Z,0.3481769859790802,0.3492189943790436
1998-03-24T00:00:00Z,0.34375,0.3510420024394989
1998-03-25T00:00:00Z,0.35416701436042786,0.3403649926185608
1998-03-26T00:00:00Z,0.34062498807907104,0.3447920083999634
1998-03-27T00:00:00Z,0.3510420024394989,0.35416701436042786
1998-03-30T00:00:00Z,0.3578130006790161,0.3578130006790161
1998-03-31T00:00:00Z,0.35572901368141174,0.35637998580932617
1998-04-01T00:00:00Z,0.35520800948143005,0.3755210041999817
1998-04-02T00:00:00Z,0.37968799471855164,0.3960939943790436
1998-04-03T00:00:00Z,0.40104201436042786,0.38749998807907104
1998-04-06T00:00:00Z,0.3927080035209656,0.36927101016044617
1998-04-07T00:00:00Z,0.36250001192092896,0.3583329916000366
1998-04-08T00:00:00Z,0.3598960041999817,0.36927101016044617
1998-04-09T00:00:00Z,0.38489601016044617,0.3968749940395355
1998-04-13T00:00:00Z,0.39531299471855164,0.392969012260437
1998-04-14T00:00:00Z,0.3911460041999817,0.40494799613952637
1998-04-15T00:00:00Z,0.4083330035209656,0.40052101016044617
1998-04-16T00:00:00Z,0.40052101016044617,0.41041699051856995
1998-04-17T00:00:00Z,0.39921900629997253,0.39531299471855164
1998-04-20T00:00:00Z,0.3973959982395172,0.3927080035209656
1998-04-21T00:00:00Z,0.3968749940395355,0.3877600133419037
1998-04-22T00:00:00Z,0.3885419964790344,0.36354199051856995
1998-04-23T00:00:00Z,0.36250001192092896,0.3375000059604645
1998-04-24T00:00:00Z,0.3416669964790344,0.35364601016044617
1998-04-27T00:00:00Z,0.34739598631858826,0.3447920083999634
1998-04-28T00:00:00Z,0.38697901368141174,0.3984380066394806
1998-04-29T00:00:00Z,0.4052079916000366,0.3979170024394989
1998-04-30T00:00:00Z,0.40625,0.3822920024394989
1998-05-01T00:00:00Z,0.38645800948143005,0.39375001192092896
1998-05-04T00:00:00Z,0.39583298563957214,0.3968749940395355
1998-05-05T00:00:00Z,0.3916670083999634,0.3904950022697449
1998-05-06T00:00:00Z,0.3916670083999634,0.37656301259994507
1998-05-07T00:00:00Z,0.37916699051856995,0.37916699051856995
1998-05-08T00:00:00Z,0.38020798563957214,0.38489601016044617
1998-05-11T00:00:00Z,0.3872399926185608,0.36197900772094727
1998-05-12T00:00:00Z,0.3656249940395355,0.38072898983955383
1998-05-13T00:00:00Z,0.3770830035209656,0.38697901368141174
1998-05-14T00:00:00Z,0.3833329975605011,0.3815099895000458
1998-05-15T00:00:00Z,0.3828130066394806,0.3734380006790161
1998-05-18T00:00:00Z,0.375,0.36692699790000916
1998-05-19T00:00:00Z,0.3734380006790161,0.37656301259994507
1998-05-20T00:00:00Z,0.37656301259994507,0.36927101016044617
1998-05-21T00:00:00Z,0.3729169964790344,0.36979201436042786
1998-05-22T00:00:00Z,0.3682290017604828,0.3583329916000366
1998-05-26T00:00:00Z,0.35859400033950806,0.34114599227905273
1998-05-27T00:00:00Z,0.3348959982395172,0.36093801259994507
1998-05-28T00:00:00Z,0.36354199051856995,0.35807299613952637
1998-05-29T00:00:00Z,0.3578130006790161,0.3671880066394806
1998-06-01T00:00:00Z,0.3666670024394989,0.35677099227905273
1998-06-02T00:00:00Z,0.36354199051856995,0.36406299471855164
1998-06-03T00:00:00Z,0.3739579916000366,0.3520829975605011
1998-06-04T00:00:00Z,0.3578130006790161,0.3656249940395355
1998-06-05T00:00:00Z,0.36458298563957214,0.3687500059604645
1998-06-08T00:00:00Z,0.36510398983955383,0.38541701436042786
1998-06-09T00:00:00Z,0.38697901368141174,0.42708298563957214
1998-06-10T00:00:00Z,0.4302079975605011,0.4510419964790344
1998-06-11T00:00:00Z,0.4604170024394989,0.5208330154418945
1998-06-12T00:00:00Z,0.5291669964790344,0.5083330273628235
1998-06-15T00:00:00Z,0.49583300948143005,0.5479170083999634
1998-06-16T00:00:00Z,0.5562499761581421,0.6135420203208923
1998-06-17T00:00:00Z,0.6322919726371765,0.6583330035209656
1998-06-18T00:00:00Z,0.675000011920929,0.6010419726371765
1998-06-19T00:00:00Z,0.5921880006790161,0.6317710280418396
1998-06-22T00:00:00Z,0.6229169964790344,0.6781250238418579
1998-06-23T00:00:00Z,0.6755210161209106,0.7723960280418396
1998-06-24T00:00:00Z,0.7916669845581055,0.8317710161209106
1998-06-25T00:00:00Z,0.8333330154418945,0.8255209922790527
1998-06-26T00:00:00Z,0.8125,0.7854170203208923
1998-06-29T00:00:00Z,0.7895830273628235,0.8229169845581055
1998-06-30T00:00:00Z,0.8151040077209473,0.831250011920929
1998-07-01T00:00:00Z,0.848438024520874,0.9510419964790344
1998-07-02T00:00:00Z,0.9645829796791077,1.0333329439163208
1998-07-06T00:00:00Z,1.0614579916000366,1.162500023841858
1998-07-07T00:00:00Z,1.1916669607162476,1.0177079439163208
1998-07-08T00:00:00Z,0.9322919845581055,0.8927080035209656
1998-07-09T00:00:00Z,0.921875,0.8791670203208923
1998-07-10T00:00:00Z,0.8583329916000366,0.8291670083999634
1998-07-13T00:00:00Z,0.8041669726371765,0.8968750238418579
1998-07-14T00:00:00Z,0.9041669964790344,0.9583330154418945
1998-07-15T00:00:00Z,0.9666669964790344,0.9375
1998-07-16T00:00:00Z,0.9453129768371582,0.9447919726371765
1998-07-17T00:00:00Z,0.9364579916000366,0.9984380006790161
1998-07-20T00:00:00Z,1.009374976158142,1.1458330154418945
1998-07-21T00:00:00Z,1.1437499523162842,1.1005209684371948
1998-07-22T00:00:00Z,1.1166670322418213,1.1166670322418213
1998-07-23T00:00:00Z,1.0833330154418945,1.0635420083999634
1998-07-24T00:00:00Z,1.0770829916000366,1.0354169607162476
1998-07-27T00:00:00Z,0.9927080273628235,1.046354055404663
1998-07-28T00:00:00Z,1.0369789600372314,0.9911460280418396
1998-07-29T00:00:00Z,1.0041669607162476,0.8984379768371582
1998-07-30T00:00:00Z,0.9312499761581421,0.9479169845581055
1998-07-31T00:00:00Z,0.9541670083999634,0.9239580035209656
1998-08-03T00:00:00Z,0.9145830273628235,0.9020829796791077
1998-08-04T00:00:00Z,0.9177079796791077,0.9156249761581421
1998-08-05T00:00:00Z,0.9401040077209473,0.8848959803581238
1998-08-06T00:00:00Z,0.8697919845581055,0.9125000238418579
1998-08-07T00:00:00Z,0.9270830154418945,0.9666669964790344
1998-08-10T00:00:00Z,0.9750000238418579,1.0135420560836792
1998-08-11T00:00:00Z,0.9624999761581421,1.0333329439163208
1998-08-12T00:00:00Z,1.056249976158142,1.0864579677581787
1998-08-13T00:00:00Z,1.0885419845581055,1.0625
1998-08-14T00:00:00Z,1.089063048362732,1.0229170322418213
1998-08-17T00:00:00Z,1.006250023841858,0.9973959922790527
1998-08-18T00:00:00Z,1.0098960399627686,1.0723960399627686
1998-08-19T00:00:00Z,1.09375,1.0729169845581055
1998-08-20T00:00:00Z,1.0520830154418945,1.0760420560836792
1998-08-21T00:00:00Z,1.0604170560836792,1.0807290077209473
1998-08-24T00:00:00Z,1.0854170322418213,1.1229170560836792
1998-08-25T00:00:00Z,1.145313024520874,1.0968749523162842
1998-08-26T00:00:00Z,1.0812499523162842,1.0604170560836792
1998-08-27T00:00:00Z,1.0364580154418945,0.9916669726371765
1998-08-28T00:00:00Z,0.9979169964790344,0.8824219703674316
1998-08-31T00:00:00Z,0.8786460161209106,0.6979169845581055
1998-09-01T00:00:00Z,0.6343749761581421,0.6662759780883789
1998-09-02T00:00:00Z,0.6927080154418945,0.7322919964790344
1998-09-03T00:00:00Z,0.6968749761581421,0.715624988079071
1998-09-04T00:00:00Z,0.7223960161209106,0.71875
1998-09-08T00:00:00Z,0.7833330035209656,0.768750011920929
1998-09-09T00:00:00Z,0.7458329796791077,0.7041670083999634
1998-09-10T00:00:00Z,0.6614580154418945,0.6635419726371765
1998-09-11T00:00:00Z,0.653124988079071,0.6338539719581604
1998-09-14T00:00:00Z,0.6697919964790344,0.614063024520874
1998-09-15T00:00:00Z,0.5901039838790894,0.6083329916000366
1998-09-16T00:00:00Z,0.6187499761581421,0.7041670083999634
1998-09-17T00:00:00Z,0.6703130006790161,0.6416670083999634
1998-09-18T00:00:00Z,0.6479169726371765,0.6640629768371582
1998-09-21T00:00:00Z,0.6333330273628235,0.7124999761581421
1998-09-22T00:00:00Z,0.7354170083999634,0.7348960041999817
1998-09-23T00:00:00Z,0.7567710280418396,0.8760420083999634
1998-09-24T00:00:00Z,0.8927080035209656,0.8510419726371765
1998-09-25T00:00:00Z,0.8208330273628235,0.9104170203208923
1998-09-28T00:00:00Z,0.9697920083999634,0.9635419845581055
1998-09-29T00:00:00Z,0.9770830273628235,0.9427080154418945
1998-09-30T00:00:00Z,0.9291669726371765,0.9302080273628235
1998-10-01T00:00:00Z,0.8999999761581421,0.8552079796791077
1998-10-02T00:00:00Z,0.8776040077209473,0.918749988079071
1998-10-05T00:00:00Z,0.9072920083999634,0.8725259900093079
1998-10-06T00:00:00Z,0.9291669726371765,0.9026039838790894
1998-10-07T00:00:00Z,0.8552079796791077,0.7786459922790527
1998-10-08T00:00:00Z,0.690625011920929,0.7182289958000183
1998-10-09T00:00:00Z,0.7520830035209656,0.7598959803581238
1998-10-12T00:00:00Z,0.809374988079071,0.7765629887580872
1998-10-13T00:00:00Z,0.7651039958000183,0.7614579796791077
1998-10-14T00:00:00Z,0.7588539719581604,0.7791669964790344
1998-10-15T00:00:00Z,0.7854170203208923,0.8088539838790894
1998-10-16T00:00:00Z,0.8218749761581421,0.8286460041999817
1998-10-19T00:00:00Z,0.824999988079071,0.8812500238418579
1998-10-20T00:00:00Z,0.90625,0.8895829916000366
1998-10-21T00:00:00Z,0.9119790196418762,0.9166669845581055
1998-10-22T00:00:00Z,0.8968750238418579,0.9557290077209473
1998-10-23T00:00:00Z,0.9541670083999634,0.9677079916000366
1998-10-26T00:00:00Z,0.9927080273628235,1.0119789838790894
1998-10-27T00:00:00Z,1.0343749523162842,0.9692710041999817
1998-10-28T00:00:00Z,0.9744790196418762,0.9755210280418396
1998-10-29T00:00:00Z,1.010938048362732,1.0541670322418213
1998-10-30T00:00:00Z,1.0552079677581787,1.0536459684371948
1998-11-02T00:00:00Z,1.0677080154418945,1.0916670560836792
1998-11-03T00:00:00Z,1.0927079916000366,1.0505210161209106
1998-11-04T00:00:00Z,1.0947920083999634,1.0817710161209106
1998-11-05T00:00:00Z,1.0640629529953003,1.0708329677581787
1998-11-06T00:00:00Z,1.0499999523162842,1.0380209684371948
1998-11-09T00:00:00Z,1.015625,1.0572919845581055
1998-11-10T00:00:00Z,1.068750023841858,1.0979169607162476
1998-11-11T00:00:00Z,1.1135419607162476,1.0552079677581787
1998-11-12T00:00:00Z,1.0458329916000366,1.0916670560836792
1998-11-13T00:00:00Z,1.0994789600372314,1.0645829439163208
1998-11-16T00:00:00Z,1.0708329677581787,1.0520830154418945
1998-11-17T00:00:00Z,1.078125,1.2374999523162842
1998-11-18T00:00:00Z,1.2635420560836792,1.3666670322418213
1998-11-19T00:00:00Z,1.4249999523162842,1.2770830392837524
1998-11-20T00:00:00Z,1.4583330154418945,1.5052080154418945
1998-11-23T00:00:00Z,1.5906250476837158,1.8166669607162476
1998-11-24T00:00:00Z,1.8666670322418213,1.787500023841858
1998-11-25T00:00:00Z,1.8041670322418213,1.7526040077209473
1998-11-27T00:00:00Z,1.8104170560836792,1.8052079677581787
1998-11-30T00:00:00Z,1.8302079439163208,1.600000023841858
1998-12-01T00:00:00Z,1.5458329916000366,1.7458330392837524
1998-12-02T00:00:00Z,1.7244789600372314,1.662500023841858
1998-12-03T00:00:00Z,1.6593749523162842,1.5791670083999634
1998-12-04T00:00:00Z,1.6291669607162476,1.5708329677581787
1998-12-07T00:00:00Z,1.6083329916000366,1.5916670560836792
1998-12-08T00:00:00Z,1.5802079439163208,1.7005209922790527
1998-12-09T00:00:00Z,1.7114579677581787,1.8020830154418945
1998-12-10T00:00:00Z,1.8135420083999634,1.7760419845581055
1998-12-11T00:00:00Z,1.750520944595337,1.8583329916000366
1998-12-14T00:00:00Z,1.8427079916000366,1.8520829677581787
1998-12-15T00:00:00Z,1.8916670083999634,2.0229170322418213
1998-12-16T00:00:00Z,2.159374952316284,2.4083330631256104
1998-12-17T00:00:00Z,2.200000047683716,2.3062500953674316
1998-12-18T00:00:00Z,2.358333110809326,2.3890628814697266
1998-12-21T00:00:00Z,2.5291669368743896,2.65625
1998-12-22T00:00:00Z,2.7244789600372314,2.686458110809326
1998-12-23T00:00:00Z,2.733333110809326,2.7083330154418945
1998-12-24T00:00:00Z,2.6854169368743896,2.706770896911621
1998-12-28T00:00:00Z,2.7583329677581787,2.9328129291534424
1998-12-29T00:00:00Z,2.9166669845581055,2.769270896911621
1998-12-30T00:00:00Z,2.7750000953674316,2.6770830154418945
1998-12-31T00:00:00Z,2.643749952316284,2.6770830154418945
1999-01-04T00:00:00Z,2.730729103088379,2.957813024520874
1999-01-05T00:00:00Z,2.739063024520874,3.112499952316284
1999-01-06T00:00:00Z,3.409374952316284,3.450000047683716
1999-01-07T00:00:00Z,3.4281249046325684,3.971874952316284
1999-01-08T00:00:00Z,4.606249809265137,4.006249904632568
1999-01-11T00:00:00Z,4.599999904632568,4.615624904632568
1999-01-12T00:00:00Z,4.512499809265137,4.084374904632568
1999-01-13T00:00:00Z,3.125,3.700000047683716
1999-01-14T00:00:00Z,3.75,3.450000047683716
1999-01-15T00:00:00Z,3.5,3.5093750953674316
1999-01-19T00:00:00Z,3.762500047683716,3.4953129291534424
1999-01-20T00:00:00Z,3.37656307220459,2.825000047683716
1999-01-21T00:00:00Z,2.612499952316284,2.6500000953674316
1999-01-22T00:00:00Z,2.487499952316284,3.075000047683716
1999-01-25T00:00:00Z,3.0374999046325684,2.809375047683716
1999-01-26T00:00:00Z,2.815624952316284,2.8773438930511475
1999-01-27T00:00:00Z,3.3531250953674316,3.140625
1999-01-28T00:00:00Z,3.160938024520874,3.0718750953674316
1999-01-29T00:00:00Z,3.0406250953674316,2.92343807220459
1999-02-01T00:00:00Z,2.9437499046325684,2.8968749046325684
1999-02-02T00:00:00Z,2.909374952316284,2.7562499046325684
1999-02-03T00:00:00Z,2.7249999046325684,3.143749952316284
1999-02-04T00:00:00Z,3.1312499046325684,2.950000047683716
1999-02-05T00:00:00Z,2.924999952316284,2.8968749046325684
1999-02-08T00:00:00Z,2.859375,2.7281250953674316
1999-02-09T00:00:00Z,2.6984379291534424,2.5
1999-02-10T00:00:00Z,2.456249952316284,2.4359378814697266
1999-02-11T00:00:00Z,2.512500047683716,2.746875047683716
1999-02-12T00:00:00Z,2.700000047683716,2.612499952316284
1999-02-16T00:00:00Z,2.671875,2.465625047683716
1999-02-17T00:00:00Z,2.460937976837158,2.3375000953674316
1999-02-18T00:00:00Z,2.4124999046325684,2.237499952316284
1999-02-19T00:00:00Z,2.359375,2.546875
1999-02-22T00:00:00Z,2.543750047683716,2.6624999046325684
1999-02-23T00:00:00Z,2.753124952316284,2.879688024520874
1999-02-24T00:00:00Z,2.940624952316284,2.773437976837158
1999-02-25T00:00:00Z,2.9156250953674316,3.125
1999-02-26T00:00:00Z,3.168750047683716,3.203125
1999-03-01T00:00:00Z,3.174999952316284,3.325000047683716
1999-03-02T00:00:00Z,3.36093807220459,3.03281307220459
1999-03-03T00:00:00Z,3.09375,3.0875000953674316
1999-03-04T00:00:00Z,3.137500047683716,3.003124952316284
1999-03-05T00:00:00Z,3.098438024520874,3.0374999046325684
1999-03-08T00:00:00Z,3.035938024520874,3.054687976837158
1999-03-09T00:00:00Z,3.128124952316284,3.2484378814697266
1999-03-10T00:00:00Z,3.418750047683716,3.4281249046325684
1999-03-11T00:00:00Z,3.4937500953674316,3.371875047683716
1999-03-12T00:00:00Z,3.3499999046325684,3.332813024520874
1999-03-15T00:00:00Z,3.325000047683716,3.473438024520874
1999-03-16T00:00:00Z,3.4749999046325684,3.34531307220459
1999-03-17T00:00:00Z,3.28281307220459,3.2750000953674316
1999-03-18T00:00:00Z,3.3218750953674316,3.460937976837158
1999-03-19T00:00:00Z,3.546875,3.37656307220459
1999-03-22T00:00:00Z,3.32968807220459,3.299999952316284
1999-03-23T00:00:00Z,3.215625047683716,2.984375
1999-03-24T00:00:00Z,2.929687976837158,3.0921878814697266
1999-03-25T00:00:00Z,3.223438024520874,3.496875047683716
1999-03-26T00:00:00Z,3.5,3.476562976837158
1999-03-29T00:00:00Z,3.75,3.7406249046325684
1999-03-30T00:00:00Z,3.799999952316284,4.117187976837158
1999-03-31T00:00:00Z,4.28125,4.304687976837158
1999-04-01T00:00:00Z,4.484375,4.275000095367432
1999-04-05T00:00:00Z,4.315625190734863,4.662499904632568
1999-04-06T00:00:00Z,4.612500190734863,4.571875095367432
1999-04-07T00:00:00Z,4.665625095367432,4.395312786102295
1999-04-08T00:00:00Z,4.3703131675720215,4.474999904632568
1999-04-09T00:00:00Z,4.453125,4.571875095367432
1999-04-12T00:00:00Z,4.403124809265137,4.61093807220459
1999-04-13T00:00:00Z,4.668749809265137,4.459374904632568
1999-04-14T00:00:00Z,4.550000190734863,4.199999809265137
1999-04-15T00:00:00Z,4.146874904632568,4.181250095367432
1999-04-16T00:00:00Z,4.596875190734863,4.75
1999-04-19T00:00:00Z,4.724999904632568,3.973438024520874
1999-04-20T00:00:00Z,3.9328129291534424,4.300000190734863
1999-04-21T00:00:00Z,4.309374809265137,4.481249809265137
1999-04-22T00:00:00Z,4.607812881469727,4.75156307220459
1999-04-23T00:00:00Z,4.821875095367432,5.253125190734863
1999-04-26T00:00:00Z,5.224999904632568,5.179687976837158
1999-04-27T00:00:00Z,5.425000190734863,5.146874904632568
1999-04-28T00:00:00Z,5.0,4.837500095367432
1999-04-29T00:00:00Z,4.310937881469727,4.206250190734863
1999-04-30T00:00:00Z,4.425000190734863,4.301562786102295
1999-05-03T00:00:00Z,4.171875,3.773437976837158
1999-05-04T00:00:00Z,3.815624952316284,3.575000047683716
1999-05-05T00:00:00Z,3.596874952316284,3.6624999046325684
1999-05-06T00:00:00Z,3.700000047683716,3.434375047683716
1999-05-07T00:00:00Z,3.518749952316284,3.409374952316284
1999-05-10T00:00:00Z,3.4156250953674316,3.671875
1999-05-11T00:00:00Z,3.76718807220459,3.7093749046325684
1999-05-12T00:00:00Z,3.7015628814697266,3.5734379291534424
1999-05-13T00:00:00Z,3.609375,3.4000000953674316
1999-05-14T00:00:00Z,3.328125,3.309375047683716
1999-05-17T00:00:00Z,3.25,3.440624952316284
1999-05-18T00:00:00Z,3.410938024520874,3.315624952316284
1999-05-19T00:00:00Z,3.348438024520874,3.489063024520874
1999-05-20T00:00:00Z,3.418750047683716,3.270313024520874
1999-05-21T00:00:00Z,3.268749952316284,3.2140629291534424
1999-05-24T00:00:00Z,3.215625047683716,2.9375
1999-05-25T00:00:00Z,2.9312500953674316,2.789062976837158
1999-05-26T00:00:00Z,2.82968807220459,3.023437976837158
1999-05-27T00:00:00Z,2.9906249046325684,2.864063024520874
1999-05-28T00:00:00Z,2.890625,2.96875
1999-06-01T00:00:00Z,2.7874999046325684,2.645313024520874
1999-06-02T00:00:00Z,2.6187500953674316,2.8031249046325684
1999-06-03T00:00:00Z,2.848438024520874,2.62656307220459
1999-06-04T00:00:00Z,2.640625,2.710937976837158
1999-06-07T00:00:00Z,2.7140629291534424,2.934375047683716
1999-06-08T00:00:00Z,3.0,2.789062976837158
1999-06-09T00:00:00Z,2.848438024520874,2.8499999046325684
1999-06-10T00:00:00Z,2.796875,2.898437976837158
1999-06-11T00:00:00Z,2.878124952316284,2.645313024520874
1999-06-14T00:00:00Z,2.598438024520874,2.299999952316284
1999-06-15T00:00:00Z,2.3062500953674316,2.4124999046325684
1999-06-16T00:00:00Z,2.53281307220459,2.7921879291534424
1999-06-17T00:00:00Z,2.7906250953674316,2.8234379291534424
1999-06-18T00:00:00Z,2.79843807220459,2.78281307220459
1999-06-21T00:00:00Z,2.8390629291534424,3.0875000953674316
1999-06-22T00:00:00Z,3.07968807220459,2.9375
1999-06-23T00:00:00Z,2.8890628814697266,2.9437499046325684
1999-06-24T00:00:00Z,2.953125,2.840625047683716
1999-06-25T00:00:00Z,2.910938024520874,2.754688024520874
1999-06-28T00:00:00Z,2.7750000953674316,2.76718807220459
1999-06-29T00:00:00Z,2.7562499046325684,2.9015629291534424
1999-06-30T00:00:00Z,2.9124999046325684,3.128124952316284
1999-07-01T00:00:00Z,3.1312499046325684,3.059375047683716
1999-07-02T00:00:00Z,3.081249952316284,3.101562976837158
1999-07-06T00:00:00Z,3.200000047683716,3.171875
1999-07-07T00:00:00Z,3.153125047683716,3.046875
1999-07-08T00:00:00Z,3.140625,3.1343750953674316
1999-07-09T00:00:00Z,3.153125047683716,3.137500047683716
1999-07-12T00:00:00Z,3.125,2.934375047683716
1999-07-13T00:00:00Z,2.90625,3.153125047683716
1999-07-14T00:00:00Z,3.184375047683716,3.375
1999-07-15T00:00:00Z,3.375,3.489063024520874
1999-07-16T00:00:00Z,3.46875,3.440624952316284
1999-07-19T00:00:00Z,3.4000000953674316,3.2921879291534424
1999-07-20T00:00:00Z,3.2281250953674316,3.003124952316284
1999-07-21T00:00:00Z,3.0250000953674316,3.1359379291534424
1999-07-22T00:00:00Z,2.910938024520874,2.6703128814697266
1999-07-23T00:00:00Z,2.7453129291534424,2.864063024520874
1999-07-26T00:00:00Z,2.7609379291534424,2.648437976837158
1999-07-27T00:00:00Z,2.7249999046325684,2.5250000953674316
1999-07-28T00:00:00Z,2.5496089458465576,2.643749952316284
1999-07-29T00:00:00Z,2.559375047683716,2.539062976837158
1999-07-30T00:00:00Z,2.5531249046325684,2.50156307220459
1999-08-02T00:00:00Z,2.4593749046325684,2.3499999046325684
1999-08-03T00:00:00Z,2.424999952316284,2.371875047683716
1999-08-04T00:00:00Z,2.34375,2.210937976837158
1999-08-05T00:00:00Z,2.18906307220459,2.4312500953674316
1999-08-06T00:00:00Z,2.4156250953674316,2.239063024520874
1999-08-09T00:00:00Z,2.2874999046325684,2.137500047683716
1999-08-10T00:00:00Z,2.1343750953674316,2.2750000953674316
1999-08-11T00:00:00Z,2.309375047683716,2.273437976837158
1999-08-12T00:00:00Z,2.2750000953674316,2.293750047683716
1999-08-13T00:00:00Z,2.375,2.4359378814697266
1999-08-16T00:00:00Z,2.456249952316284,2.457813024520874
1999-08-17T00:00:00Z,2.512500047683716,2.731250047683716
1999-08-18T00:00:00Z,2.878124952316284,2.828125
1999-08-19T00:00:00Z,2.768749952316284,2.653125047683716
1999-08-20T00:00:00Z,2.65625,2.835937976837158
1999-08-23T00:00:00Z,2.898437976837158,2.9593749046325684
1999-08-24T00:00:00Z,2.9000000953674316,3.00156307220459
1999-08-25T00:00:00Z,3.070312976837158,3.3218750953674316
1999-08-26T00:00:00Z,3.325000047683716,3.2140629291534424
1999-08-27T00:00:00Z,3.262500047683716,3.2125000953674316
1999-08-30T00:00:00Z,3.18906307220459,2.981250047683716
1999-08-31T00:00:00Z,2.9593749046325684,3.109375
1999-09-01T00:00:00Z,3.174999952316284,2.976562976837158
1999-09-02T00:00:00Z,2.875,3.003124952316284
1999-09-03T00:00:00Z,3.1812500953674316,3.121875047683716
1999-09-07T00:00:00Z,3.190624952316284,3.1468749046325684
1999-09-08T00:00:00Z,3.0999999046325684,3.0718750953674316
1999-09-09T00:00:00Z,3.174999952316284,3.1812500953674316
1999-09-10T00:00:00Z,3.296875,3.325000047683716
1999-09-13T00:00:00Z,3.28125,3.1656250953674316
1999-09-14T00:00:00Z,3.137500047683716,3.299999952316284
1999-09-15T00:00:00Z,3.387500047683716,3.278125047683716
1999-09-16T00:00:00Z,3.246875047683716,3.262500047683716
1999-09-17T00:00:00Z,3.28125,3.190624952316284
1999-09-20T00:00:00Z,3.184375047683716,3.137500047683716
1999-09-21T00:00:00Z,3.081249952316284,3.112499952316284
1999-09-22T00:00:00Z,3.143749952316284,3.299999952316284
1999-09-23T00:00:00Z,3.3499999046325684,3.112499952316284
1999-09-24T00:00:00Z,3.0999999046325684,3.25
1999-09-27T00:00:00Z,3.309375047683716,3.128124952316284
1999-09-28T00:00:00Z,3.125,3.293750047683716
1999-09-29T00:00:00Z,3.325000047683716,4.037499904632568
1999-09-30T00:00:00Z,3.9906249046325684,3.996875047683716
1999-10-01T00:00:00Z,3.8499999046325684,3.862499952316284
1999-10-04T00:00:00Z,3.971874952316284,3.8531250953674316
1999-10-05T00:00:00Z,3.856250047683716,3.921875
1999-10-06T00:00:00Z,3.9781250953674316,4.121874809265137
1999-10-07T00:00:00Z,4.28125,4.365624904632568
1999-10-08T00:00:00Z,4.34375,4.462500095367432
1999-10-11T00:00:00Z,4.456250190734863,4.418749809265137
1999-10-12T00:00:00Z,4.384375095367432,4.246874809265137
1999-10-13T00:00:00Z,4.125,3.996875047683716
1999-10-14T00:00:00Z,4.025000095367432,3.9796879291534424
1999-10-15T00:00:00Z,3.793750047683716,3.753124952316284
1999-10-18T00:00:00Z,3.753124952316284,3.703125
1999-10-19T00:00:00Z,3.8812499046325684,3.831249952316284
1999-10-20T00:00:00Z,3.9156250953674316,4.025000095367432
1999-10-21T00:00:00Z,3.8968749046325684,4.037499904632568
1999-10-22T00:00:00Z,4.071875095367432,3.9312500953674316
1999-10-25T00:00:00Z,3.950000047683716,4.137499809265137
1999-10-26T00:00:00Z,4.15625,4.0625
1999-10-27T00:00:00Z,3.96875,3.796875
1999-10-28T00:00:00Z,3.4749999046325684,3.549999952316284
1999-10-29T00:00:00Z,3.637500047683716,3.53125
1999-11-01T00:00:00Z,3.403125047683716,3.456249952316284
1999-11-02T00:00:00Z,3.487499952316284,3.3218750953674316
1999-11-03T00:00:00Z,3.409374952316284,3.2906250953674316
1999-11-04T00:00:00Z,3.359375,3.153125047683716
1999-11-05T00:00:00Z,3.237499952316284,3.246875047683716
1999-11-08T00:00:00Z,3.2406249046325684,3.9000000953674316
1999-11-09T00:00:00Z,4.099999904632568,3.5406250953674316
1999-11-10T00:00:00Z,3.578125,3.5999999046325684
1999-11-11T00:00:00Z,3.737499952316284,3.6500000953674316
1999-11-12T00:00:00Z,3.6875,3.746875047683716
1999-11-15T00:00:00Z,3.78125,3.674999952316284
1999-11-16T00:00:00Z,3.7125000953674316,3.9468750953674316
1999-11-17T00:00:00Z,3.8968749046325684,3.825000047683716
1999-11-18T00:00:00Z,3.8375000953674316,3.8968749046325684
1999-11-19T00:00:00Z,3.893749952316284,3.8968749046325684
1999-11-22T00:00:00Z,3.893749952316284,4.025000095367432
1999-11-23T00:00:00Z,4.018750190734863,4.087500095367432
1999-11-24T00:00:00Z,4.212500095367432,4.362500190734863
1999-11-26T00:00:00Z,4.553124904632568,4.65625
1999-11-29T00:00:00Z,4.775000095367432,4.521874904632568
1999-11-30T00:00:00Z,4.413280963897705,4.253125190734863
1999-12-01T00:00:00Z,4.362500190734863,4.25
1999-12-02T00:00:00Z,4.300000190734863,4.453125
1999-12-03T00:00:00Z,4.625,4.328125
1999-12-06T00:00:00Z,4.34375,4.387499809265137
1999-12-07T00:00:00Z,4.400000095367432,4.303124904632568
1999-12-08T00:00:00Z,4.340624809265137,4.428124904632568
1999-12-09T00:00:00Z,4.775000095367432,5.181250095367432
1999-12-10T00:00:00Z,5.596875190734863,5.334374904632568
1999-12-13T00:00:00Z,5.331250190734863,5.125
1999-12-14T00:00:00Z,5.1875,4.78125
1999-12-15T00:00:00Z,4.643750190734863,4.824999809265137
1999-12-16T00:00:00Z,4.912499904632568,4.743750095367432
1999-12-17T00:00:00Z,4.859375,4.703125
1999-12-20T00:00:00Z,4.887499809265137,4.849999904632568
1999-12-21T00:00:00Z,4.828125,4.993750095367432
1999-12-22T00:00:00Z,5.028124809265137,4.884375095367432
1999-12-23T00:00:00Z,4.900000095367432,4.5
1999-12-27T00:00:00Z,4.387499809265137,4.056250095367432
1999-12-28T00:00:00Z,4.153124809265137,4.115624904632568
1999-12-29T00:00:00Z,4.171875,4.175000190734863
1999-12-30T00:00:00Z,4.231249809265137,3.953125
1999-12-31T00:00:00Z,3.965625047683716,3.8062500953674316
2000-01-03T00:00:00Z,4.074999809265137,4.46875
2000-01-04T00:00:00Z,4.268750190734863,4.096875190734863
2000-01-05T00:00:00Z,3.5250000953674316,3.487499952316284
2000-01-06T00:00:00Z,3.565624952316284,3.278125047683716
2000-01-07T00:00:00Z,3.3499999046325684,3.4781250953674316
2000-01-10T00:00:00Z,3.628124952316284,3.4593749046325684
2000-01-11T00:00:00Z,3.34375,3.3375000953674316
2000-01-12T00:00:00Z,3.393749952316284,3.1781249046325684
2000-01-13T00:00:00Z,3.246875047683716,3.296875
2000-01-14T00:00:00Z,3.3375000953674316,3.2125000953674316
2000-01-18T00:00:00Z,3.171875,3.206249952316284
2000-01-19T00:00:00Z,3.206249952316284,3.340625047683716
2000-01-20T00:00:00Z,3.346874952316284,3.237499952316284
2000-01-21T00:00:00Z,3.231250047683716,3.1031250953674316
2000-01-24T00:00:00Z,3.378124952316284,3.5062499046325684
2000-01-25T00:00:00Z,3.5,3.4625000953674316
2000-01-26T00:00:00Z,3.4312500953674316,3.2406249046325684
2000-01-27T00:00:00Z,3.2593750953674316,3.346874952316284
2000-01-28T00:00:00Z,3.25,3.0843749046325684
2000-01-31T00:00:00Z,3.018749952316284,3.2281250953674316
2000-02-01T00:00:00Z,3.375,3.371875047683716
2000-02-02T00:00:00Z,3.3968749046325684,3.471874952316284
2000-02-03T00:00:00Z,4.056250095367432,4.209374904632568
2000-02-04T00:00:00Z,4.137499809265137,3.9281249046325684
2000-02-07T00:00:00Z,3.809375047683716,3.75
2000-02-08T00:00:00Z,3.700000047683716,4.15625
2000-02-09T00:00:00Z,4.027344226837158,4.012499809265137
2000-02-10T00:00:00Z,3.924999952316284,3.809375047683716
2000-02-11T00:00:00Z,3.856250047683716,3.809375047683716
2000-02-14T00:00:00Z,3.784374952316284,3.721874952316284
2000-02-15T00:00:00Z,3.671875,3.690624952316284
2000-02-16T00:00:00Z,3.637500047683716,3.534374952316284
2000-02-17T00:00:00Z,3.5625,3.450000047683716
2000-02-18T00:00:00Z,3.421875,3.237499952316284
2000-02-22T00:00:00Z,3.246875047683716,3.1781249046325684
2000-02-23T00:00:00Z,3.2437500953674316,3.5218749046325684
2000-02-24T00:00:00Z,3.528125047683716,3.421875
2000-02-25T00:00:00Z,3.371875047683716,3.456249952316284
2000-02-28T00:00:00Z,3.328125,3.2874999046325684
2000-02-29T00:00:00Z,3.299999952316284,3.4437499046325684
2000-03-01T00:00:00Z,3.3812499046325684,3.293750047683716
2000-03-02T00:00:00Z,3.246875047683716,3.128124952316284
2000-03-03T00:00:00Z,3.1624999046325684,3.125
2000-03-06T00:00:00Z,3.143749952316284,3.1968750953674316
2000-03-07T00:00:00Z,3.2437500953674316,3.174999952316284
2000-03-08T00:00:00Z,3.1624999046325684,3.1812500953674316
2000-03-09T00:00:00Z,3.1500000953674316,3.440624952316284
2000-03-10T00:00:00Z,3.362499952316284,3.34375
2000-03-13T00:00:00Z,3.200000047683716,3.265625
2000-03-14T00:00:00Z,3.3031249046325684,3.28125
2000-03-15T00:00:00Z,3.237499952316284,3.1875
2000-03-16T00:00:00Z,3.112499952316284,3.3125
2000-03-17T00:00:00Z,3.3031249046325684,3.2406249046325684
2000-03-20T00:00:00Z,3.174999952316284,3.2093749046325684
2000-03-21T00:00:00Z,3.2562499046325684,3.6187500953674316
2000-03-22T00:00:00Z,3.543750047683716,3.534374952316284
2000-03-23T00:00:00Z,3.4749999046325684,3.3843750953674316
2000-03-24T00:00:00Z,3.731250047683716,3.6343750953674316
2000-03-27T00:00:00Z,3.612499952316284,3.65625
2000-03-28T00:00:00Z,3.6187500953674316,3.5062499046325684
2000-03-29T00:00:00Z,3.4749999046325684,3.3125
2000-03-30T00:00:00Z,3.2249999046325684,3.325000047683716
2000-03-31T00:00:00Z,3.3375000953674316,3.3499999046325684
2000-04-03T00:00:00Z,3.2718749046325684,3.1781249046325684
2000-04-04T00:00:00Z,3.143749952316284,3.1968750953674316
2000-04-05T00:00:00Z,3.0875000953674316,3.109375
2000-04-06T00:00:00Z,3.171875,3.2125000953674316
2000-04-07T00:00:00Z,3.2562499046325684,3.378124952316284
2000-04-10T00:00:00Z,3.362499952316284,3.168750047683716
2000-04-11T00:00:00Z,3.125,3.168750047683716
2000-04-12T00:00:00Z,3.200000047683716,2.8187499046325684
2000-04-13T00:00:00Z,2.893749952316284,2.4000000953674316
2000-04-14T00:00:00Z,2.393749952316284,2.34375
2000-04-17T00:00:00Z,2.262500047683716,2.3531250953674316
2000-04-18T00:00:00Z,2.3812499046325684,2.746875047683716
2000-04-19T00:00:00Z,2.765625,2.671875
2000-04-20T00:00:00Z,2.668750047683716,2.6187500953674316
2000-04-24T00:00:00Z,2.46875,2.4906249046325684
2000-04-25T00:00:00Z,2.590625047683716,2.621875047683716
2000-04-26T00:00:00Z,2.6656250953674316,2.674999952316284
2000-04-27T00:00:00Z,2.465625047683716,2.643749952316284
2000-04-28T00:00:00Z,2.700000047683716,2.7593750953674316
2000-05-01T00:00:00Z,2.799999952316284,2.996875047683716
2000-05-02T00:00:00Z,2.9593749046325684,2.8062500953674316
2000-05-03T00:00:00Z,2.762500047683716,2.706249952316284
2000-05-04T00:00:00Z,2.7125000953674316,2.753124952316284
2000-05-05T00:00:00Z,2.731250047683716,2.924999952316284
2000-05-08T00:00:00Z,2.840625047683716,2.800781011581421
2000-05-09T00:00:00Z,2.825000047683716,2.8125
2000-05-10T00:00:00Z,2.726562976837158,2.6656250953674316
2000-05-11T00:00:00Z,2.6968750953674316,2.7437500953674316
2000-05-12T00:00:00Z,2.734375,2.6875
2000-05-15T00:00:00Z,2.6812500953674316,2.8031249046325684
2000-05-16T00:00:00Z,2.856250047683716,2.953125
2000-05-17T00:00:00Z,2.859375,3.049999952316284
2000-05-18T00:00:00Z,3.018749952316284,2.768749952316284
2000-05-19T00:00:00Z,2.731250047683716,2.6312499046325684
2000-05-22T00:00:00Z,2.6500000953674316,2.59375
2000-05-23T00:00:00Z,2.5250000953674316,2.3343749046325684
2000-05-24T00:00:00Z,2.3218750953674316,2.4281249046325684
2000-05-25T00:00:00Z,2.4749999046325684,2.2750000953674316
2000-05-26T00:00:00Z,2.3125,2.325000047683716
2000-05-30T00:00:00Z,2.3656249046325684,2.5875000953674316
2000-05-31T00:00:00Z,2.5374999046325684,2.4156250953674316
2000-06-01T00:00:00Z,2.4437499046325684,2.5093750953674316
2000-06-02T00:00:00Z,2.6187500953674316,2.893749952316284
2000-06-05T00:00:00Z,2.75156307220459,2.7249999046325684
2000-06-06T00:00:00Z,2.700000047683716,2.528125047683716
2000-06-07T00:00:00Z,2.59375,2.590625047683716
2000-06-08T00:00:00Z,2.628124952316284,2.59375
2000-06-09T00:00:00Z,2.596874952316284,2.609375
2000-06-12T00:00:00Z,2.609375,2.421875
2000-06-13T00:00:00Z,2.409374952316284,2.450000047683716
2000-06-14T00:00:00Z,2.465625047683716,2.3218750953674316
2000-06-15T00:00:00Z,2.3499999046325684,2.315624952316284
2000-06-16T00:00:00Z,2.362499952316284,2.299999952316284
2000-06-19T00:00:00Z,2.2750000953674316,2.265625
2000-06-20T00:00:00Z,2.293750047683716,2.3062500953674316
2000-06-21T00:00:00Z,2.2718749046325684,2.3031249046325684
2000-06-22T00:00:00Z,2.309375047683716,2.0999999046325684
2000-06-23T00:00:00Z,1.8312499523162842,1.693750023841858
2000-06-26T00:00:00Z,1.765625,1.696874976158142
2000-06-27T00:00:00Z,1.6875,1.8250000476837158
2000-06-28T00:00:00Z,1.84375,1.8937499523162842
2000-06-29T00:00:00Z,1.8562500476837158,1.8562500476837158
2000-06-30T00:00:00Z,1.850000023841858,1.8156249523162842
2000-07-03T00:00:00Z,1.834375023841858,1.850000023841858
2000-07-05T00:00:00Z,1.850000023841858,1.8250000476837158
2000-07-06T00:00:00Z,1.84375,1.803125023841858
2000-07-07T00:00:00Z,1.806249976158142,1.806249976158142
2000-07-10T00:00:00Z,1.818750023841858,1.7531249523162842
2000-07-11T00:00:00Z,1.759374976158142,1.65625
2000-07-12T00:00:00Z,1.771875023841858,1.7531249523162842
2000-07-13T00:00:00Z,1.78125,1.75
2000-07-14T00:00:00Z,1.818750023841858,2.1312499046325684
2000-07-17T00:00:00Z,2.143749952316284,2.0562500953674316
2000-07-18T00:00:00Z,2.0062499046325684,2.0875000953674316
2000-07-19T00:00:00Z,2.075000047683716,2.043750047683716
2000-07-20T00:00:00Z,2.046875,2.015625
2000-07-21T00:00:00Z,2.0218749046325684,2.0562500953674316
2000-07-24T00:00:00Z,2.0531249046325684,1.9375
2000-07-25T00:00:00Z,1.837499976158142,1.881250023841858
2000-07-26T00:00:00Z,1.7531249523162842,1.803125023841858
2000-07-27T00:00:00Z,1.571874976158142,1.568750023841858
2000-07-28T00:00:00Z,1.571874976158142,1.5
2000-07-31T00:00:00Z,1.5031249523162842,1.506250023841858
2000-08-01T00:00:00Z,1.53125,1.5125000476837158
2000-08-02T00:00:00Z,1.5125000476837158,1.540624976158142
2000-08-03T00:00:00Z,1.4718749523162842,1.5750000476837158
2000-08-04T00:00:00Z,1.5968749523162842,1.625
2000-08-07T00:00:00Z,1.600000023841858,1.6906249523162842
2000-08-08T00:00:00Z,1.662500023841858,1.646875023841858
2000-08-09T00:00:00Z,1.618749976158142,1.5437500476837158
2000-08-10T00:00:00Z,1.5750000476837158,1.521875023841858
2000-08-11T00:00:00Z,1.524999976158142,1.6843750476837158
2000-08-14T00:00:00Z,1.6749999523162842,1.743749976158142
2000-08-15T00:00:00Z,1.7312500476837158,1.8781249523162842
2000-08-16T00:00:00Z,1.8781249523162842,1.931249976158142
2000-08-17T00:00:00Z,1.899999976158142,1.912500023841858
2000-08-18T00:00:00Z,1.962499976158142,1.9500000476837158
2000-08-21T00:00:00Z,1.9546879529953003,1.875
2000-08-22T00:00:00Z,1.90625,1.8250000476837158
2000-08-23T00:00:00Z,1.818750023841858,1.9406249523162842
2000-08-24T00:00:00Z,1.978124976158142,1.96875
2000-08-25T00:00:00Z,1.9562499523162842,1.9968750476837158
2000-08-28T00:00:00Z,1.9406249523162842,1.9562499523162842
2000-08-29T00:00:00Z,1.975000023841858,1.9812500476837158
2000-08-30T00:00:00Z,2.1187500953674316,2.1468749046325684
2000-08-31T00:00:00Z,2.15625,2.075000047683716
2000-09-01T00:00:00Z,2.106250047683716,2.075000047683716
2000-09-05T00:00:00Z,2.046875,2.284374952316284
2000-09-06T00:00:00Z,2.362499952316284,2.293750047683716
2000-09-07T00:00:00Z,2.340625047683716,2.174999952316284
2000-09-08T00:00:00Z,2.203125,2.1468749046325684
2000-09-11T00:00:00Z,2.1312499046325684,2.1187500953674316
2000-09-12T00:00:00Z,2.168750047683716,2.1343750953674316
2000-09-13T00:00:00Z,2.065624952316284,2.121875047683716
2000-09-14T00:00:00Z,2.2093749046325684,2.2437500953674316
2000-09-15T00:00:00Z,2.268749952316284,2.1812500953674316
2000-09-18T00:00:00Z,2.174999952316284,2.140625
2000-09-19T00:00:00Z,2.1031250953674316,2.0374999046325684
2000-09-20T00:00:00Z,2.0218749046325684,1.875
2000-09-21T00:00:00Z,1.8718750476837158,2.003124952316284
2000-09-22T00:00:00Z,1.9187500476837158,2.0718750953674316
2000-09-25T00:00:00Z,2.0609378814697266,2.018749952316284
2000-09-26T00:00:00Z,2.03125,1.9874999523162842
2000-09-27T00:00:00Z,1.9343750476837158,1.8937499523162842
2000-09-28T00:00:00Z,1.865625023841858,2.0
2000-09-29T00:00:00Z,1.9500000476837158,1.921875
2000-10-02T00:00:00Z,1.9093749523162842,1.7937500476837158
2000-10-03T00:00:00Z,1.837499976158142,1.7531249523162842
2000-10-04T00:00:00Z,1.671875,1.7999999523162842
2000-10-05T00:00:00Z,1.759374976158142,1.678125023841858
2000-10-06T00:00:00Z,1.625,1.578125
2000-10-09T00:00:00Z,1.5125000476837158,1.5031249523162842
2000-10-10T00:00:00Z,1.4874999523162842,1.521875023841858
2000-10-11T00:00:00Z,1.396875023841858,1.390625
2000-10-12T00:00:00Z,1.4187500476837158,1.256250023841858
2000-10-13T00:00:00Z,1.212499976158142,1.421875
2000-10-16T00:00:00Z,1.40625,1.2156250476837158
2000-10-17T00:00:00Z,1.243749976158142,1.0968749523162842
2000-10-18T00:00:00Z,0.9937499761581421,1.256250023841858
2000-10-19T00:00:00Z,1.328125,1.3875000476837158
2000-10-20T00:00:00Z,1.384374976158142,1.540624976158142
2000-10-23T00:00:00Z,1.484375,1.5
2000-10-24T00:00:00Z,1.493749976158142,1.478124976158142
2000-10-25T00:00:00Z,1.7000000476837158,1.59375
2000-10-26T00:00:00Z,1.609375,1.84375
2000-10-27T00:00:00Z,1.696874976158142,1.78125
2000-10-30T00:00:00Z,1.6531250476837158,1.6437499523162842
2000-10-31T00:00:00Z,1.634374976158142,1.8312499523162842
2000-11-01T00:00:00Z,1.790624976158142,1.868749976158142
2000-11-02T00:00:00Z,1.9031250476837158,1.9874999523162842
2000-11-03T00:00:00Z,1.9500000476837158,1.8781249523162842
2000-11-06T00:00:00Z,1.928125023841858,1.828125
2000-11-07T00:00:00Z,1.8250000476837158,1.8468749523162842
2000-11-08T00:00:00Z,1.7999999523162842,1.693750023841858
2000-11-09T00:00:00Z,1.634374976158142,1.5625
2000-11-10T00:00:00Z,1.537500023841858,1.5031249523162842
2000-11-13T00:00:00Z,1.4406249523162842,1.390625
2000-11-14T00:00:00Z,1.4375,1.446874976158142
2000-11-15T00:00:00Z,1.431249976158142,1.475000023841858
2000-11-16T00:00:00Z,1.4343750476837158,1.390625
2000-11-17T00:00:00Z,1.399999976158142,1.3718750476837158
2000-11-20T00:00:00Z,1.2999999523162842,1.290624976158142
2000-11-21T00:00:00Z,1.3312499523162842,1.212499976158142
2000-11-22T00:00:00Z,1.193750023841858,1.259374976158142
2000-11-24T00:00:00Z,1.321094036102295,1.446874976158142
2000-11-27T00:00:00Z,1.4874999523162842,1.399999976158142
2000-11-28T00:00:00Z,1.2999999523162842,1.2515629529953003
2000-11-29T00:00:00Z,1.256250023841858,1.3468749523162842
2000-11-30T00:00:00Z,1.2374999523162842,1.234375
2000-12-01T00:00:00Z,1.2468750476837158,1.2312500476837158
2000-12-04T00:00:00Z,1.259374976158142,1.328125
2000-12-05T00:00:00Z,1.3562500476837158,1.2687499523162842
2000-12-06T00:00:00Z,1.234375,1.181249976158142
2000-12-07T00:00:00Z,1.1531250476837158,1.068750023841858
2000-12-08T00:00:00Z,1.165624976158142,1.171875
2000-12-11T00:00:00Z,1.1437499523162842,1.265625
2000-12-12T00:00:00Z,1.225000023841858,1.2937500476837158
2000-12-13T00:00:00Z,1.328125,1.1875
2000-12-14T00:00:00Z,1.203125,1.134374976158142
2000-12-15T00:00:00Z,1.1124999523162842,1.1437499523162842
2000-12-18T00:00:00Z,1.037500023841858,0.9937499761581421
2000-12-19T00:00:00Z,1.015625,0.9125000238418579
2000-12-20T00:00:00Z,0.809374988079071,0.8343750238418579
2000-12-21T00:00:00Z,0.8187500238418579,0.7593749761581421
2000-12-22T00:00:00Z,0.765625,0.778124988079071
2000-12-26T00:00:00Z,0.815625011920929,0.846875011920929
2000-12-27T00:00:00Z,0.800000011920929,0.84375
2000-12-28T00:00:00Z,0.831250011920929,0.8687499761581421
2000-12-29T00:00:00Z,0.8374999761581421,0.778124988079071
2001-01-02T00:00:00Z,0.7906249761581421,0.6937500238418579
2001-01-03T00:00:00Z,0.6812499761581421,0.878125011920929
2001-01-04T00:00:00Z,0.8500000238418579,0.7749999761581421
2001-01-05T00:00:00Z,0.7749999761581421,0.7281249761581421
2001-01-08T00:00:00Z,0.721875011920929,0.746874988079071
2001-01-09T00:00:00Z,0.7281249761581421,0.8187500238418579
2001-01-10T00:00:00Z,0.7921879887580872,0.824999988079071
2001-01-11T00:00:00Z,0.7875000238418579,0.8500000238418579
2001-01-12T00:00:00Z,0.8671879768371582,0.8843749761581421
2001-01-16T00:00:00Z,0.9156249761581421,0.903124988079071
2001-01-17T00:00:00Z,0.9437500238418579,0.918749988079071
2001-01-18T00:00:00Z,0.918749988079071,0.9750000238418579
2001-01-19T00:00:00Z,1.0187499523162842,0.996874988079071
2001-01-22T00:00:00Z,0.9750000238418579,0.925000011920929
2001-01-23T00:00:00Z,0.918749988079071,0.947655975818634
2001-01-24T00:00:00Z,0.9593750238418579,1.09375
2001-01-25T00:00:00Z,1.084375023841858,0.949999988079071
2001-01-26T00:00:00Z,0.9468749761581421,0.9750000238418579
2001-01-29T00:00:00Z,0.956250011920929,1.006250023841858
2001-01-30T00:00:00Z,1.0281250476837158,0.9468749761581421
2001-01-31T00:00:00Z,0.9468749761581421,0.8656250238418579
2001-02-01T00:00:00Z,0.859375,0.8125
2001-02-02T00:00:00Z,0.8062499761581421,0.71875
2001-02-05T00:00:00Z,0.731249988079071,0.721875011920929
2001-02-06T00:00:00Z,0.690625011920929,0.7906249761581421
2001-02-07T00:00:00Z,0.7593749761581421,0.75
2001-02-08T00:00:00Z,0.765625,0.71875
2001-02-09T00:00:00Z,0.715624988079071,0.668749988079071
2001-02-12T00:00:00Z,0.706250011920929,0.7250000238418579
2001-02-13T00:00:00Z,0.75,0.6875
2001-02-14T00:00:00Z,0.706250011920929,0.721875011920929
2001-02-15T00:00:00Z,0.675000011920929,0.7250000238418579
2001-02-16T00:00:00Z,0.6812499761581421,0.684374988079071
2001-02-20T00:00:00Z,0.6812499761581421,0.625
2001-02-21T00:00:00Z,0.612500011920929,0.596875011920929
2001-02-22T00:00:00Z,0.6000000238418579,0.596875011920929
2001-02-23T00:00:00Z,0.59375,0.590624988079071
2001-02-26T00:00:00Z,0.6031249761581421,0.596875011920929
2001-02-27T00:00:00Z,0.590624988079071,0.5874999761581421
2001-02-28T00:00:00Z,0.5625,0.5093749761581421
2001-03-01T00:00:00Z,0.4937500059604645,0.5218750238418579
2001-03-02T00:00:00Z,0.5015630125999451,0.5
2001-03-05T00:00:00Z,0.6187499761581421,0.6312500238418579
2001-03-06T00:00:00Z,0.653905987739563,0.59375
2001-03-07T00:00:00Z,0.596875011920929,0.612500011920929
2001-03-08T00:00:00Z,0.596875011920929,0.5843750238418579
2001-03-09T00:00:00Z,0.5718749761581421,0.612500011920929
2001-03-12T00:00:00Z,0.5687500238418579,0.53125
2001-03-13T00:00:00Z,0.5406249761581421,0.550000011920929
2001-03-14T00:00:00Z,0.512499988079071,0.53125
2001-03-15T00:00:00Z,0.5687500238418579,0.543749988079071
2001-03-16T00:00:00Z,0.53125,0.550000011920929
2001-03-19T00:00:00Z,0.559374988079071,0.5249999761581421
2001-03-20T00:00:00Z,0.528124988079071,0.512499988079071
2001-03-21T00:00:00Z,0.518750011920929,0.5
2001-03-22T00:00:00Z,0.503125011920929,0.5093749761581421
2001-03-23T00:00:00Z,0.528124988079071,0.5093749761581421
2001-03-26T00:00:00Z,0.5350000262260437,0.546999990940094
2001-03-27T00:00:00Z,0.5460000038146973,0.5820000171661377
2001-03-28T00:00:00Z,0.5550000071525574,0.5400000214576721
2001-03-29T00:00:00Z,0.5285000205039978,0.5
2001-03-30T00:00:00Z,0.5059999823570251,0.5115000009536743
2001-04-02T00:00:00Z,0.5164999961853027,0.45500001311302185
2001-04-03T00:00:00Z,0.43549999594688416,0.43149998784065247
2001-04-04T00:00:00Z,0.4284999966621399,0.41999998688697815
2001-04-05T00:00:00Z,0.45100000500679016,0.4560000002384186
2001-04-06T00:00:00Z,0.4449999928474426,0.41850000619888306
2001-04-09T00:00:00Z,0.5920000076293945,0.5590000152587891
2001-04-10T00:00:00Z,0.5619999766349792,0.6004999876022339
2001-04-11T00:00:00Z,0.6549999713897705,0.6660000085830688
2001-04-12T00:00:00Z,0.6524999737739563,0.7335000038146973
2001-04-16T00:00:00Z,0.7250000238418579,0.7014999985694885
2001-04-17T00:00:00Z,0.690500020980835,0.7369999885559082
2001-04-18T00:00:00Z,0.7829999923706055,0.8270000219345093
2001-04-19T00:00:00Z,0.8450000286102295,0.7994999885559082
2001-04-20T00:00:00Z,0.781000018119812,0.7889999747276306
2001-04-23T00:00:00Z,0.8195000290870667,0.8100000023841858
2001-04-24T00:00:00Z,0.8220000267028809,0.7839999794960022
2001-04-25T00:00:00Z,0.784500002861023,0.8044999837875366
2001-04-26T00:00:00Z,0.8125,0.7714999914169312
2001-04-27T00:00:00Z,0.7860000133514404,0.7634999752044678
2001-04-30T00:00:00Z,0.781499981880188,0.7889999747276306
2001-05-01T00:00:00Z,0.7950000166893005,0.8445000052452087
2001-05-02T00:00:00Z,0.8569999933242798,0.8554999828338623
2001-05-03T00:00:00Z,0.8414999842643738,0.8374999761581421
2001-05-04T00:00:00Z,0.8174999952316284,0.878000020980835
2001-05-07T00:00:00Z,0.8679999709129333,0.8460000157356262
2001-05-08T00:00:00Z,0.8140000104904175,0.8090000152587891
2001-05-09T00:00:00Z,0.7774999737739563,0.7505000233650208
2001-05-10T00:00:00Z,0.7699999809265137,0.7310000061988831
2001-05-11T00:00:00Z,0.7275000214576721,0.734000027179718
2001-05-14T00:00:00Z,0.7264999747276306,0.6664999723434448
2001-05-15T00:00:00Z,0.6675000190734863,0.6769999861717224
2001-05-16T00:00:00Z,0.6725000143051147,0.7064999938011169
2001-05-17T00:00:00Z,0.7045000195503235,0.7390000224113464
2001-05-18T00:00:00Z,0.7415000200271606,0.7360000014305115
2001-05-21T00:00:00Z,0.7475000023841858,0.8190000057220459
2001-05-22T00:00:00Z,0.8395000100135803,0.8125
2001-05-23T00:00:00Z,0.8100000023841858,0.7799999713897705
2001-05-24T00:00:00Z,0.7854999899864197,0.8374999761581421
2001-05-25T00:00:00Z,0.8324999809265137,0.8544999957084656
2001-05-29T00:00:00Z,0.8604999780654907,0.8610000014305115
2001-05-30T00:00:00Z,0.8270000219345093,0.7829999923706055
2001-05-31T00:00:00Z,0.7919999957084656,0.8345000147819519
2001-06-01T00:00:00Z,0.8610000014305115,0.8475000262260437
2001-06-04T00:00:00Z,0.8659999966621399,0.8454999923706055
2001-06-05T00:00:00Z,0.8529999852180481,0.8220000267028809
2001-06-06T00:00:00Z,0.8335000276565552,0.7994999885559082
2001-06-07T00:00:00Z,0.7910000085830688,0.8065000176429749
2001-06-08T00:00:00Z,0.8125,0.7850000262260437
2001-06-11T00:00:00Z,0.7749999761581421,0.7429999709129333
2001-06-12T00:00:00Z,0.7300000190734863,0.7319999933242798
2001-06-13T00:00:00Z,0.7480000257492065,0.7059999704360962
2001-06-14T00:00:00Z,0.7059999704360962,0.6644999980926514
2001-06-15T00:00:00Z,0.6504999995231628,0.6244999766349792
2001-06-18T00:00:00Z,0.6225000023841858,0.5914999842643738
2001-06-19T00:00:00Z,0.6225000023841858,0.5680000185966492
2001-06-20T00:00:00Z,0.5634999871253967,0.6265000104904175
2001-06-21T00:00:00Z,0.6340000033378601,0.6539999842643738
2001-06-22T00:00:00Z,0.656499981880188,0.6200000047683716
2001-06-25T00:00:00Z,0.6355000138282776,0.640500009059906
2001-06-26T00:00:00Z,0.6269999742507935,0.6625000238418579
2001-06-27T00:00:00Z,0.690500020980835,0.7020000219345093
2001-06-28T00:00:00Z,0.7114999890327454,0.7179999947547913
2001-06-29T00:00:00Z,0.715499997138977,0.7074999809265137
2001-07-02T00:00:00Z,0.7049999833106995,0.7264999747276306
2001-07-03T00:00:00Z,0.7245000004768372,0.7064999938011169
2001-07-05T00:00:00Z,0.7139999866485596,0.7634999752044678
2001-07-06T00:00:00Z,0.7450000047683716,0.7634999752044678
2001-07-09T00:00:00Z,0.7674999833106995,0.7904999852180481
2001-07-10T00:00:00Z,0.8040000200271606,0.7804999947547913
2001-07-11T00:00:00Z,0.7714999914169312,0.7670000195503235
2001-07-12T00:00:00Z,0.7850000262260437,0.8245000243186951
2001-07-13T00:00:00Z,0.8130000233650208,0.8489999771118164
2001-07-16T00:00:00Z,0.847000002861023,0.8004999756813049
2001-07-17T00:00:00Z,0.7919999957084656,0.8174999952316284
2001-07-18T00:00:00Z,0.8034999966621399,0.7979999780654907
2001-07-19T00:00:00Z,0.8075000047683716,0.8245000243186951
2001-07-20T00:00:00Z,0.8264999985694885,0.8489999771118164
2001-07-23T00:00:00Z,0.8510000109672546,0.8015000224113464
2001-07-24T00:00:00Z,0.6809999942779541,0.6029999852180481
2001-07-25T00:00:00Z,0.6144999861717224,0.5755000114440918
2001-07-26T00:00:00Z,0.5835000276565552,0.6165000200271606
2001-07-27T00:00:00Z,0.6165000200271606,0.612500011920929
2001-07-30T00:00:00Z,0.6104999780654907,0.6274999976158142
2001-07-31T00:00:00Z,0.6320000290870667,0.6244999766349792
2001-08-01T00:00:00Z,0.6365000009536743,0.625
2001-08-02T00:00:00Z,0.6294999718666077,0.609499990940094
2001-08-03T00:00:00Z,0.6119999885559082,0.6075000166893005
2001-08-06T00:00:00Z,0.609000027179718,0.5950000286102295
2001-08-07T00:00:00Z,0.5945000052452087,0.5799999833106995
2001-08-08T00:00:00Z,0.5755000114440918,0.5554999709129333
2001-08-09T00:00:00Z,0.5569999814033508,0.5230000019073486
2001-08-10T00:00:00Z,0.5289999842643738,0.4975000023841858
2001-08-13T00:00:00Z,0.5049999952316284,0.5059999823570251
2001-08-14T00:00:00Z,0.515999972820282,0.5264999866485596
2001-08-15T00:00:00Z,0.5270000100135803,0.5040000081062317
2001-08-16T00:00:00Z,0.5040000081062317,0.49050000309944153
2001-08-17T00:00:00Z,0.4754999876022339,0.49950000643730164
2001-08-20T00:00:00Z,0.5095000267028809,0.5199999809265137
2001-08-21T00:00:00Z,0.5350000262260437,0.4945000112056732
2001-08-22T00:00:00Z,0.5080000162124634,0.5099999904632568
2001-08-23T00:00:00Z,0.5065000057220459,0.4814999997615814
2001-08-24T00:00:00Z,0.492000013589859,0.5115000009536743
2001-08-27T00:00:00Z,0.5044999718666077,0.5065000057220459
2001-08-28T00:00:00Z,0.5059999823570251,0.4984999895095825
2001-08-29T00:00:00Z,0.5019999742507935,0.4595000147819519
2001-08-30T00:00:00Z,0.453000009059906,0.4345000088214874
2001-08-31T00:00:00Z,0.4350000023841858,0.44699999690055847
2001-09-04T00:00:00Z,0.44749999046325684,0.429500013589859
2001-09-05T00:00:00Z,0.43299999833106995,0.3824999928474426
2001-09-06T00:00:00Z,0.3919999897480011,0.4074999988079071
2001-09-07T00:00:00Z,0.39800000190734863,0.4255000054836273
2001-09-10T00:00:00Z,0.41999998688697815,0.43149998784065247
2001-09-17T00:00:00Z,0.36500000953674316,0.37450000643730164
2001-09-18T00:00:00Z,0.37950000166893005,0.3644999861717224
2001-09-19T00:00:00Z,0.3675000071525574,0.36550000309944153
2001-09-20T00:00:00Z,0.3555000126361847,0.37400001287460327
2001-09-21T00:00:00Z,0.3474999964237213,0.37400001287460327
2001-09-24T00:00:00Z,0.38499999046325684,0.37299999594688416
2001-09-25T00:00:00Z,0.37450000643730164,0.3544999957084656
2001-09-26T00:00:00Z,0.36000001430511475,0.3174999952316284
2001-09-27T00:00:00Z,0.32350000739097595,0.3100000023841858
2001-09-28T00:00:00Z,0.3125,0.2985000014305115
2001-10-01T00:00:00Z,0.2955000102519989,0.3005000054836273
2001-10-02T00:00:00Z,0.3084999918937683,0.30399999022483826
2001-10-03T00:00:00Z,0.3084999918937683,0.33799999952316284
2001-10-04T00:00:00Z,0.3544999957084656,0.35199999809265137
2001-10-05T00:00:00Z,0.34850001335144043,0.36000001430511475
2001-10-08T00:00:00Z,0.35350000858306885,0.35600000619888306
2001-10-09T00:00:00Z,0.3555000126361847,0.34549999237060547
2001-10-10T00:00:00Z,0.3449999988079071,0.3630000054836273
2001-10-11T00:00:00Z,0.37700000405311584,0.39250001311302185
2001-10-12T00:00:00Z,0.3880000114440918,0.4034999907016754
2001-10-15T00:00:00Z,0.41200000047683716,0.4440000057220459
2001-10-16T00:00:00Z,0.46149998903274536,0.4779999852180481
2001-10-17T00:00:00Z,0.49900001287460327,0.44600000977516174
2001-10-18T00:00:00Z,0.445499986410141,0.4235000014305115
2001-10-19T00:00:00Z,0.4244999885559082,0.40049999952316284
2001-10-22T00:00:00Z,0.4034999907016754,0.43849998712539673
2001-10-23T00:00:00Z,0.4625000059604645,0.47749999165534973
2001-10-24T00:00:00Z,0.4025000035762787,0.38199999928474426
2001-10-25T00:00:00Z,0.3695000112056732,0.38850000500679016
2001-10-26T00:00:00Z,0.3815000057220459,0.3779999911785126
2001-10-29T00:00:00Z,0.3804999887943268,0.35249999165534973
2001-10-30T00:00:00Z,0.3504999876022339,0.32100000977516174
2001-10-31T00:00:00Z,0.3395000100135803,0.3490000069141388
2001-11-01T00:00:00Z,0.3540000021457672,0.3474999964237213
2001-11-02T00:00:00Z,0.3474999964237213,0.33550000190734863
2001-11-05T00:00:00Z,0.35499998927116394,0.34950000047683716
2001-11-06T00:00:00Z,0.3540000021457672,0.35249999165534973
2001-11-07T00:00:00Z,0.3504999876022339,0.3714999854564667
2001-11-08T00:00:00Z,0.382999986410141,0.34850001335144043
2001-11-09T00:00:00Z,0.35249999165534973,0.35600000619888306
2001-11-12T00:00:00Z,0.3580000102519989,0.35249999165534973
2001-11-13T00:00:00Z,0.3720000088214874,0.3644999861717224
2001-11-14T00:00:00Z,0.3815000057220459,0.47450000047683716
2001-11-15T00:00:00Z,0.460999995470047,0.45249998569488525
2001-11-16T00:00:00Z,0.46050000190734863,0.44749999046325684
2001-11-19T00:00:00Z,0.4675000011920929,0.4595000147819519
2001-11-20T00:00:00Z,0.45350000262260437,0.4300000071525574
2001-11-21T00:00:00Z,0.43700000643730164,0.4399999976158142
2001-11-23T00:00:00Z,0.4449999928474426,0.45399999618530273
2001-11-26T00:00:00Z,0.49149999022483826,0.6104999780654907
2001-11-27T00:00:00Z,0.6025000214576721,0.5740000009536743
2001-11-28T00:00:00Z,0.5619999766349792,0.5795000195503235
2001-11-29T00:00:00Z,0.5945000052452087,0.5575000047683716
2001-11-30T00:00:00Z,0.5649999976158142,0.5659999847412109
2001-12-03T00:00:00Z,0.5509999990463257,0.5245000123977661
2001-12-04T00:00:00Z,0.546500027179718,0.5964999794960022
2001-12-05T00:00:00Z,0.6200000047683716,0.5879999995231628
2001-12-06T00:00:00Z,0.6019999980926514,0.6050000190734863
2001-12-07T00:00:00Z,0.6144999861717224,0.5855000019073486
2001-12-10T00:00:00Z,0.5774999856948853,0.5824999809265137
2001-12-11T00:00:00Z,0.6000000238418579,0.6119999885559082
2001-12-12T00:00:00Z,0.6215000152587891,0.5954999923706055
2001-12-13T00:00:00Z,0.5770000219345093,0.5444999933242798
2001-12-14T00:00:00Z,0.5550000071525574,0.550000011920929
2001-12-17T00:00:00Z,0.5550000071525574,0.5404999852180481
2001-12-18T00:00:00Z,0.5525000095367432,0.5429999828338623
2001-12-19T00:00:00Z,0.5364999771118164,0.5354999899864197
2001-12-20T00:00:00Z,0.5285000205039978,0.5074999928474426
2001-12-21T00:00:00Z,0.515500009059906,0.5
2001-12-24T00:00:00Z,0.5074999928474426,0.49149999022483826
2001-12-26T00:00:00Z,0.5485000014305115,0.5550000071525574
2001-12-27T00:00:00Z,0.5665000081062317,0.5299999713897705
2001-12-28T00:00:00Z,0.5454999804496765,0.5450000166893005
2001-12-31T00:00:00Z,0.5534999966621399,0.5410000085830688
2002-01-02T00:00:00Z,0.546500027179718,0.5479999780654907
2002-01-03T00:00:00Z,0.5565000176429749,0.5950000286102295
2002-01-04T00:00:00Z,0.6010000109672546,0.612500011920929
2002-01-07T00:00:00Z,0.6039999723434448,0.6169999837875366
2002-01-08T00:00:00Z,0.6134999990463257,0.5924999713897705
2002-01-09T00:00:00Z,0.5979999899864197,0.5764999985694885
2002-01-10T00:00:00Z,0.5830000042915344,0.5519999861717224
2002-01-11T00:00:00Z,0.5515000224113464,0.5515000224113464
2002-01-14T00:00:00Z,0.5400000214576721,0.5055000185966492
2002-01-15T00:00:00Z,0.5170000195503235,0.5145000219345093
2002-01-16T00:00:00Z,0.5005000233650208,0.45649999380111694
2002-01-17T00:00:00Z,0.4909999966621399,0.4869999885559082
2002-01-18T00:00:00Z,0.47999998927116394,0.5080000162124634
2002-01-22T00:00:00Z,0.6370000243186951,0.6299999952316284
2002-01-23T00:00:00Z,0.6244999766349792,0.6234999895095825
2002-01-24T00:00:00Z,0.637499988079071,0.7005000114440918
2002-01-25T00:00:00Z,0.6779999732971191,0.722000002861023
2002-01-28T00:00:00Z,0.7429999709129333,0.7749999761581421
2002-01-29T00:00:00Z,0.7770000100135803,0.7110000252723694
2002-01-30T00:00:00Z,0.6990000009536743,0.6949999928474426
2002-01-31T00:00:00Z,0.7059999704360962,0.7095000147819519
2002-02-01T00:00:00Z,0.703499972820282,0.6865000128746033
2002-02-04T00:00:00Z,0.6455000042915344,0.6265000104904175
2002-02-05T00:00:00Z,0.5989999771118164,0.574999988079071
2002-02-06T00:00:00Z,0.5950000286102295,0.5630000233650208
2002-02-07T00:00:00Z,0.5625,0.5619999766349792
2002-02-08T00:00:00Z,0.5755000114440918,0.6259999871253967
2002-02-11T00:00:00Z,0.6320000290870667,0.6650000214576721
2002-02-12T00:00:00Z,0.6514999866485596,0.6449999809265137
2002-02-13T00:00:00Z,0.6549999713897705,0.6644999980926514
2002-02-14T00:00:00Z,0.6669999957084656,0.6940000057220459
2002-02-15T00:00:00Z,0.6955000162124634,0.6704999804496765
2002-02-19T00:00:00Z,0.6474999785423279,0.6504999995231628
2002-02-20T00:00:00Z,0.659500002861023,0.6480000019073486
2002-02-21T00:00:00Z,0.6455000042915344,0.6629999876022339
2002-02-22T00:00:00Z,0.6524999737739563,0.6535000205039978
2002-02-25T00:00:00Z,0.6545000076293945,0.6865000128746033
2002-02-26T00:00:00Z,0.6754999756813049,0.7200000286102295
2002-02-27T00:00:00Z,0.7275000214576721,0.7135000228881836
2002-02-28T00:00:00Z,0.7145000100135803,0.7049999833106995
2002-03-01T00:00:00Z,0.7064999938011169,0.7695000171661377
2002-03-04T00:00:00Z,0.7710000276565552,0.8240000009536743
2002-03-05T00:00:00Z,0.800000011920929,0.7985000014305115
2002-03-06T00:00:00Z,0.7409999966621399,0.8165000081062317
2002-03-07T00:00:00Z,0.8205000162124634,0.781000018119812
2002-03-08T00:00:00Z,0.8125,0.8174999952316284
2002-03-11T00:00:00Z,0.8019999861717224,0.8355000019073486
2002-03-12T00:00:00Z,0.8174999952316284,0.815500020980835
2002-03-13T00:00:00Z,0.8025000095367432,0.7870000004768372
2002-03-14T00:00:00Z,0.7494999766349792,0.7239999771118164
2002-03-15T00:00:00Z,0.7135000228881836,0.7014999985694885
2002-03-18T00:00:00Z,0.7074999809265137,0.7505000233650208
2002-03-19T00:00:00Z,0.7574999928474426,0.7329999804496765
2002-03-20T00:00:00Z,0.7239999771118164,0.7250000238418579
2002-03-21T00:00:00Z,0.7310000061988831,0.7584999799728394
2002-03-22T00:00:00Z,0.7559999823570251,0.7764999866485596
2002-03-25T00:00:00Z,0.7735000252723694,0.7369999885559082
2002-03-26T00:00:00Z,0.7319999933242798,0.7415000200271606
2002-03-27T00:00:00Z,0.6949999928474426,0.7124999761581421
2002-03-28T00:00:00Z,0.7200000286102295,0.7149999737739563
2002-04-01T00:00:00Z,0.7139999866485596,0.7400000095367432
2002-04-02T00:00:00Z,0.7319999933242798,0.7124999761581421
2002-04-03T00:00:00Z,0.718500018119812,0.6834999918937683
2002-04-04T00:00:00Z,0.6865000128746033,0.6769999861717224
2002-04-05T00:00:00Z,0.6834999918937683,0.675000011920929
2002-04-08T00:00:00Z,0.6485000252723694,0.6974999904632568
2002-04-09T00:00:00Z,0.703499972820282,0.6800000071525574
2002-04-10T00:00:00Z,0.6880000233650208,0.6740000247955322
2002-04-11T00:00:00Z,0.6639999747276306,0.6370000243186951
2002-04-12T00:00:00Z,0.6449999809265137,0.6654999852180481
2002-04-15T00:00:00Z,0.6710000038146973,0.6945000290870667
2002-04-16T00:00:00Z,0.7089999914169312,0.7005000114440918
2002-04-17T00:00:00Z,0.7120000123977661,0.7409999966621399
2002-04-18T00:00:00Z,0.7350000143051147,0.7129999995231628
2002-04-19T00:00:00Z,0.718999981880188,0.7264999747276306
2002-04-22T00:00:00Z,0.7289999723434448,0.715499997138977
2002-04-23T00:00:00Z,0.7174999713897705,0.703000009059906
2002-04-24T00:00:00Z,0.7615000009536743,0.8395000100135803
2002-04-25T00:00:00Z,0.8255000114440918,0.8410000205039978
2002-04-26T00:00:00Z,0.8429999947547913,0.8454999923706055
2002-04-29T00:00:00Z,0.8374999761581421,0.8090000152587891
2002-04-30T00:00:00Z,0.8065000176429749,0.8345000147819519
2002-05-01T00:00:00Z,0.8274999856948853,0.8245000243186951
2002-05-02T00:00:00Z,0.8215000033378601,0.8159999847412109
2002-05-03T00:00:00Z,0.8115000128746033,0.8025000095367432
2002-05-06T00:00:00Z,0.796999990940094,0.8059999942779541
2002-05-07T00:00:00Z,0.8054999709129333,0.8054999709129333
2002-05-08T00:00:00Z,0.8274999856948853,0.8659999966621399
2002-05-09T00:00:00Z,0.8560000061988831,0.8865000009536743
2002-05-10T00:00:00Z,0.8945000171661377,0.847000002861023
2002-05-13T00:00:00Z,0.8585000038146973,0.8659999966621399
2002-05-14T00:00:00Z,0.9020000100135803,0.940500020980835
2002-05-15T00:00:00Z,0.9340000152587891,0.996999979019165
2002-05-16T00:00:00Z,0.9754999876022339,0.9804999828338623
2002-05-17T00:00:00Z,0.9984999895095825,0.9580000042915344
2002-05-20T00:00:00Z,0.9399999976158142,0.9695000052452087
2002-05-21T00:00:00Z,0.9769999980926514,0.9380000233650208
2002-05-22T00:00:00Z,0.9334999918937683,0.9375
2002-05-23T00:00:00Z,0.9419999718666077,0.9725000262260437
2002-05-24T00:00:00Z,0.9700000286102295,0.9735000133514404
2002-05-28T00:00:00Z,0.9785000085830688,0.953000009059906
2002-05-29T00:00:00Z,0.9409999847412109,0.9455000162124634
2002-05-30T00:00:00Z,0.9350000023841858,0.9185000061988831
2002-05-31T00:00:00Z,0.925000011920929,0.9114999771118164
2002-06-03T00:00:00Z,0.9154999852180481,0.8980000019073486
2002-06-04T00:00:00Z,0.8899999856948853,0.8985000252723694
2002-06-05T00:00:00Z,0.8989999890327454,0.8995000123977661
2002-06-06T00:00:00Z,0.8945000171661377,0.9085000157356262
2002-06-07T00:00:00Z,0.8945000171661377,0.9290000200271606
2002-06-10T00:00:00Z,0.8949999809265137,0.8650000095367432
2002-06-11T00:00:00Z,0.8654999732971191,0.8569999933242798
2002-06-12T00:00:00Z,0.8525000214576721,0.8539999723434448
2002-06-13T00:00:00Z,0.8500000238418579,0.8715000152587891
2002-06-14T00:00:00Z,0.8569999933242798,0.8410000205039978
2002-06-17T00:00:00Z,0.8475000262260437,0.9204999804496765
2002-06-18T00:00:00Z,0.906499981880188,0.9390000104904175
2002-06-19T00:00:00Z,0.9244999885559082,0.9150000214576721
2002-06-20T00:00:00Z,0.9160000085830688,0.8774999976158142
2002-06-21T00:00:00Z,0.8799999952316284,0.8765000104904175
2002-06-24T00:00:00Z,0.8715000152587891,0.8755000233650208
2002-06-25T00:00:00Z,0.8445000052452087,0.7670000195503235
2002-06-26T00:00:00Z,0.734499990940094,0.7925000190734863
2002-06-27T00:00:00Z,0.8054999709129333,0.7929999828338623
2002-06-28T00:00:00Z,0.784500002861023,0.8125
2002-07-01T00:00:00Z,0.8084999918937683,0.6775000095367432
2002-07-02T00:00:00Z,0.6800000071525574,0.6660000085830688
2002-07-03T00:00:00Z,0.6690000295639038,0.7124999761581421
2002-07-05T00:00:00Z,0.7195000052452087,0.7605000138282776
2002-07-08T00:00:00Z,0.7475000023841858,0.746999979019165
2002-07-09T00:00:00Z,0.7524999976158142,0.7799999713897705
2002-07-10T00:00:00Z,0.7825000286102295,0.7480000257492065
2002-07-11T00:00:00Z,0.7329999804496765,0.7774999737739563
2002-07-12T00:00:00Z,0.7875000238418579,0.7714999914169312
2002-07-15T00:00:00Z,0.7735000252723694,0.796999990940094
2002-07-16T00:00:00Z,0.784500002861023,0.8144999742507935
2002-07-17T00:00:00Z,0.8420000076293945,0.8080000281333923
2002-07-18T00:00:00Z,0.7960000038146973,0.7774999737739563
2002-07-19T00:00:00Z,0.7680000066757202,0.7645000219345093
2002-07-22T00:00:00Z,0.7574999928474426,0.7749999761581421
2002-07-23T00:00:00Z,0.7770000100135803,0.7275000214576721
2002-07-24T00:00:00Z,0.6184999942779541,0.7049999833106995
2002-07-25T00:00:00Z,0.6855000257492065,0.6244999766349792
2002-07-26T00:00:00Z,0.6359999775886536,0.6464999914169312
2002-07-29T00:00:00Z,0.6625000238418579,0.7164999842643738
2002-07-30T00:00:00Z,0.7095000147819519,0.7384999990463257
2002-07-31T00:00:00Z,0.7225000262260437,0.7225000262260437
2002-08-01T00:00:00Z,0.715499997138977,0.7080000042915344
2002-08-02T00:00:00Z,0.7064999938011169,0.6919999718666077
2002-08-05T00:00:00Z,0.6825000047683716,0.6434999704360962
2002-08-06T00:00:00Z,0.6635000109672546,0.6869999766349792
2002-08-07T00:00:00Z,0.6965000033378601,0.6800000071525574
2002-08-08T00:00:00Z,0.6620000004768372,0.6949999928474426
2002-08-09T00:00:00Z,0.6804999709129333,0.7129999995231628
2002-08-12T00:00:00Z,0.7070000171661377,0.7229999899864197
2002-08-13T00:00:00Z,0.7149999737739563,0.6965000033378601
2002-08-14T00:00:00Z,0.6965000033378601,0.6955000162124634
2002-08-15T00:00:00Z,0.7024999856948853,0.7310000061988831
2002-08-16T00:00:00Z,0.7195000052452087,0.7450000047683716
2002-08-19T00:00:00Z,0.7419999837875366,0.7749999761581421
2002-08-20T00:00:00Z,0.7689999938011169,0.7990000247955322
2002-08-21T00:00:00Z,0.7975000143051147,0.7689999938011169
2002-08-22T00:00:00Z,0.7664999961853027,0.7864999771118164
2002-08-23T00:00:00Z,0.7799999713897705,0.7584999799728394
2002-08-26T00:00:00Z,0.7645000219345093,0.7465000152587891
2002-08-27T00:00:00Z,0.7519999742507935,0.7260000109672546
2002-08-28T00:00:00Z,0.7239999771118164,0.7285000085830688
2002-08-29T00:00:00Z,0.7214999794960022,0.7570000290870667
2002-08-30T00:00:00Z,0.7455000281333923,0.746999979019165
2002-09-03T00:00:00Z,0.7354999780654907,0.7300000190734863
2002-09-04T00:00:00Z,0.7329999804496765,0.7415000200271606
2002-09-05T00:00:00Z,0.7289999723434448,0.7124999761581421
2002-09-06T00:00:00Z,0.7279999852180481,0.765500009059906
2002-09-09T00:00:00Z,0.7559999823570251,0.8255000114440918
2002-09-10T00:00:00Z,0.8264999985694885,0.8565000295639038
2002-09-11T00:00:00Z,0.8575000166893005,0.8554999828338623
2002-09-12T00:00:00Z,0.8414999842643738,0.8374999761581421
2002-09-13T00:00:00Z,0.8345000147819519,0.8305000066757202
2002-09-16T00:00:00Z,0.8255000114440918,0.8355000019073486
2002-09-17T00:00:00Z,0.8500000238418579,0.8675000071525574
2002-09-18T00:00:00Z,0.8610000014305115,0.8865000009536743
2002-09-19T00:00:00Z,0.8700000047683716,0.8604999780654907
2002-09-20T00:00:00Z,0.8725000023841858,0.7929999828338623
2002-09-23T00:00:00Z,0.7799999713897705,0.8025000095367432
2002-09-24T00:00:00Z,0.7935000061988831,0.796500027179718
2002-09-25T00:00:00Z,0.8084999918937683,0.7864999771118164
2002-09-26T00:00:00Z,0.796500027179718,0.8575000166893005
2002-09-27T00:00:00Z,0.8424999713897705,0.8504999876022339
2002-09-30T00:00:00Z,0.8320000171661377,0.796500027179718
2002-10-01T00:00:00Z,0.8115000128746033,0.8475000262260437
2002-10-02T00:00:00Z,0.840499997138977,0.8504999876022339
2002-10-03T00:00:00Z,0.8395000100135803,0.8374999761581421
2002-10-04T00:00:00Z,0.8475000262260437,0.8274999856948853
2002-10-07T00:00:00Z,0.8274999856948853,0.8320000171661377
2002-10-08T00:00:00Z,0.843999981880188,0.847000002861023
2002-10-09T00:00:00Z,0.8349999785423279,0.8429999947547913
2002-10-10T00:00:00Z,0.8579999804496765,0.8980000019073486
2002-10-11T00:00:00Z,0.9089999794960022,0.9229999780654907
2002-10-14T00:00:00Z,0.9089999794960022,0.9599999785423279
2002-10-15T00:00:00Z,0.9919999837875366,0.9470000267028809
2002-10-16T00:00:00Z,0.9135000109672546,0.9745000004768372
2002-10-17T00:00:00Z,1.0049999952316284,0.9369999766349792
2002-10-18T00:00:00Z,0.9240000247955322,0.9520000219345093
2002-10-21T00:00:00Z,0.9445000290870667,0.9629999995231628
2002-10-22T00:00:00Z,0.9505000114440918,0.968999981880188
2002-10-23T00:00:00Z,0.9760000109672546,0.987500011920929
2002-10-24T00:00:00Z,0.9975000023841858,0.9929999709129333
2002-10-25T00:00:00Z,0.9419999718666077,0.9649999737739563
2002-10-28T00:00:00Z,0.9639999866485596,0.9294999837875366
2002-10-29T00:00:00Z,0.9254999756813049,0.9284999966621399
2002-10-30T00:00:00Z,0.9424999952316284,0.9539999961853027
2002-10-31T00:00:00Z,0.9514999985694885,0.9679999947547913
2002-11-01T00:00:00Z,0.9610000252723694,0.9900000095367432
2002-11-04T00:00:00Z,0.9695000052452087,0.9390000104904175
2002-11-05T00:00:00Z,0.9315000176429749,0.9359999895095825
2002-11-06T00:00:00Z,0.9384999871253967,0.9670000076293945
2002-11-07T00:00:00Z,0.9424999952316284,0.9559999704360962
2002-11-08T00:00:00Z,0.9520000219345093,0.9754999876022339
2002-11-11T00:00:00Z,0.9700000286102295,0.949999988079071
2002-11-12T00:00:00Z,0.9505000114440918,0.9909999966621399
2002-11-13T00:00:00Z,0.9804999828338623,1.0204999446868896
2002-11-14T00:00:00Z,1.0494999885559082,1.0605000257492065
2002-11-15T00:00:00Z,1.0575000047683716,1.1104999780654907
2002-11-18T00:00:00Z,1.1325000524520874,1.121000051498413
2002-11-19T00:00:00Z,1.093999981880188,1.0644999742507935
2002-11-20T00:00:00Z,1.0674999952316284,1.1449999809265137
2002-11-21T00:00:00Z,1.1664999723434448,1.1699999570846558
2002-11-22T00:00:00Z,1.159999966621399,1.1994999647140503
2002-11-25T00:00:00Z,1.2015000581741333,1.212499976158142
2002-11-26T00:00:00Z,1.2009999752044678,1.1699999570846558
2002-11-27T00:00:00Z,1.1859999895095825,1.2039999961853027
2002-11-29T00:00:00Z,1.2074999809265137,1.1675000190734863
2002-12-02T00:00:00Z,1.2074999809265137,1.2055000066757202
2002-12-03T00:00:00Z,1.191499948501587,1.187000036239624
2002-12-04T00:00:00Z,1.1740000247955322,1.1694999933242798
2002-12-05T00:00:00Z,1.1829999685287476,1.128999948501587
2002-12-06T00:00:00Z,1.0850000381469727,1.1304999589920044
2002-12-09T00:00:00Z,1.1115000247955322,1.0839999914169312
2002-12-10T00:00:00Z,1.0980000495910645,1.093000054359436
2002-12-11T00:00:00Z,1.0835000276565552,1.1065000295639038
2002-12-12T00:00:00Z,1.1234999895095825,1.1150000095367432
2002-12-13T00:00:00Z,1.097499966621399,1.1089999675750732
2002-12-16T00:00:00Z,1.1115000247955322,1.125499963760376
2002-12-17T00:00:00Z,1.1165000200271606,1.1230000257492065
2002-12-18T00:00:00Z,1.1124999523162842,1.1050000190734863
2002-12-19T00:00:00Z,1.0815000534057617,1.0844999551773071
2002-12-20T00:00:00Z,1.0894999504089355,1.096500039100647
2002-12-23T00:00:00Z,1.0889999866485596,1.1119999885559082
2002-12-24T00:00:00Z,1.1089999675750732,1.093999981880188
2002-12-26T00:00:00Z,1.0794999599456787,1.0149999856948853
2002-12-27T00:00:00Z,0.9984999895095825,0.9430000185966492
2002-12-30T00:00:00Z,0.9424999952316284,0.9624999761581421
2002-12-31T00:00:00Z,0.9624999761581421,0.9445000290870667
2003-01-02T00:00:00Z,0.9595000147819519,0.9785000085830688
2003-01-03T00:00:00Z,0.9794999957084656,1.0260000228881836
2003-01-06T00:00:00Z,1.0199999809265137,1.034999966621399
2003-01-07T00:00:00Z,1.0414999723434448,1.0774999856948853
2003-01-08T00:00:00Z,1.0720000267028809,1.0509999990463257
2003-01-09T00:00:00Z,1.0540000200271606,1.0724999904632568
2003-01-10T00:00:00Z,1.0479999780654907,1.065999984741211
2003-01-13T00:00:00Z,1.066499948501587,1.1019999980926514
2003-01-14T00:00:00Z,1.0924999713897705,1.1369999647140503
2003-01-15T00:00:00Z,1.1295000314712524,1.1134999990463257
2003-01-16T00:00:00Z,1.0844999551773071,1.090000033378601
2003-01-17T00:00:00Z,1.0729999542236328,1.0700000524520874
2003-01-21T00:00:00Z,1.0625,1.0540000200271606
2003-01-22T00:00:00Z,1.0384999513626099,1.058500051498413
2003-01-23T00:00:00Z,1.0770000219345093,1.0894999504089355
2003-01-24T00:00:00Z,1.1295000314712524,1.1054999828338623
2003-01-27T00:00:00Z,1.0839999914169312,1.0889999866485596
2003-01-28T00:00:00Z,1.0954999923706055,1.0809999704360962
2003-01-29T00:00:00Z,1.0774999856948853,1.1039999723434448
2003-01-30T00:00:00Z,1.1100000143051147,1.090999960899353
2003-01-31T00:00:00Z,1.0820000171661377,1.0924999713897705
2003-02-03T00:00:00Z,1.097000002861023,1.1080000400543213
2003-02-04T00:00:00Z,1.097000002861023,1.1024999618530273
2003-02-05T00:00:00Z,1.1089999675750732,1.1085000038146973
2003-02-06T00:00:00Z,1.1080000400543213,1.1045000553131104
2003-02-07T00:00:00Z,1.1050000190734863,1.0720000267028809
2003-02-10T00:00:00Z,1.0700000524520874,1.0700000524520874
2003-02-11T00:00:00Z,1.0779999494552612,1.0390000343322754
2003-02-12T00:00:00Z,1.0394999980926514,1.05649995803833
2003-02-13T00:00:00Z,1.0475000143051147,1.003000020980835
2003-02-14T00:00:00Z,0.9994999766349792,1.003000020980835
2003-02-18T00:00:00Z,1.0075000524520874,1.0694999694824219
2003-02-19T00:00:00Z,1.0575000047683716,1.059499979019165
2003-02-20T00:00:00Z,1.059499979019165,1.0679999589920044
2003-02-21T00:00:00Z,1.0674999952316284,1.0889999866485596
2003-02-24T00:00:00Z,1.0820000171661377,1.0889999866485596
2003-02-25T00:00:00Z,1.0750000476837158,1.093999981880188
2003-02-26T00:00:00Z,1.0815000534057617,1.0820000171661377
2003-02-27T00:00:00Z,1.0829999446868896,1.0809999704360962
2003-02-28T00:00:00Z,1.0785000324249268,1.1004999876022339
2003-03-03T00:00:00Z,1.1074999570846558,1.090499997138977
2003-03-04T00:00:00Z,1.0850000381469727,1.1134999990463257
2003-03-05T00:00:00Z,1.1039999723434448,1.121000051498413
2003-03-06T00:00:00Z,1.1160000562667847,1.1345000267028809
2003-03-07T00:00:00Z,1.1160000562667847,1.1484999656677246
2003-03-10T00:00:00Z,1.1299999952316284,1.1440000534057617
2003-03-11T00:00:00Z,1.1375000476837158,1.1390000581741333
2003-03-12T00:00:00Z,1.125499963760376,1.1679999828338623
2003-03-13T00:00:00Z,1.184000015258789,1.2209999561309814
2003-03-14T00:00:00Z,1.2269999980926514,1.2354999780654907
2003-03-17T00:00:00Z,1.2235000133514404,1.3274999856948853
2003-03-18T00:00:00Z,1.3229999542236328,1.3389999866485596
2003-03-19T00:00:00Z,1.316499948501587,1.3270000219345093
2003-03-20T00:00:00Z,1.3170000314712524,1.372499942779541
2003-03-21T00:00:00Z,1.3854999542236328,1.3964999914169312
2003-03-24T00:00:00Z,1.3539999723434448,1.3114999532699585
2003-03-25T00:00:00Z,1.3125,1.3450000286102295
2003-03-26T00:00:00Z,1.343999981880188,1.3880000114440918
2003-03-27T00:00:00Z,1.3795000314712524,1.3884999752044678
2003-03-28T00:00:00Z,1.3795000314712524,1.3589999675750732
2003-03-31T00:00:00Z,1.3285000324249268,1.3014999628067017
2003-04-01T00:00:00Z,1.277500033378601,1.2769999504089355
2003-04-02T00:00:00Z,1.2990000247955322,1.319000005722046
2003-04-03T00:00:00Z,1.3255000114440918,1.3324999809265137
2003-04-04T00:00:00Z,1.3355000019073486,1.3109999895095825
2003-04-07T00:00:00Z,1.3604999780654907,1.340999960899353
2003-04-08T00:00:00Z,1.3394999504089355,1.3259999752044678
2003-04-09T00:00:00Z,1.3174999952316284,1.253000020980835
2003-04-10T00:00:00Z,1.2714999914169312,1.2834999561309814
2003-04-11T00:00:00Z,1.2925000190734863,1.287500023841858
2003-04-14T00:00:00Z,1.2400000095367432,1.252500057220459
2003-04-15T00:00:00Z,1.2445000410079956,1.256500005722046
2003-04-16T00:00:00Z,1.2649999856948853,1.218999981880188
2003-04-17T00:00:00Z,1.2235000133514404,1.249500036239624
2003-04-21T00:00:00Z,1.2515000104904175,1.2625000476837158
2003-04-22T00:00:00Z,1.2545000314712524,1.2790000438690186
2003-04-23T00:00:00Z,1.3200000524520874,1.2714999914169312
2003-04-24T00:00:00Z,1.2699999809265137,1.25600004196167
2003-04-25T00:00:00Z,1.399999976158142,1.4485000371932983
2003-04-28T00:00:00Z,1.4320000410079956,1.4555000066757202
2003-04-29T00:00:00Z,1.4455000162124634,1.4444999694824219
2003-04-30T00:00:00Z,1.4299999475479126,1.434499979019165
2003-05-01T00:00:00Z,1.434000015258789,1.4329999685287476
2003-05-02T00:00:00Z,1.43149995803833,1.471500039100647
2003-05-05T00:00:00Z,1.4735000133514404,1.4980000257492065
2003-05-06T00:00:00Z,1.493499994277954,1.5440000295639038
2003-05-07T00:00:00Z,1.5329999923706055,1.534999966621399
2003-05-08T00:00:00Z,1.5180000066757202,1.5225000381469727
2003-05-09T00:00:00Z,1.5230000019073486,1.5479999780654907
2003-05-12T00:00:00Z,1.5414999723434448,1.5850000381469727
2003-05-13T00:00:00Z,1.5774999856948853,1.6475000381469727
2003-05-14T00:00:00Z,1.656999945640564,1.6299999952316284
2003-05-15T00:00:00Z,1.6319999694824219,1.631500005722046
2003-05-16T00:00:00Z,1.625499963760376,1.652500033378601
2003-05-19T00:00:00Z,1.6349999904632568,1.5779999494552612
2003-05-20T00:00:00Z,1.5779999494552612,1.5740000009536743
2003-05-21T00:00:00Z,1.5670000314712524,1.587499976158142
2003-05-22T00:00:00Z,1.587499976158142,1.649999976158142
2003-05-23T00:00:00Z,1.6514999866485596,1.6360000371932983
2003-05-27T00:00:00Z,1.627500057220459,1.7424999475479126
2003-05-28T00:00:00Z,1.74399995803833,1.7430000305175781
2003-05-29T00:00:00Z,1.7445000410079956,1.777500033378601
2003-05-30T00:00:00Z,1.780500054359436,1.7944999933242798
2003-06-02T00:00:00Z,1.8250000476837158,1.7699999809265137
2003-06-03T00:00:00Z,1.7354999780654907,1.7615000009536743
2003-06-04T00:00:00Z,1.75,1.7695000171661377
2003-06-05T00:00:00Z,1.7580000162124634,1.7760000228881836
2003-06-06T00:00:00Z,1.8020000457763672,1.6675000190734863
2003-06-09T00:00:00Z,1.7235000133514404,1.684000015258789
2003-06-10T00:00:00Z,1.7009999752044678,1.7035000324249268
2003-06-11T00:00:00Z,1.6985000371932983,1.7324999570846558
2003-06-12T00:00:00Z,1.7649999856948853,1.7599999904632568
2003-06-13T00:00:00Z,1.7699999809265137,1.7065000534057617
2003-06-16T00:00:00Z,1.7285000085830688,1.7920000553131104
2003-06-17T00:00:00Z,1.7964999675750732,1.7920000553131104
2003-06-18T00:00:00Z,1.774999976158142,1.7925000190734863
2003-06-19T00:00:00Z,1.7899999618530273,1.774999976158142
2003-06-20T00:00:00Z,1.7899999618530273,1.7519999742507935
2003-06-23T00:00:00Z,1.7740000486373901,1.7790000438690186
2003-06-24T00:00:00Z,1.7684999704360962,1.7699999809265137
2003-06-25T00:00:00Z,1.7649999856948853,1.7695000171661377
2003-06-26T00:00:00Z,1.7604999542236328,1.8359999656677246
2003-06-27T00:00:00Z,1.8344999551773071,1.815000057220459
2003-06-30T00:00:00Z,1.8315000534057617,1.815999984741211
2003-07-01T00:00:00Z,1.816499948501587,1.8624999523162842
2003-07-02T00:00:00Z,1.8799999952316284,1.8925000429153442
2003-07-03T00:00:00Z,1.8509999513626099,1.8960000276565552
2003-07-07T00:00:00Z,1.9149999618530273,1.9524999856948853
2003-07-08T00:00:00Z,1.937999963760376,2.0255000591278076
2003-07-09T00:00:00Z,2.0269999504089355,2.0250000953674316
2003-07-10T00:00:00Z,1.9559999704360962,1.912500023841858
2003-07-11T00:00:00Z,1.9149999618530273,1.8825000524520874
2003-07-14T00:00:00Z,1.9249999523162842,1.9635000228881836
2003-07-15T00:00:00Z,1.9804999828338623,1.9214999675750732
2003-07-16T00:00:00Z,1.9259999990463257,1.8839999437332153
2003-07-17T00:00:00Z,1.8574999570846558,1.815999984741211
2003-07-18T00:00:00Z,1.815999984741211,1.7489999532699585
2003-07-21T00:00:00Z,1.7354999780654907,1.7664999961853027
2003-07-22T00:00:00Z,1.784999966621399,1.743499994277954
2003-07-23T00:00:00Z,1.8875000476837158,2.005500078201294
2003-07-24T00:00:00Z,2.052500009536743,2.065500020980835
2003-07-25T00:00:00Z,2.0369999408721924,2.0799999237060547
2003-07-28T00:00:00Z,2.07450008392334,2.1040000915527344
2003-07-29T00:00:00Z,2.0994999408721924,2.069499969482422
2003-07-30T00:00:00Z,2.057499885559082,2.0329999923706055
2003-07-31T00:00:00Z,2.067500114440918,2.0820000171661377
2003-08-01T00:00:00Z,2.070499897003174,2.001499891281128
2003-08-04T00:00:00Z,1.9850000143051147,1.9824999570846558
2003-08-05T00:00:00Z,1.9620000123977661,1.933500051498413
2003-08-06T00:00:00Z,1.930999994277954,1.9470000267028809
2003-08-07T00:00:00Z,1.9500000476837158,1.9505000114440918
2003-08-08T00:00:00Z,1.9565000534057617,1.9574999809265137
2003-08-11T00:00:00Z,1.9494999647140503,1.9464999437332153
2003-08-12T00:00:00Z,1.9474999904632568,1.9924999475479126
2003-08-13T00:00:00Z,2.012500047683716,2.010499954223633
2003-08-14T00:00:00Z,1.996000051498413,2.015000104904175
2003-08-15T00:00:00Z,2.0114998817443848,2.005000114440918
2003-08-18T00:00:00Z,2.0239999294281006,2.1510000228881836
2003-08-19T00:00:00Z,2.172499895095825,2.178499937057495
2003-08-20T00:00:00Z,2.1530001163482666,2.187999963760376
2003-08-21T00:00:00Z,2.2109999656677246,2.2850000858306885
2003-08-22T00:00:00Z,2.318000078201294,2.260999917984009
2003-08-25T00:00:00Z,2.242500066757202,2.2925000190734863
2003-08-26T00:00:00Z,2.2825000286102295,2.2964999675750732
2003-08-27T00:00:00Z,2.2885000705718994,2.2939999103546143
2003-08-28T00:00:00Z,2.296999931335449,2.296999931335449
2003-08-29T00:00:00Z,2.2909998893737793,2.315999984741211
2003-09-02T00:00:00Z,2.3259999752044678,2.366499900817871
2003-09-03T00:00:00Z,2.378999948501587,2.309499979019165
2003-09-04T00:00:00Z,2.309999942779541,2.364500045776367
2003-09-05T00:00:00Z,2.3475000858306885,2.3259999752044678
2003-09-08T00:00:00Z,2.325000047683716,2.364000082015991
2003-09-09T00:00:00Z,2.3550000190734863,2.3340001106262207
2003-09-10T00:00:00Z,2.312999963760376,2.311000108718872
2003-09-11T00:00:00Z,2.309999942779541,2.259500026702881
2003-09-12T00:00:00Z,2.242500066757202,2.2839999198913574
2003-09-15T00:00:00Z,2.2679998874664307,2.2755000591278076
2003-09-16T00:00:00Z,2.2699999809265137,2.312000036239624
2003-09-17T00:00:00Z,2.310499906539917,2.308000087738037
2003-09-18T00:00:00Z,2.308000087738037,2.3945000171661377
2003-09-19T00:00:00Z,2.3935000896453857,2.378999948501587
2003-09-22T00:00:00Z,2.328000068664551,2.373500108718872
2003-09-23T00:00:00Z,2.370500087738037,2.5220000743865967
2003-09-24T00:00:00Z,2.5174999237060547,2.4804999828338623
2003-09-25T00:00:00Z,2.4830000400543213,2.502500057220459
2003-09-26T00:00:00Z,2.494999885559082,2.427999973297119
2003-09-29T00:00:00Z,2.444000005722046,2.493000030517578
2003-09-30T00:00:00Z,2.4825000762939453,2.4214999675750732
2003-10-01T00:00:00Z,2.4184999465942383,2.4560000896453857
2003-10-02T00:00:00Z,2.447000026702881,2.504499912261963
2003-10-03T00:00:00Z,2.55649995803833,2.6445000171661377
2003-10-06T00:00:00Z,2.6445000171661377,2.7074999809265137
2003-10-07T00:00:00Z,2.700000047683716,2.745500087738037
2003-10-08T00:00:00Z,2.7720000743865967,2.7850000858306885
2003-10-09T00:00:00Z,2.870500087738037,2.8929998874664307
2003-10-10T00:00:00Z,2.884999990463257,2.9030001163482666
2003-10-13T00:00:00Z,2.8970000743865967,2.9149999618530273
2003-10-14T00:00:00Z,2.9049999713897705,2.995500087738037
2003-10-15T00:00:00Z,3.0195000171661377,2.927500009536743
2003-10-16T00:00:00Z,2.9079999923706055,2.995500087738037
2003-10-17T00:00:00Z,2.9649999141693115,2.984499931335449
2003-10-20T00:00:00Z,2.9779999256134033,2.9795000553131104
2003-10-21T00:00:00Z,2.9865000247955322,2.9674999713897705
2003-10-22T00:00:00Z,2.802500009536743,2.7014999389648438
2003-10-23T00:00:00Z,2.6489999294281006,2.7160000801086426
2003-10-24T00:00:00Z,2.7274999618530273,2.7255001068115234
2003-10-27T00:00:00Z,2.744999885559082,2.740999937057495
2003-10-28T00:00:00Z,2.759500026702881,2.8364999294281006
2003-10-29T00:00:00Z,2.8324999809265137,2.8345000743865967
2003-10-30T00:00:00Z,2.869999885559082,2.7915000915527344
2003-10-31T00:00:00Z,2.7950000762939453,2.7214999198913574
2003-11-03T00:00:00Z,2.740000009536743,2.8369998931884766
2003-11-04T00:00:00Z,2.8350000381469727,2.8429999351501465
2003-11-05T00:00:00Z,2.80649995803833,2.8369998931884766
2003-11-06T00:00:00Z,2.8405001163482666,2.749500036239624
2003-11-07T00:00:00Z,2.7804999351501465,2.7155001163482666
2003-11-10T00:00:00Z,2.697499990463257,2.5989999771118164
2003-11-11T00:00:00Z,2.5920000076293945,2.6115000247955322
2003-11-12T00:00:00Z,2.628499984741211,2.7065000534057617
2003-11-13T00:00:00Z,2.7019999027252197,2.740000009536743
2003-11-14T00:00:00Z,2.7214999198913574,2.622499942779541
2003-11-17T00:00:00Z,2.5959999561309814,2.5179998874664307
2003-11-18T00:00:00Z,2.5364999771118164,2.424999952316284
2003-11-19T00:00:00Z,2.435499906539917,2.4765000343322754
2003-11-20T00:00:00Z,2.4549999237060547,2.442500114440918
2003-11-21T00:00:00Z,2.450000047683716,2.428999900817871
2003-11-24T00:00:00Z,2.4639999866485596,2.566499948501587
2003-11-25T00:00:00Z,2.567500114440918,2.623500108718872
2003-11-26T00:00:00Z,2.6414999961853027,2.6480000019073486
2003-11-28T00:00:00Z,2.6419999599456787,2.698499917984009
2003-12-01T00:00:00Z,2.7200000286102295,2.7325000762939453
2003-12-02T00:00:00Z,2.7249999046325684,2.696500062942505
2003-12-03T00:00:00Z,2.7049999237060547,2.575500011444092
2003-12-04T00:00:00Z,2.572499990463257,2.5899999141693115
2003-12-05T00:00:00Z,2.559999942779541,2.578000068664551
2003-12-08T00:00:00Z,2.577500104904175,2.553999900817871
2003-12-09T00:00:00Z,2.558500051498413,2.4670000076293945
2003-12-10T00:00:00Z,2.4725000858306885,2.4600000381469727
2003-12-11T00:00:00Z,2.4630000591278076,2.5399999618530273
2003-12-12T00:00:00Z,2.549499988555908,2.549499988555908
2003-12-15T00:00:00Z,2.6024999618530273,2.5204999446868896
2003-12-16T00:00:00Z,2.4800000190734863,2.4749999046325684
2003-12-17T00:00:00Z,2.4735000133514404,2.378999948501587
2003-12-18T00:00:00Z,2.380500078201294,2.4375
2003-12-19T00:00:00Z,2.440000057220459,2.4619998931884766
2003-12-22T00:00:00Z,2.4489998817443848,2.494499921798706
2003-12-23T00:00:00Z,2.500999927520752,2.624000072479248
2003-12-24T00:00:00Z,2.615000009536743,2.6659998893737793
2003-12-26T00:00:00Z,2.7070000171661377,2.6735000610351562
2003-12-29T00:00:00Z,2.689500093460083,2.6735000610351562
2003-12-30T00:00:00Z,2.6589999198913574,2.6414999961853027
2003-12-31T00:00:00Z,2.6410000324249268,2.63100004196167
2004-01-02T00:00:00Z,2.638000011444092,2.5950000286102295
2004-01-05T00:00:00Z,2.5999999046325684,2.6635000705718994
2004-01-06T00:00:00Z,2.6554999351501465,2.6514999866485596
2004-01-07T00:00:00Z,2.6089999675750732,2.5950000286102295
2004-01-08T00:00:00Z,2.6045000553131104,2.51200008392334
2004-01-09T00:00:00Z,2.4885001182556152,2.5794999599456787
2004-01-12T00:00:00Z,2.5804998874664307,2.6475000381469727
2004-01-13T00:00:00Z,2.633500099182129,2.745500087738037
2004-01-14T00:00:00Z,2.7309999465942383,2.7899999618530273
2004-01-15T00:00:00Z,2.7365000247955322,2.809000015258789
2004-01-16T00:00:00Z,2.813499927520752,2.7860000133514404
2004-01-20T00:00:00Z,2.7785000801086426,2.8304998874664307
2004-01-21T00:00:00Z,2.808000087738037,2.809999942779541
2004-01-22T00:00:00Z,2.8405001163482666,2.8589999675750732
2004-01-23T00:00:00Z,2.8550000190734863,2.8554999828338623
2004-01-26T00:00:00Z,2.8399999141693115,2.8515000343322754
2004-01-27T00:00:00Z,2.8364999294281006,2.7869999408721924
2004-01-28T00:00:00Z,2.681999921798706,2.5980000495910645
2004-01-29T00:00:00Z,2.6019999980926514,2.4609999656677246
2004-01-30T00:00:00Z,2.4744999408721924,2.5199999809265137
2004-02-02T00:00:00Z,2.5325000286102295,2.4135000705718994
2004-02-03T00:00:00Z,2.4094998836517334,2.246999979019165
2004-02-04T00:00:00Z,2.240499973297119,2.2695000171661377
2004-02-05T00:00:00Z,2.301500082015991,2.302000045776367
2004-02-06T00:00:00Z,2.305500030517578,2.317500114440918
2004-02-09T00:00:00Z,2.3375000953674316,2.2929999828338623
2004-02-10T00:00:00Z,2.2925000190734863,2.2795000076293945
2004-02-11T00:00:00Z,2.2929999828338623,2.3570001125335693
2004-02-12T00:00:00Z,2.3464999198913574,2.3529999256134033
2004-02-13T00:00:00Z,2.364500045776367,2.319000005722046
2004-02-17T00:00:00Z,2.306999921798706,2.2764999866485596
2004-02-18T00:00:00Z,2.2679998874664307,2.243499994277954
2004-02-19T00:00:00Z,2.257499933242798,2.2325000762939453
2004-02-20T00:00:00Z,2.240000009536743,2.258500099182129
2004-02-23T00:00:00Z,2.259000062942505,2.198499917984009
2004-02-24T00:00:00Z,2.196000099182129,2.115999937057495
2004-02-25T00:00:00Z,2.125,2.1470000743865967
2004-02-26T00:00:00Z,2.1600000858306885,2.182499885559082
2004-02-27T00:00:00Z,2.178499937057495,2.1505000591278076
2004-03-01T00:00:00Z,2.1510000228881836,2.1484999656677246
2004-03-02T00:00:00Z,2.1364998817443848,2.1005001068115234
2004-03-03T00:00:00Z,2.0929999351501465,2.1584999561309814
2004-03-04T00:00:00Z,2.1559998989105225,2.2195000648498535
2004-03-05T00:00:00Z,2.189500093460083,2.2044999599456787
2004-03-08T00:00:00Z,2.197999954223633,2.174999952316284
2004-03-09T00:00:00Z,2.1710000038146973,2.135499954223633
2004-03-10T00:00:00Z,2.135999917984009,2.077500104904175
2004-03-11T00:00:00Z,2.054500102996826,2.063999891281128
2004-03-12T00:00:00Z,2.067500114440918,2.121999979019165
2004-03-15T00:00:00Z,2.11299991607666,2.053999900817871
2004-03-16T00:00:00Z,2.064500093460083,2.1064999103546143
2004-03-17T00:00:00Z,2.1519999504089355,2.140000104904175
2004-03-18T00:00:00Z,2.126499891281128,2.1505000591278076
2004-03-19T00:00:00Z,2.1514999866485596,2.140000104904175
2004-03-22T00:00:00Z,2.0875000953674316,2.0425000190734863
2004-03-23T00:00:00Z,2.065999984741211,2.0114998817443848
2004-03-24T00:00:00Z,2.015500068664551,1.9815000295639038
2004-03-25T00:00:00Z,2.0,2.0994999408721924
2004-03-26T00:00:00Z,2.1005001068115234,2.0850000381469727
2004-03-29T00:00:00Z,2.0985000133514404,2.138000011444092
2004-03-30T00:00:00Z,2.135499954223633,2.190000057220459
2004-03-31T00:00:00Z,2.192500114440918,2.1640000343322754
2004-04-01T00:00:00Z,2.172499895095825,2.236999988555908
2004-04-02T00:00:00Z,2.299999952316284,2.304500102996826
2004-04-05T00:00:00Z,2.2834999561309814,2.3480000495910645
2004-04-06T00:00:00Z,2.315500020980835,2.322000026702881
2004-04-07T00:00:00Z,2.309999942779541,2.2925000190734863
2004-04-08T00:00:00Z,2.3919999599456787,2.4049999713897705
2004-04-12T00:00:00Z,2.4079999923706055,2.3980000019073486
2004-04-13T00:00:00Z,2.3994998931884766,2.3289999961853027
2004-04-14T00:00:00Z,2.303999900817871,2.3394999504089355
2004-04-15T00:00:00Z,2.3489999771118164,2.3494999408721924
2004-04-16T00:00:00Z,2.3524999618530273,2.2750000953674316
2004-04-19T00:00:00Z,2.2674999237060547,2.3554999828338623
2004-04-20T00:00:00Z,2.382999897003174,2.259999990463257
2004-04-21T00:00:00Z,2.259999990463257,2.2860000133514404
2004-04-22T00:00:00Z,2.297499895095825,2.443000078201294
2004-04-23T00:00:00Z,2.299999952316284,2.314500093460083
2004-04-26T00:00:00Z,2.316499948501587,2.362499952316284
2004-04-27T00:00:00Z,2.379499912261963,2.4000000953674316
2004-04-28T00:00:00Z,2.38100004196167,2.3485000133514404
2004-04-29T00:00:00Z,2.3450000286102295,2.309499979019165
2004-04-30T00:00:00Z,2.302999973297119,2.180000066757202
2004-05-03T00:00:00Z,2.1740000247955322,2.2204999923706055
2004-05-04T00:00:00Z,2.2204999923706055,2.197499990463257
2004-05-05T00:00:00Z,2.1989998817443848,2.2130000591278076
2004-05-06T00:00:00Z,2.179500102996826,2.1570000648498535
2004-05-07T00:00:00Z,2.1480000019073486,2.0950000286102295
2004-05-10T00:00:00Z,2.061500072479248,2.062999963760376
2004-05-11T00:00:00Z,2.0959999561309814,2.134999990463257
2004-05-12T00:00:00Z,2.117000102996826,2.1510000228881836
2004-05-13T00:00:00Z,2.122999906539917,2.180500030517578
2004-05-14T00:00:00Z,2.184999942779541,2.1524999141693115
2004-05-17T00:00:00Z,2.111999988555908,2.1040000915527344
2004-05-18T00:00:00Z,2.109999895095825,2.0994999408721924
2004-05-19T00:00:00Z,2.11899995803833,2.0845000743865967
2004-05-20T00:00:00Z,2.0824999809265137,2.0490000247955322
2004-05-21T00:00:00Z,2.063499927520752,2.058500051498413
2004-05-24T00:00:00Z,2.064500093460083,2.0815000534057617
2004-05-25T00:00:00Z,2.0875000953674316,2.180999994277954
2004-05-26T00:00:00Z,2.193000078201294,2.234499931335449
2004-05-27T00:00:00Z,2.2634999752044678,2.38100004196167
2004-05-28T00:00:00Z,2.3635001182556152,2.424999952316284
2004-06-01T00:00:00Z,2.3935000896453857,2.5114998817443848
2004-06-02T00:00:00Z,2.5244998931884766,2.5174999237060547
2004-06-03T00:00:00Z,2.492500066757202,2.4700000286102295
2004-06-04T00:00:00Z,2.502500057220459,2.547499895095825
2004-06-07T00:00:00Z,2.5845000743865967,2.5880000591278076
2004-06-08T00:00:00Z,2.565000057220459,2.5969998836517334
2004-06-09T00:00:00Z,2.5810000896453857,2.51200008392334
2004-06-10T00:00:00Z,2.5199999809265137,2.496999979019165
2004-06-14T00:00:00Z,2.4670000076293945,2.4625000953674316
2004-06-15T00:00:00Z,2.4855000972747803,2.505500078201294
2004-06-16T00:00:00Z,2.504499912261963,2.5285000801086426
2004-06-17T00:00:00Z,2.5255000591278076,2.4885001182556152
2004-06-18T00:00:00Z,2.4719998836517334,2.4800000190734863
2004-06-21T00:00:00Z,2.4725000858306885,2.4885001182556152
2004-06-22T00:00:00Z,2.4835000038146973,2.450000047683716
2004-06-23T00:00:00Z,2.438499927520752,2.5404999256134033
2004-06-24T00:00:00Z,2.549999952316284,2.5510001182556152
2004-06-25T00:00:00Z,2.552500009536743,2.5899999141693115
2004-06-28T00:00:00Z,2.61899995803833,2.6695001125335693
2004-06-29T00:00:00Z,2.6610000133514404,2.685499906539917
2004-06-30T00:00:00Z,2.680500030517578,2.7200000286102295
2004-07-01T00:00:00Z,2.690000057220459,2.628000020980835
2004-07-02T00:00:00Z,2.63100004196167,2.629499912261963
2004-07-06T00:00:00Z,2.627500057220459,2.562000036239624
2004-07-07T00:00:00Z,2.5394999980926514,2.549999952316284
2004-07-08T00:00:00Z,2.42549991607666,2.4749999046325684
2004-07-09T00:00:00Z,2.493499994277954,2.4159998893737793
2004-07-12T00:00:00Z,2.4110000133514404,2.452500104904175
2004-07-13T00:00:00Z,2.4554998874664307,2.4800000190734863
2004-07-14T00:00:00Z,2.447499990463257,2.4749999046325684
2004-07-15T00:00:00Z,2.4755001068115234,2.433500051498413
2004-07-16T00:00:00Z,2.44950008392334,2.3550000190734863
2004-07-19T00:00:00Z,2.36299991607666,2.3010001182556152
2004-07-20T00:00:00Z,2.306999921798706,2.3494999408721924
2004-07-21T00:00:00Z,2.365999937057495,2.23799991607666
2004-07-22T00:00:00Z,2.185499906539917,2.2909998893737793
2004-07-23T00:00:00Z,2.123500108718872,1.9989999532699585
2004-07-26T00:00:00Z,2.0114998817443848,1.9390000104904175
2004-07-27T00:00:00Z,1.9600000381469727,1.9555000066757202
2004-07-28T00:00:00Z,1.9644999504089355,1.8984999656677246
2004-07-29T00:00:00Z,1.9155000448226929,1.9290000200271606
2004-07-30T00:00:00Z,1.9249999523162842,1.9459999799728394
2004-08-02T00:00:00Z,1.9225000143051147,1.9149999618530273
2004-08-03T00:00:00Z,1.9160000085830688,1.8804999589920044
2004-08-04T00:00:00Z,1.840999960899353,1.8559999465942383
2004-08-05T00:00:00Z,1.8704999685287476,1.780500054359436
2004-08-06T00:00:00Z,1.7625000476837158,1.7745000123977661
2004-08-09T00:00:00Z,1.7669999599456787,1.7660000324249268
2004-08-10T00:00:00Z,1.784500002861023,1.8550000190734863
2004-08-11T00:00:00Z,1.8200000524520874,1.8279999494552612
2004-08-12T00:00:00Z,1.8125,1.8144999742507935
2004-08-13T00:00:00Z,1.8279999494552612,1.80649995803833
2004-08-16T00:00:00Z,1.8070000410079956,1.8975000381469727
2004-08-17T00:00:00Z,1.9285000562667847,1.9114999771118164
2004-08-18T00:00:00Z,1.8960000276565552,1.968000054359436
2004-08-19T00:00:00Z,2.013000011444092,1.93149995803833
2004-08-20T00:00:00Z,1.9229999780654907,1.9754999876022339
2004-08-23T00:00:00Z,1.9945000410079956,1.972499966621399
2004-08-24T00:00:00Z,1.9859999418258667,1.9524999856948853
2004-08-25T00:00:00Z,1.9529999494552612,2.015000104904175
2004-08-26T00:00:00Z,2.009000062942505,2.009500026702881
2004-08-27T00:00:00Z,2.0160000324249268,1.9950000047683716
2004-08-30T00:00:00Z,1.99399995803833,1.9155000448226929
2004-08-31T00:00:00Z,1.9190000295639038,1.906999945640564
2004-09-01T00:00:00Z,1.9114999771118164,1.9119999408721924
2004-09-02T00:00:00Z,1.9019999504089355,1.9589999914169312
2004-09-03T00:00:00Z,1.9505000114440918,1.937000036239624
2004-09-07T00:00:00Z,1.9574999809265137,1.9255000352859497
2004-09-08T00:00:00Z,1.9244999885559082,1.9005000591278076
2004-09-09T00:00:00Z,1.9119999408721924,1.903499960899353
2004-09-10T00:00:00Z,1.906499981880188,1.9285000562667847
2004-09-13T00:00:00Z,1.9565000534057617,2.000499963760376
2004-09-14T00:00:00Z,2.009999990463257,2.133500099182129
2004-09-15T00:00:00Z,2.1024999618530273,2.1105000972747803
2004-09-16T00:00:00Z,2.119499921798706,2.128499984741211
2004-09-17T00:00:00Z,2.1424999237060547,2.1480000019073486
2004-09-20T00:00:00Z,2.135499954223633,2.1635000705718994
2004-09-21T00:00:00Z,2.178499937057495,2.1644999980926514
2004-09-22T00:00:00Z,2.1575000286102295,2.069000005722046
2004-09-23T00:00:00Z,2.066499948501587,2.0915000438690186
2004-09-24T00:00:00Z,2.0905001163482666,2.046999931335449
2004-09-27T00:00:00Z,2.0455000400543213,1.996500015258789
2004-09-28T00:00:00Z,2.007499933242798,1.971500039100647
2004-09-29T00:00:00Z,1.972499966621399,2.0420000553131104
2004-09-30T00:00:00Z,2.0274999141693115,2.0429999828338623
2004-10-01T00:00:00Z,2.064500093460083,2.0234999656677246
2004-10-04T00:00:00Z,2.068000078201294,2.05049991607666
2004-10-05T00:00:00Z,2.0420000553131104,2.0480000972747803
2004-10-06T00:00:00Z,2.0364999771118164,2.068000078201294
2004-10-07T00:00:00Z,2.071000099182129,2.057499885559082
2004-10-08T00:00:00Z,2.046999931335449,2.0
2004-10-11T00:00:00Z,1.9915000200271606,2.007499933242798
2004-10-12T00:00:00Z,1.9774999618530273,2.010999917984009
2004-10-13T00:00:00Z,2.071000099182129,1.9989999532699585
2004-10-14T00:00:00Z,1.972499966621399,1.9550000429153442
2004-10-15T00:00:00Z,1.9644999504089355,1.9275000095367432
2004-10-18T00:00:00Z,1.9114999771118164,1.9635000228881836
2004-10-19T00:00:00Z,1.9869999885559082,1.9164999723434448
2004-10-20T00:00:00Z,1.905500054359436,1.9175000190734863
2004-10-21T00:00:00Z,1.965000033378601,1.9735000133514404
2004-10-22T00:00:00Z,1.8109999895095825,1.7300000190734863
2004-10-25T00:00:00Z,1.7000000476837158,1.6985000371932983
2004-10-26T00:00:00Z,1.7074999809265137,1.691499948501587
2004-10-27T00:00:00Z,1.68149995803833,1.7115000486373901
2004-10-28T00:00:00Z,1.7120000123977661,1.722499966621399
2004-10-29T00:00:00Z,1.718000054359436,1.7065000534057617
2004-11-01T00:00:00Z,1.7109999656677246,1.7549999952316284
2004-11-02T00:00:00Z,1.7745000123977661,1.812000036239624
2004-11-03T00:00:00Z,1.8589999675750732,1.7960000038146973
2004-11-04T00:00:00Z,1.784999966621399,1.8454999923706055
2004-11-05T00:00:00Z,1.8650000095367432,1.8279999494552612
2004-11-08T00:00:00Z,1.837499976158142,1.8660000562667847
2004-11-09T00:00:00Z,1.8589999675750732,1.8700000047683716
2004-11-10T00:00:00Z,1.899999976158142,1.9045000076293945
2004-11-11T00:00:00Z,1.9045000076293945,1.941499948501587
2004-11-12T00:00:00Z,1.9524999856948853,2.0230000019073486
2004-11-15T00:00:00Z,2.0230000019073486,2.0445001125335693
2004-11-16T00:00:00Z,2.0250000953674316,2.003499984741211
2004-11-17T00:00:00Z,2.0199999809265137,1.9950000047683716
2004-11-18T00:00:00Z,1.9865000247955322,2.0185000896453857
2004-11-19T00:00:00Z,1.9574999809265137,1.9275000095367432
2004-11-22T00:00:00Z,1.9220000505447388,1.902500033378601
2004-11-23T00:00:00Z,1.909000039100647,1.9155000448226929
2004-11-24T00:00:00Z,1.94350004196167,1.9375
2004-11-26T00:00:00Z,1.9474999904632568,1.9544999599456787
2004-11-29T00:00:00Z,1.9800000190734863,1.9470000267028809
2004-11-30T00:00:00Z,1.9485000371932983,1.9839999675750732
2004-12-01T00:00:00Z,2.0,1.9989999532699585
2004-12-02T00:00:00Z,1.9819999933242798,2.008500099182129
2004-12-03T00:00:00Z,2.0179998874664307,2.004499912261963
2004-12-06T00:00:00Z,1.9865000247955322,1.9744999408721924
2004-12-07T00:00:00Z,1.972499966621399,1.909999966621399
2004-12-08T00:00:00Z,1.9160000085830688,1.9359999895095825
2004-12-09T00:00:00Z,1.9199999570846558,1.9910000562667847
2004-12-10T00:00:00Z,1.9769999980926514,1.9524999856948853
2004-12-13T00:00:00Z,1.9665000438690186,1.9915000200271606
2004-12-14T00:00:00Z,2.007499933242798,2.0220000743865967
2004-12-15T00:00:00Z,2.0169999599456787,2.049999952316284
2004-12-16T00:00:00Z,2.0429999828338623,2.002500057220459
2004-12-17T00:00:00Z,2.007999897003174,2.000499963760376
2004-12-20T00:00:00Z,1.996500015258789,1.9474999904632568
2004-12-21T00:00:00Z,1.9420000314712524,1.969499945640564
2004-12-22T00:00:00Z,1.9305000305175781,1.9759999513626099
2004-12-23T00:00:00Z,1.9670000076293945,1.9464999437332153
2004-12-27T00:00:00Z,1.9759999513626099,2.112499952316284
2004-12-28T00:00:00Z,2.194999933242798,2.2314999103546143
2004-12-29T00:00:00Z,2.237499952316284,2.240999937057495
2004-12-30T00:00:00Z,2.25,2.248500108718872
2004-12-31T00:00:00Z,2.256500005722046,2.2144999504089355
2005-01-03T00:00:00Z,2.247499942779541,2.2260000705718994
2005-01-04T00:00:00Z,2.133500099182129,2.1070001125335693
2005-01-05T00:00:00Z,2.0785000324249268,2.0885000228881836
2005-01-06T00:00:00Z,2.0905001163482666,2.052500009536743
2005-01-07T00:00:00Z,2.069000005722046,2.115999937057495
2005-01-10T00:00:00Z,2.0969998836517334,2.0920000076293945
2005-01-11T00:00:00Z,2.069999933242798,2.0820000171661377
2005-01-12T00:00:00Z,2.07450008392334,2.115000009536743
2005-01-13T00:00:00Z,2.122499942779541,2.130000114440918
2005-01-14T00:00:00Z,2.1449999809265137,2.2274999618530273
2005-01-18T00:00:00Z,2.2144999504089355,2.2290000915527344
2005-01-19T00:00:00Z,2.2235000133514404,2.197999954223633
2005-01-20T00:00:00Z,2.0855000019073486,2.118000030517578
2005-01-21T00:00:00Z,2.0994999408721924,2.058000087738037
2005-01-24T00:00:00Z,2.072000026702881,2.0190000534057617
2005-01-25T00:00:00Z,2.0320000648498535,2.046999931335449
2005-01-26T00:00:00Z,2.059000015258789,2.066999912261963
2005-01-27T00:00:00Z,2.063499927520752,2.115499973297119
2005-01-28T00:00:00Z,2.1045000553131104,2.1110000610351562
2005-01-31T00:00:00Z,2.121999979019165,2.1610000133514404
2005-02-01T00:00:00Z,2.1500000953674316,2.124000072479248
2005-02-02T00:00:00Z,2.1524999141693115,2.0940001010894775
2005-02-03T00:00:00Z,1.7450000047683716,1.787500023841858
2005-02-04T00:00:00Z,1.7825000286102295,1.7860000133514404
2005-02-07T00:00:00Z,1.7910000085830688,1.784500002861023
2005-02-08T00:00:00Z,1.7769999504089355,1.815000057220459
2005-02-09T00:00:00Z,1.8224999904632568,1.7944999933242798
2005-02-10T00:00:00Z,1.8035000562667847,1.7890000343322754
2005-02-11T00:00:00Z,1.778499960899353,1.7890000343322754
2005-02-14T00:00:00Z,1.7825000286102295,1.8014999628067017
2005-02-15T00:00:00Z,1.8105000257492065,1.8070000410079956
2005-02-16T00:00:00Z,1.7964999675750732,1.7829999923706055
2005-02-17T00:00:00Z,1.7869999408721924,1.784500002861023
2005-02-18T00:00:00Z,1.780500054359436,1.7654999494552612
2005-02-22T00:00:00Z,1.7510000467300415,1.7359999418258667
2005-02-23T00:00:00Z,1.747499942779541,1.7070000171661377
2005-02-24T00:00:00Z,1.6829999685287476,1.7345000505447388
2005-02-25T00:00:00Z,1.7359999418258667,1.749500036239624
2005-02-28T00:00:00Z,1.7359999418258667,1.7589999437332153
2005-03-01T00:00:00Z,1.753000020980835,1.7695000171661377
2005-03-02T00:00:00Z,1.7695000171661377,1.774999976158142
2005-03-03T00:00:00Z,1.774999976158142,1.7825000286102295
2005-03-04T00:00:00Z,1.7920000553131104,1.7925000190734863
2005-03-07T00:00:00Z,1.7970000505447388,1.815999984741211
2005-03-08T00:00:00Z,1.815500020980835,1.7914999723434448
2005-03-09T00:00:00Z,1.7869999408721924,1.7699999809265137
2005-03-10T00:00:00Z,1.7654999494552612,1.7454999685287476
2005-03-11T00:00:00Z,1.7404999732971191,1.7374999523162842
2005-03-14T00:00:00Z,1.7335000038146973,1.7300000190734863
2005-03-15T00:00:00Z,1.7289999723434448,1.7089999914169312
2005-03-16T00:00:00Z,1.694000005722046,1.69350004196167
2005-03-17T00:00:00Z,1.6790000200271606,1.6985000371932983
2005-03-18T00:00:00Z,1.7074999809265137,1.7079999446868896
2005-03-21T00:00:00Z,1.7105000019073486,1.683500051498413
2005-03-22T00:00:00Z,1.684999942779541,1.6575000286102295
2005-03-23T00:00:00Z,1.6545000076293945,1.659000039100647
2005-03-24T00:00:00Z,1.6699999570846558,1.6440000534057617
2005-03-28T00:00:00Z,1.6549999713897705,1.6694999933242798
2005-03-29T00:00:00Z,1.6640000343322754,1.6714999675750732
2005-03-30T00:00:00Z,1.6794999837875366,1.715999960899353
2005-03-31T00:00:00Z,1.7244999408721924,1.7135000228881836
2005-04-01T00:00:00Z,1.7315000295639038,1.7005000114440918
2005-04-04T00:00:00Z,1.7000000476837158,1.75
2005-04-05T00:00:00Z,1.7615000009536743,1.7640000581741333
2005-04-06T00:00:00Z,1.7549999952316284,1.7410000562667847
2005-04-07T00:00:00Z,1.7339999675750732,1.7450000047683716
2005-04-08T00:00:00Z,1.7374999523162842,1.7300000190734863
2005-04-11T00:00:00Z,1.7300000190734863,1.7300000190734863
2005-04-12T00:00:00Z,1.7200000286102295,1.7315000295639038
2005-04-13T00:00:00Z,1.7174999713897705,1.715000033378601
2005-04-14T00:00:00Z,1.7130000591278076,1.6985000371932983
2005-04-15T00:00:00Z,1.6979999542236328,1.6510000228881836
2005-04-18T00:00:00Z,1.6449999809265137,1.649999976158142
2005-04-19T00:00:00Z,1.659000039100647,1.6390000581741333
2005-04-20T00:00:00Z,1.6549999713897705,1.662500023841858
2005-04-21T00:00:00Z,1.6749999523162842,1.6864999532699585
2005-04-22T00:00:00Z,1.6744999885559082,1.6519999504089355
2005-04-25T00:00:00Z,1.656499981880188,1.6764999628067017
2005-04-26T00:00:00Z,1.6714999675750732,1.6354999542236328
2005-04-27T00:00:00Z,1.5420000553131104,1.5859999656677246
2005-04-28T00:00:00Z,1.5829999446868896,1.6260000467300415
2005-04-29T00:00:00Z,1.6430000066757202,1.6180000305175781
2005-05-02T00:00:00Z,1.6150000095367432,1.6549999713897705
2005-05-03T00:00:00Z,1.6469999551773071,1.6605000495910645
2005-05-04T00:00:00Z,1.6675000190734863,1.6979999542236328
2005-05-05T00:00:00Z,1.6979999542236328,1.6979999542236328
2005-05-06T00:00:00Z,1.7120000123977661,1.7259999513626099
2005-05-09T00:00:00Z,1.7200000286102295,1.7319999933242798
2005-05-10T00:00:00Z,1.7200000286102295,1.7115000486373901
2005-05-11T00:00:00Z,1.715000033378601,1.690999984741211
2005-05-12T00:00:00Z,1.684999942779541,1.6924999952316284
2005-05-13T00:00:00Z,1.6994999647140503,1.6950000524520874
2005-05-16T00:00:00Z,1.7015000581741333,1.7269999980926514
2005-05-17T00:00:00Z,1.722499966621399,1.7365000247955322
2005-05-18T00:00:00Z,1.7404999732971191,1.7664999961853027
2005-05-19T00:00:00Z,1.7684999704360962,1.7795000076293945
2005-05-20T00:00:00Z,1.7725000381469727,1.774999976158142
2005-05-23T00:00:00Z,1.778499960899353,1.784000039100647
2005-05-24T00:00:00Z,1.7740000486373901,1.7769999504089355
2005-05-25T00:00:00Z,1.7634999752044678,1.7625000476837158
2005-05-26T00:00:00Z,1.7640000581741333,1.7725000381469727
2005-05-27T00:00:00Z,1.7610000371932983,1.774999976158142
2005-05-31T00:00:00Z,1.7680000066757202,1.7755000591278076
2005-06-01T00:00:00Z,1.778499960899353,1.8250000476837158
2005-06-02T00:00:00Z,1.816499948501587,1.8205000162124634
2005-06-03T00:00:00Z,1.8229999542236328,1.7795000076293945
2005-06-06T00:00:00Z,1.7769999504089355,1.7884999513626099
2005-06-07T00:00:00Z,1.7955000400543213,1.7675000429153442
2005-06-08T00:00:00Z,1.7699999809265137,1.7415000200271606
2005-06-09T00:00:00Z,1.746500015258789,1.7599999904632568
2005-06-10T00:00:00Z,1.7625000476837158,1.747499942779541
2005-06-13T00:00:00Z,1.7335000038146973,1.743499994277954
2005-06-14T00:00:00Z,1.7410000562667847,1.7519999742507935
2005-06-15T00:00:00Z,1.7669999599456787,1.7619999647140503
2005-06-16T00:00:00Z,1.7599999904632568,1.7790000438690186
2005-06-17T00:00:00Z,1.7944999933242798,1.7654999494552612
2005-06-20T00:00:00Z,1.752500057220459,1.784500002861023
2005-06-21T00:00:00Z,1.7799999713897705,1.7690000534057617
2005-06-22T00:00:00Z,1.774999976158142,1.7610000371932983
2005-06-23T00:00:00Z,1.7569999694824219,1.7714999914169312
2005-06-24T00:00:00Z,1.7649999856948853,1.7510000467300415
2005-06-27T00:00:00Z,1.7454999685287476,1.725000023841858
2005-06-28T00:00:00Z,1.7300000190734863,1.6855000257492065
2005-06-29T00:00:00Z,1.684999942779541,1.6675000190734863
2005-06-30T00:00:00Z,1.6734999418258667,1.6545000076293945
2005-07-01T00:00:00Z,1.6619999408721924,1.6454999446868896
2005-07-05T00:00:00Z,1.6749999523162842,1.7039999961853027
2005-07-06T00:00:00Z,1.7005000114440918,1.7029999494552612
2005-07-07T00:00:00Z,1.690000057220459,1.6979999542236328
2005-07-08T00:00:00Z,1.7055000066757202,1.7369999885559082
2005-07-11T00:00:00Z,1.7359999418258667,1.7795000076293945
2005-07-12T00:00:00Z,1.7745000123977661,1.815500020980835
2005-07-13T00:00:00Z,1.8135000467300415,1.8255000114440918
2005-07-14T00:00:00Z,1.8595000505447388,1.8595000505447388
2005-07-15T00:00:00Z,1.8674999475479126,1.8574999570846558
2005-07-18T00:00:00Z,1.847499966621399,1.8595000505447388
2005-07-19T00:00:00Z,1.86899995803833,1.9084999561309814
2005-07-20T00:00:00Z,1.874500036239624,1.9084999561309814
2005-07-21T00:00:00Z,1.9479999542236328,1.8975000381469727
2005-07-22T00:00:00Z,1.8945000171661377,1.8975000381469727
2005-07-25T00:00:00Z,1.899999976158142,1.8975000381469727
2005-07-26T00:00:00Z,1.9110000133514404,1.8869999647140503
2005-07-27T00:00:00Z,2.1005001068115234,2.182499885559082
2005-07-28T00:00:00Z,2.177000045776367,2.2839999198913574
2005-07-29T00:00:00Z,2.265500068664551,2.257499933242798
2005-08-01T00:00:00Z,2.24399995803833,2.246500015258789
2005-08-02T00:00:00Z,2.244999885559082,2.325500011444092
2005-08-03T00:00:00Z,2.30049991607666,2.305500030517578
2005-08-04T00:00:00Z,2.2774999141693115,2.2730000019073486
2005-08-05T00:00:00Z,2.262500047683716,2.2634999752044678
2005-08-08T00:00:00Z,2.2660000324249268,2.2829999923706055
2005-08-09T00:00:00Z,2.2880001068115234,2.2964999675750732
2005-08-10T00:00:00Z,2.2695000171661377,2.23799991607666
2005-08-11T00:00:00Z,2.2309999465942383,2.260499954223633
2005-08-12T00:00:00Z,2.2314999103546143,2.2100000381469727
2005-08-15T00:00:00Z,2.196500062942505,2.252000093460083
2005-08-16T00:00:00Z,2.244999885559082,2.2135000228881836
2005-08-17T00:00:00Z,2.2095000743865967,2.2060000896453857
2005-08-18T00:00:00Z,2.194000005722046,2.186500072479248
2005-08-19T00:00:00Z,2.180000066757202,2.186000108718872
2005-08-22T00:00:00Z,2.180500030517578,2.188499927520752
2005-08-23T00:00:00Z,2.187000036239624,2.1710000038146973
2005-08-24T00:00:00Z,2.1659998893737793,2.118499994277954
2005-08-25T00:00:00Z,2.127000093460083,2.115499973297119
2005-08-26T00:00:00Z,2.115000009536743,2.118499994277954
2005-08-29T00:00:00Z,2.0954999923706055,2.1394999027252197
2005-08-30T00:00:00Z,2.119499921798706,2.124500036239624
2005-08-31T00:00:00Z,2.121999979019165,2.134999990463257
2005-09-01T00:00:00Z,2.125999927520752,2.0920000076293945
2005-09-02T00:00:00Z,2.0999999046325684,2.075500011444092
2005-09-06T00:00:00Z,2.077500104904175,2.180999994277954
2005-09-07T00:00:00Z,2.174999952316284,2.186500072479248
2005-09-08T00:00:00Z,2.172499895095825,2.1480000019073486
2005-09-09T00:00:00Z,2.1494998931884766,2.1475000381469727
2005-09-12T00:00:00Z,2.135999917984009,2.2249999046325684
2005-09-13T00:00:00Z,2.2084999084472656,2.196500062942505
2005-09-14T00:00:00Z,2.194000005722046,2.1549999713897705
2005-09-15T00:00:00Z,2.1600000858306885,2.135499954223633
2005-09-16T00:00:00Z,2.140000104904175,2.140000104904175
2005-09-19T00:00:00Z,2.131500005722046,2.137500047683716
2005-09-20T00:00:00Z,2.132499933242798,2.0934998989105225
2005-09-21T00:00:00Z,2.0924999713897705,2.0625
2005-09-22T00:00:00Z,2.059999942779541,2.1040000915527344
2005-09-23T00:00:00Z,2.0985000133514404,2.109499931335449
2005-09-26T00:00:00Z,2.122499942779541,2.1670000553131104
2005-09-27T00:00:00Z,2.1630001068115234,2.1579999923706055
2005-09-28T00:00:00Z,2.1624999046325684,2.1684999465942383
2005-09-29T00:00:00Z,2.1689999103546143,2.239500045776367
2005-09-30T00:00:00Z,2.2325000762939453,2.265000104904175
2005-10-03T00:00:00Z,2.2664999961853027,2.30049991607666
2005-10-04T00:00:00Z,2.299999952316284,2.246500015258789
2005-10-05T00:00:00Z,2.245500087738037,2.2244999408721924
2005-10-06T00:00:00Z,2.2279999256134033,2.200500011444092
2005-10-07T00:00:00Z,2.2135000228881836,2.186000108718872
2005-10-10T00:00:00Z,2.190999984741211,2.187999963760376
2005-10-11T00:00:00Z,2.196000099182129,2.1700000762939453
2005-10-12T00:00:00Z,2.1454999446868896,2.127500057220459
2005-10-13T00:00:00Z,2.121500015258789,2.13100004196167
2005-10-14T00:00:00Z,2.1500000953674316,2.189500093460083
2005-10-17T00:00:00Z,2.18149995803833,2.250999927520752
2005-10-18T00:00:00Z,2.246000051498413,2.2325000762939453
2005-10-19T00:00:00Z,2.2269999980926514,2.2929999828338623
2005-10-20T00:00:00Z,2.2950000762939453,2.250499963760376
2005-10-21T00:00:00Z,2.2834999561309814,2.297499895095825
2005-10-24T00:00:00Z,2.305999994277954,2.3464999198913574
2005-10-25T00:00:00Z,2.3440001010894775,2.308500051498413
2005-10-26T00:00:00Z,2.049999952316284,1.9874999523162842
2005-10-27T00:00:00Z,1.9819999933242798,1.9529999494552612
2005-10-28T00:00:00Z,1.9774999618530273,1.9474999904632568
2005-10-31T00:00:00Z,1.9674999713897705,1.9930000305175781
2005-11-01T00:00:00Z,1.9984999895095825,2.0185000896453857
2005-11-02T00:00:00Z,2.0144999027252197,2.0374999046325684
2005-11-03T00:00:00Z,2.0445001125335693,2.078000068664551
2005-11-04T00:00:00Z,2.07450008392334,2.054500102996826
2005-11-07T00:00:00Z,2.053999900817871,2.069499969482422
2005-11-08T00:00:00Z,2.066499948501587,2.0975000858306885
2005-11-09T00:00:00Z,2.0894999504089355,2.069999933242798
2005-11-10T00:00:00Z,2.073499917984009,2.1089999675750732
2005-11-11T00:00:00Z,2.118499994277954,2.134000062942505
2005-11-14T00:00:00Z,2.125999927520752,2.126499891281128
2005-11-15T00:00:00Z,2.2730000019073486,2.2225000858306885
2005-11-16T00:00:00Z,2.2135000228881836,2.265000104904175
2005-11-17T00:00:00Z,2.2715001106262207,2.3369998931884766
2005-11-18T00:00:00Z,2.3450000286102295,2.3989999294281006
2005-11-21T00:00:00Z,2.378499984741211,2.3994998931884766
2005-11-22T00:00:00Z,2.375,2.442500114440918
2005-11-23T00:00:00Z,2.438499927520752,2.4119999408721924
2005-11-25T00:00:00Z,2.4024999141693115,2.4030001163482666
2005-11-28T00:00:00Z,2.4075000286102295,2.4175000190734863
2005-11-29T00:00:00Z,2.4154999256134033,2.427500009536743
2005-11-30T00:00:00Z,2.4240000247955322,2.4230000972747803
2005-12-01T00:00:00Z,2.444000005722046,2.450000047683716
2005-12-02T00:00:00Z,2.446000099182129,2.453000068664551
2005-12-05T00:00:00Z,2.443000078201294,2.441499948501587
2005-12-06T00:00:00Z,2.453000068664551,2.4630000591278076
2005-12-07T00:00:00Z,2.4655001163482666,2.441499948501587
2005-12-08T00:00:00Z,2.441499948501587,2.4175000190734863
2005-12-09T00:00:00Z,2.432499885559082,2.437000036239624
2005-12-12T00:00:00Z,2.4574999809265137,2.4535000324249268
2005-12-13T00:00:00Z,2.427000045776367,2.4749999046325684
2005-12-14T00:00:00Z,2.4600000381469727,2.4704999923706055
2005-12-15T00:00:00Z,2.4749999046325684,2.4739999771118164
2005-12-16T00:00:00Z,2.4700000286102295,2.4605000019073486
2005-12-19T00:00:00Z,2.44950008392334,2.4184999465942383
2005-12-20T00:00:00Z,2.4230000972747803,2.4070000648498535
2005-12-21T00:00:00Z,2.4144999980926514,2.448499917984009
2005-12-22T00:00:00Z,2.444999933242798,2.4609999656677246
2005-12-23T00:00:00Z,2.4544999599456787,2.4609999656677246
2005-12-27T00:00:00Z,2.444999933242798,2.427999973297119
2005-12-28T00:00:00Z,2.424499988555908,2.4030001163482666
2005-12-29T00:00:00Z,2.4065001010894775,2.3994998931884766
2005-12-30T00:00:00Z,2.3864998817443848,2.3575000762939453
2006-01-03T00:00:00Z,2.373500108718872,2.378999948501587
2006-01-04T00:00:00Z,2.374500036239624,2.362499952316284
2006-01-05T00:00:00Z,2.3580000400543213,2.382499933242798
2006-01-06T00:00:00Z,2.3984999656677246,2.3935000896453857
2006-01-09T00:00:00Z,2.327500104904175,2.3540000915527344
2006-01-10T00:00:00Z,2.320499897003174,2.2825000286102295
2006-01-11T00:00:00Z,2.2825000286102295,2.246500015258789
2006-01-12T00:00:00Z,2.239500045776367,2.2179999351501465
2006-01-13T00:00:00Z,2.2235000133514404,2.2200000286102295
2006-01-17T00:00:00Z,2.197499990463257,2.200000047683716
2006-01-18T00:00:00Z,2.1594998836517334,2.2160000801086426
2006-01-19T00:00:00Z,2.2244999408721924,2.2225000858306885
2006-01-20T00:00:00Z,2.2114999294281006,2.196000099182129
2006-01-23T00:00:00Z,2.2090001106262207,2.186500072479248
2006-01-24T00:00:00Z,2.183000087738037,2.2009999752044678
2006-01-25T00:00:00Z,2.202500104904175,2.180000066757202
2006-01-26T00:00:00Z,2.197499990463257,2.2339999675750732
2006-01-27T00:00:00Z,2.2274999618530273,2.260999917984009
2006-01-30T00:00:00Z,2.2704999446868896,2.247999906539917
2006-01-31T00:00:00Z,2.23799991607666,2.240999937057495
2006-02-01T00:00:00Z,2.196000099182129,2.1989998817443848
2006-02-02T00:00:00Z,2.191999912261963,2.13700008392334
2006-02-03T00:00:00Z,1.8849999904632568,1.9164999723434448
2006-02-06T00:00:00Z,1.9170000553131104,1.8975000381469727
2006-02-07T00:00:00Z,1.9045000076293945,1.8760000467300415
2006-02-08T00:00:00Z,1.8849999904632568,1.9084999561309814
2006-02-09T00:00:00Z,1.9305000305175781,1.8995000123977661
2006-02-10T00:00:00Z,1.8990000486373901,1.9259999990463257
2006-02-13T00:00:00Z,1.912500023841858,1.8930000066757202
2006-02-14T00:00:00Z,1.9019999504089355,1.912500023841858
2006-02-15T00:00:00Z,1.9119999408721924,1.9630000591278076
2006-02-16T00:00:00Z,1.968500018119812,1.9574999809265137
2006-02-17T00:00:00Z,1.9464999437332153,1.9594999551773071
2006-02-21T00:00:00Z,1.9505000114440918,1.9144999980926514
2006-02-22T00:00:00Z,1.9155000448226929,1.9359999895095825
2006-02-23T00:00:00Z,1.930999994277954,1.8949999809265137
2006-02-24T00:00:00Z,1.912500023841858,1.9175000190734863
2006-02-27T00:00:00Z,1.9199999570846558,1.9005000591278076
2006-02-28T00:00:00Z,1.8895000219345093,1.871999979019165
2006-03-01T00:00:00Z,1.872499942779541,1.8559999465942383
2006-03-02T00:00:00Z,1.781999945640564,1.843999981880188
2006-03-03T00:00:00Z,1.844499945640564,1.8604999780654907
2006-03-06T00:00:00Z,1.8660000562667847,1.843000054359436
2006-03-07T00:00:00Z,1.8355000019073486,1.846500039100647
2006-03-08T00:00:00Z,1.8359999656677246,1.840499997138977
2006-03-09T00:00:00Z,1.840000033378601,1.805999994277954
2006-03-10T00:00:00Z,1.812000036239624,1.8109999895095825
2006-03-13T00:00:00Z,1.815500020980835,1.809499979019165
2006-03-14T00:00:00Z,1.8020000457763672,1.8454999923706055
2006-03-15T00:00:00Z,1.847499966621399,1.844499945640564
2006-03-16T00:00:00Z,1.8539999723434448,1.8385000228881836
2006-03-17T00:00:00Z,1.843999981880188,1.7994999885559082
2006-03-20T00:00:00Z,1.7960000038146973,1.8114999532699585
2006-03-21T00:00:00Z,1.7960000038146973,1.7960000038146973
2006-03-22T00:00:00Z,1.7999999523162842,1.7999999523162842
2006-03-23T00:00:00Z,1.7979999780654907,1.784000039100647
2006-03-24T00:00:00Z,1.7860000133514404,1.7734999656677246
2006-03-27T00:00:00Z,1.774999976158142,1.7625000476837158
2006-03-28T00:00:00Z,1.7604999542236328,1.784500002861023
2006-03-29T00:00:00Z,1.784500002861023,1.815999984741211
2006-03-30T00:00:00Z,1.8224999904632568,1.8335000276565552
2006-03-31T00:00:00Z,1.8339999914169312,1.8265000581741333
2006-04-03T00:00:00Z,1.8335000276565552,1.8070000410079956
2006-04-04T00:00:00Z,1.8070000410079956,1.8385000228881836
2006-04-05T00:00:00Z,1.8329999446868896,1.8669999837875366
2006-04-06T00:00:00Z,1.8600000143051147,1.9255000352859497
2006-04-07T00:00:00Z,1.9275000095367432,1.8545000553131104
2006-04-10T00:00:00Z,1.8574999570846558,1.8305000066757202
2006-04-11T00:00:00Z,1.8305000066757202,1.8029999732971191
2006-04-12T00:00:00Z,1.7955000400543213,1.80649995803833
2006-04-13T00:00:00Z,1.7975000143051147,1.8309999704360962
2006-04-17T00:00:00Z,1.8235000371932983,1.7634999752044678
2006-04-18T00:00:00Z,1.7695000171661377,1.8140000104904175
2006-04-19T00:00:00Z,1.805999994277954,1.844499945640564
2006-04-20T00:00:00Z,1.8350000381469727,1.8170000314712524
2006-04-21T00:00:00Z,1.8309999704360962,1.8014999628067017
2006-04-24T00:00:00Z,1.805999994277954,1.7894999980926514
2006-04-25T00:00:00Z,1.7795000076293945,1.777500033378601
2006-04-26T00:00:00Z,1.7669999599456787,1.7894999980926514
2006-04-27T00:00:00Z,1.7755000591278076,1.7869999408721924
2006-04-28T00:00:00Z,1.7884999513626099,1.7604999542236328
2006-05-01T00:00:00Z,1.7595000267028809,1.7295000553131104
2006-05-02T00:00:00Z,1.7319999933242798,1.718999981880188
2006-05-03T00:00:00Z,1.7144999504089355,1.6979999542236328
2006-05-04T00:00:00Z,1.7309999465942383,1.7235000133514404
2006-05-05T00:00:00Z,1.7324999570846558,1.7519999742507935
2006-05-08T00:00:00Z,1.749500036239624,1.7345000505447388
2006-05-09T00:00:00Z,1.7209999561309814,1.7419999837875366
2006-05-10T00:00:00Z,1.7339999675750732,1.7079999446868896
2006-05-11T00:00:00Z,1.7059999704360962,1.6764999628067017
2006-05-12T00:00:00Z,1.6779999732971191,1.6365000009536743
2006-05-15T00:00:00Z,1.627500057220459,1.6390000581741333
2006-05-16T00:00:00Z,1.6419999599456787,1.6380000114440918
2006-05-17T00:00:00Z,1.622499942779541,1.5805000066757202
2006-05-18T00:00:00Z,1.5855000019073486,1.6304999589920044
2006-05-19T00:00:00Z,1.6330000162124634,1.6970000267028809
2006-05-22T00:00:00Z,1.6979999542236328,1.7415000200271606
2006-05-23T00:00:00Z,1.75,1.687999963760376
2006-05-24T00:00:00Z,1.6705000400543213,1.7595000267028809
2006-05-25T00:00:00Z,1.7680000066757202,1.781499981880188
2006-05-26T00:00:00Z,1.7829999923706055,1.8035000562667847
2006-05-30T00:00:00Z,1.7864999771118164,1.7319999933242798
2006-05-31T00:00:00Z,1.7369999885559082,1.7304999828338623
2006-06-01T00:00:00Z,1.7315000295639038,1.753499984741211
2006-06-02T00:00:00Z,1.7595000267028809,1.7380000352859497
2006-06-05T00:00:00Z,1.7230000495910645,1.6744999885559082
2006-06-06T00:00:00Z,1.6790000200271606,1.6705000400543213
2006-06-07T00:00:00Z,1.6699999570846558,1.6885000467300415
2006-06-08T00:00:00Z,1.6775000095367432,1.6775000095367432
2006-06-09T00:00:00Z,1.6749999523162842,1.6890000104904175
2006-06-12T00:00:00Z,1.7000000476837158,1.6799999475479126
2006-06-13T00:00:00Z,1.6744999885559082,1.6734999418258667
2006-06-14T00:00:00Z,1.6749999523162842,1.684000015258789
2006-06-15T00:00:00Z,1.6920000314712524,1.7480000257492065
2006-06-16T00:00:00Z,1.74399995803833,1.7545000314712524
2006-06-19T00:00:00Z,1.7599999904632568,1.753499984741211
2006-06-20T00:00:00Z,1.750499963760376,1.7740000486373901
2006-06-21T00:00:00Z,1.7669999599456787,1.8324999809265137
2006-06-22T00:00:00Z,1.8274999856948853,1.81850004196167
2006-06-23T00:00:00Z,1.8229999542236328,1.8274999856948853
2006-06-26T00:00:00Z,1.8274999856948853,1.8385000228881836
2006-06-27T00:00:00Z,1.8359999656677246,1.8240000009536743
2006-06-28T00:00:00Z,1.8350000381469727,1.8350000381469727
2006-06-29T00:00:00Z,1.840999960899353,1.9259999990463257
2006-06-30T00:00:00Z,1.9290000200271606,1.934000015258789
2006-07-03T00:00:00Z,1.9259999990463257,1.9305000305175781
2006-07-05T00:00:00Z,1.9140000343322754,1.8554999828338623
2006-07-06T00:00:00Z,1.8535000085830688,1.840000033378601
2006-07-07T00:00:00Z,1.8355000019073486,1.8055000305175781
2006-07-10T00:00:00Z,1.815000057220459,1.7894999980926514
2006-07-11T00:00:00Z,1.7869999408721924,1.7829999923706055
2006-07-12T00:00:00Z,1.7799999713897705,1.7315000295639038
2006-07-13T00:00:00Z,1.7165000438690186,1.6864999532699585
2006-07-14T00:00:00Z,1.6755000352859497,1.6460000276565552
2006-07-17T00:00:00Z,1.6395000219345093,1.683500051498413
2006-07-18T00:00:00Z,1.6825000047683716,1.6744999885559082
2006-07-19T00:00:00Z,1.6749999523162842,1.7239999771118164
2006-07-20T00:00:00Z,1.719499945640564,1.7089999914169312
2006-07-21T00:00:00Z,1.6924999952316284,1.659500002861023
2006-07-24T00:00:00Z,1.6675000190734863,1.715499997138977
2006-07-25T00:00:00Z,1.7000000476837158,1.6794999837875366
2006-07-26T00:00:00Z,1.437999963760376,1.312999963760376
2006-07-27T00:00:00Z,1.3224999904632568,1.3279999494552612
2006-07-28T00:00:00Z,1.340000033378601,1.3585000038146973
2006-07-31T00:00:00Z,1.3509999513626099,1.344499945640564
2006-08-01T00:00:00Z,1.3274999856948853,1.315999984741211
2006-08-02T00:00:00Z,1.3075000047683716,1.3044999837875366
2006-08-03T00:00:00Z,1.3044999837875366,1.3344999551773071
2006-08-04T00:00:00Z,1.347000002861023,1.3645000457763672
2006-08-07T00:00:00Z,1.3595000505447388,1.3389999866485596
2006-08-08T00:00:00Z,1.340000033378601,1.3179999589920044
2006-08-09T00:00:00Z,1.3270000219345093,1.3105000257492065
2006-08-10T00:00:00Z,1.309999942779541,1.3244999647140503
2006-08-11T00:00:00Z,1.3214999437332153,1.3035000562667847
2006-08-14T00:00:00Z,1.3109999895095825,1.3265000581741333
2006-08-15T00:00:00Z,1.3485000133514404,1.3884999752044678
2006-08-16T00:00:00Z,1.3984999656677246,1.3975000381469727
2006-08-17T00:00:00Z,1.3980000019073486,1.4544999599456787
2006-08-18T00:00:00Z,1.4544999599456787,1.4559999704360962
2006-08-21T00:00:00Z,1.434999942779541,1.406499981880188
2006-08-22T00:00:00Z,1.406999945640564,1.4184999465942383
2006-08-23T00:00:00Z,1.4279999732971191,1.406999945640564
2006-08-24T00:00:00Z,1.4119999408721924,1.3984999656677246
2006-08-25T00:00:00Z,1.3895000219345093,1.4014999866485596
2006-08-28T00:00:00Z,1.4199999570846558,1.4455000162124634
2006-08-29T00:00:00Z,1.4485000371932983,1.4759999513626099
2006-08-30T00:00:00Z,1.4785000085830688,1.5334999561309814
2006-08-31T00:00:00Z,1.537500023841858,1.5414999723434448
2006-09-01T00:00:00Z,1.5425000190734863,1.5880000591278076
2006-09-05T00:00:00Z,1.5805000066757202,1.6115000247955322
2006-09-06T00:00:00Z,1.5880000591278076,1.5399999618530273
2006-09-07T00:00:00Z,1.528499960899353,1.4865000247955322
2006-09-08T00:00:00Z,1.5095000267028809,1.5255000591278076
2006-09-11T00:00:00Z,1.5115000009536743,1.5394999980926514
2006-09-12T00:00:00Z,1.5434999465942383,1.5859999656677246
2006-09-13T00:00:00Z,1.5865000486373901,1.5835000276565552
2006-09-14T00:00:00Z,1.5770000219345093,1.5824999809265137
2006-09-15T00:00:00Z,1.5950000286102295,1.6260000467300415
2006-09-18T00:00:00Z,1.622499942779541,1.6039999723434448
2006-09-19T00:00:00Z,1.6119999885559082,1.5789999961853027
2006-09-20T00:00:00Z,1.590499997138977,1.6059999465942383
2006-09-21T00:00:00Z,1.6119999885559082,1.5110000371932983
2006-09-22T00:00:00Z,1.5110000371932983,1.5420000553131104
2006-09-25T00:00:00Z,1.5525000095367432,1.5894999504089355
2006-09-26T00:00:00Z,1.594499945640564,1.625
2006-09-27T00:00:00Z,1.6139999628067017,1.6165000200271606
2006-09-28T00:00:00Z,1.6134999990463257,1.5920000076293945
2006-09-29T00:00:00Z,1.6004999876022339,1.6059999465942383
2006-10-02T00:00:00Z,1.5989999771118164,1.5434999465942383
2006-10-03T00:00:00Z,1.5449999570846558,1.5850000381469727
2006-10-04T00:00:00Z,1.587499976158142,1.6380000114440918
2006-10-05T00:00:00Z,1.6339999437332153,1.6660000085830688
2006-10-06T00:00:00Z,1.6575000286102295,1.6295000314712524
2006-10-09T00:00:00Z,1.624500036239624,1.6690000295639038
2006-10-10T00:00:00Z,1.6634999513626099,1.63100004196167
2006-10-11T00:00:00Z,1.6304999589920044,1.6454999446868896
2006-10-12T00:00:00Z,1.6549999713897705,1.6775000095367432
2006-10-13T00:00:00Z,1.6675000190734863,1.6660000085830688
2006-10-16T00:00:00Z,1.6425000429153442,1.6299999952316284
2006-10-17T00:00:00Z,1.6100000143051147,1.6234999895095825
2006-10-18T00:00:00Z,1.628499984741211,1.6154999732971191
2006-10-19T00:00:00Z,1.6085000038146973,1.6269999742507935
2006-10-20T00:00:00Z,1.6345000267028809,1.628499984741211
2006-10-23T00:00:00Z,1.6234999895095825,1.6440000534057617
2006-10-24T00:00:00Z,1.6434999704360962,1.68149995803833
2006-10-25T00:00:00Z,1.8650000095367432,1.8839999437332153
2006-10-26T00:00:00Z,1.8624999523162842,1.9149999618530273
2006-10-27T00:00:00Z,1.9075000286102295,1.9119999408721924
2006-10-30T00:00:00Z,1.902500033378601,1.9075000286102295
2006-10-31T00:00:00Z,1.9110000133514404,1.9045000076293945
2006-11-01T00:00:00Z,1.906499981880188,1.878000020980835
2006-11-02T00:00:00Z,1.8665000200271606,1.872499942779541
2006-11-03T00:00:00Z,1.8804999589920044,1.8730000257492065
2006-11-06T00:00:00Z,1.8819999694824219,1.9105000495910645
2006-11-07T00:00:00Z,1.909999966621399,1.9385000467300415
2006-11-08T00:00:00Z,1.9290000200271606,1.9735000133514404
2006-11-09T00:00:00Z,1.975000023841858,1.9420000314712524
2006-11-10T00:00:00Z,1.9394999742507935,1.9630000591278076
2006-11-13T00:00:00Z,1.9615000486373901,1.999500036239624
2006-11-14T00:00:00Z,2.005500078201294,2.075500011444092
2006-11-15T00:00:00Z,2.075000047683716,2.130000114440918
2006-11-16T00:00:00Z,2.122499942779541,2.1419999599456787
2006-11-17T00:00:00Z,2.127500057220459,2.127500057220459
2006-11-20T00:00:00Z,2.117500066757202,2.121999979019165
2006-11-21T00:00:00Z,2.127500057220459,2.127000093460083
2006-11-22T00:00:00Z,2.125,2.1480000019073486
2006-11-24T00:00:00Z,2.128000020980835,2.120500087738037
2006-11-27T00:00:00Z,2.1089999675750732,2.0425000190734863
2006-11-28T00:00:00Z,2.0374999046325684,2.0460000038146973
2006-11-29T00:00:00Z,2.0239999294281006,2.0315001010894775
2006-11-30T00:00:00Z,2.0209999084472656,2.0169999599456787
2006-12-01T00:00:00Z,2.013000011444092,1.9704999923706055
2006-12-04T00:00:00Z,1.965499997138977,1.9550000429153442
2006-12-05T00:00:00Z,1.9565000534057617,1.9490000009536743
2006-12-06T00:00:00Z,1.9385000467300415,1.9450000524520874
2006-12-07T00:00:00Z,1.9464999437332153,1.906000018119812
2006-12-08T00:00:00Z,1.8960000276565552,1.9229999780654907
2006-12-11T00:00:00Z,1.9110000133514404,1.934499979019165
2006-12-12T00:00:00Z,1.9220000505447388,1.9229999780654907
2006-12-13T00:00:00Z,1.9305000305175781,1.9249999523162842
2006-12-14T00:00:00Z,1.937000036239624,1.9509999752044678
2006-12-15T00:00:00Z,1.968999981880188,2.000499963760376
2006-12-18T00:00:00Z,2.009999990463257,1.9630000591278076
2006-12-19T00:00:00Z,1.9390000104904175,1.9709999561309814
2006-12-20T00:00:00Z,1.971500039100647,2.000499963760376
2006-12-21T00:00:00Z,1.993499994277954,1.9945000410079956
2006-12-22T00:00:00Z,1.9989999532699585,2.01200008392334
2006-12-26T00:00:00Z,2.006500005722046,1.9900000095367432
2006-12-27T00:00:00Z,1.9930000305175781,2.0144999027252197
2006-12-28T00:00:00Z,2.0190000534057617,2.010499954223633
2006-12-29T00:00:00Z,2.003000020980835,1.9730000495910645
2007-01-03T00:00:00Z,1.934000015258789,1.934999942779541
2007-01-04T00:00:00Z,1.9294999837875366,1.9450000524520874
2007-01-05T00:00:00Z,1.9359999895095825,1.9184999465942383
2007-01-08T00:00:00Z,1.9110000133514404,1.875
2007-01-09T00:00:00Z,1.8799999952316284,1.8890000581741333
2007-01-10T00:00:00Z,1.874500036239624,1.8574999570846558
2007-01-11T00:00:00Z,1.8585000038146973,1.8700000047683716
2007-01-12T00:00:00Z,1.8680000305175781,1.909999966621399
2007-01-16T00:00:00Z,1.9199999570846558,1.9329999685287476
2007-01-17T00:00:00Z,1.934999942779541,1.8940000534057617
2007-01-18T00:00:00Z,1.875,1.8489999771118164
2007-01-19T00:00:00Z,1.8344999551773071,1.8509999513626099
2007-01-22T00:00:00Z,1.8825000524520874,1.847499966621399
2007-01-23T00:00:00Z,1.8450000286102295,1.8214999437332153
2007-01-24T00:00:00Z,1.8255000114440918,1.8630000352859497
2007-01-25T00:00:00Z,1.9040000438690186,1.8539999723434448
2007-01-26T00:00:00Z,1.8630000352859497,1.8424999713897705
2007-01-29T00:00:00Z,1.8350000381469727,1.871500015258789
2007-01-30T00:00:00Z,1.8645000457763672,1.8524999618530273
2007-01-31T00:00:00Z,1.847499966621399,1.8834999799728394
2007-02-01T00:00:00Z,1.8975000381469727,1.934999942779541
2007-02-02T00:00:00Z,1.8615000247955322,1.8695000410079956
2007-02-05T00:00:00Z,1.8624999523162842,1.8580000400543213
2007-02-06T00:00:00Z,1.8600000143051147,1.9134999513626099
2007-02-07T00:00:00Z,1.9244999885559082,1.9490000009536743
2007-02-08T00:00:00Z,1.9474999904632568,1.9550000429153442
2007-02-09T00:00:00Z,1.9594999551773071,1.9359999895095825
2007-02-12T00:00:00Z,1.9394999742507935,1.9424999952316284
2007-02-13T00:00:00Z,1.9424999952316284,1.965499997138977
2007-02-14T00:00:00Z,1.9615000486373901,2.006999969482422
2007-02-15T00:00:00Z,2.006999969482422,2.003000020980835
2007-02-16T00:00:00Z,1.9950000047683716,2.0164999961853027
2007-02-20T00:00:00Z,2.006500005722046,2.075500011444092
2007-02-21T00:00:00Z,2.059499979019165,2.062999963760376
2007-02-22T00:00:00Z,2.069999933242798,2.049999952316284
2007-02-23T00:00:00Z,2.049999952316284,2.0390000343322754
2007-02-26T00:00:00Z,2.0429999828338623,2.0439999103546143
2007-02-27T00:00:00Z,2.009500026702881,1.941499948501587
2007-02-28T00:00:00Z,1.9455000162124634,1.9570000171661377
2007-03-01T00:00:00Z,1.965999960899353,1.9424999952316284
2007-03-02T00:00:00Z,1.9160000085830688,1.8845000267028809
2007-03-05T00:00:00Z,1.8574999570846558,1.8524999618530273
2007-03-06T00:00:00Z,1.8845000267028809,1.9290000200271606
2007-03-07T00:00:00Z,1.934000015258789,1.9179999828338623
2007-03-08T00:00:00Z,1.9385000467300415,1.9049999713897705
2007-03-09T00:00:00Z,1.9240000247955322,1.9420000314712524
2007-03-12T00:00:00Z,1.9320000410079956,1.940500020980835
2007-03-13T00:00:00Z,1.9149999618530273,1.8910000324249268
2007-03-14T00:00:00Z,1.8880000114440918,1.9040000438690186
2007-03-15T00:00:00Z,1.9049999713897705,1.8890000581741333
2007-03-16T00:00:00Z,1.8860000371932983,1.8925000429153442
2007-03-19T00:00:00Z,1.899999976158142,1.9225000143051147
2007-03-20T00:00:00Z,1.9264999628067017,1.9290000200271606
2007-03-21T00:00:00Z,1.9275000095367432,1.9900000095367432
2007-03-22T00:00:00Z,1.9739999771118164,1.9744999408721924
2007-03-23T00:00:00Z,1.9780000448226929,1.9490000009536743
2007-03-26T00:00:00Z,1.9490000009536743,1.9505000114440918
2007-03-27T00:00:00Z,1.940999984741211,1.968500018119812
2007-03-28T00:00:00Z,1.9544999599456787,1.9670000076293945
2007-03-29T00:00:00Z,1.9824999570846558,1.9904999732971191
2007-03-30T00:00:00Z,1.9874999523162842,1.9895000457763672
2007-04-02T00:00:00Z,1.9924999475479126,2.0209999084472656
2007-04-03T00:00:00Z,2.0209999084472656,2.059499979019165
2007-04-04T00:00:00Z,2.061000108718872,2.0764999389648438
2007-04-05T00:00:00Z,2.0785000324249268,2.0840001106262207
2007-04-09T00:00:00Z,2.0859999656677246,2.0829999446868896
2007-04-10T00:00:00Z,2.0785000324249268,2.0929999351501465
2007-04-11T00:00:00Z,2.0864999294281006,2.0840001106262207
2007-04-12T00:00:00Z,2.0864999294281006,2.1135001182556152
2007-04-13T00:00:00Z,2.109499931335449,2.120500087738037
2007-04-16T00:00:00Z,2.188499927520752,2.259999990463257
2007-04-17T00:00:00Z,2.2639999389648438,2.253499984741211
2007-04-18T00:00:00Z,2.240000009536743,2.249500036239624
2007-04-19T00:00:00Z,2.2304999828338623,2.2320001125335693
2007-04-20T00:00:00Z,2.254499912261963,2.247499942779541
2007-04-23T00:00:00Z,2.2135000228881836,2.2385001182556152
2007-04-24T00:00:00Z,2.237499952316284,2.237499952316284
2007-04-25T00:00:00Z,2.6559998989105225,2.8405001163482666
2007-04-26T00:00:00Z,2.825000047683716,3.1389999389648438
2007-04-27T00:00:00Z,3.062000036239624,3.130000114440918
2007-04-30T00:00:00Z,3.0954999923706055,3.066499948501587
2007-05-01T00:00:00Z,3.055999994277954,3.1019999980926514
2007-05-02T00:00:00Z,3.0840001106262207,3.059000015258789
2007-05-03T00:00:00Z,3.053999900817871,3.109499931335449
2007-05-04T00:00:00Z,3.119499921798706,3.1614999771118164
2007-05-07T00:00:00Z,3.121500015258789,3.0409998893737793
2007-05-08T00:00:00Z,3.0269999504089355,3.0915000438690186
2007-05-09T00:00:00Z,3.0999999046325684,3.1424999237060547
2007-05-10T00:00:00Z,3.121999979019165,3.0460000038146973
2007-05-11T00:00:00Z,3.0480000972747803,3.078000068664551
2007-05-14T00:00:00Z,3.0840001106262207,3.0850000381469727
2007-05-15T00:00:00Z,3.069999933242798,3.0290000438690186
2007-05-16T00:00:00Z,3.0510001182556152,3.1610000133514404
2007-05-17T00:00:00Z,3.1440000534057617,3.1085000038146973
2007-05-18T00:00:00Z,3.124000072479248,3.1649999618530273
2007-05-21T00:00:00Z,3.178999900817871,3.4149999618530273
2007-05-22T00:00:00Z,3.4240000247955322,3.444000005722046
2007-05-23T00:00:00Z,3.4605000019073486,3.450000047683716
2007-05-24T00:00:00Z,3.4519999027252197,3.4674999713897705
2007-05-25T00:00:00Z,3.484499931335449,3.427500009536743
2007-05-29T00:00:00Z,3.4214999675750732,3.4814999103546143
2007-05-30T00:00:00Z,3.453000068664551,3.493000030517578
2007-05-31T00:00:00Z,3.5339999198913574,3.4570000171661377
2007-06-01T00:00:00Z,3.444999933242798,3.428999900817871
2007-06-04T00:00:00Z,3.4124999046325684,3.5209999084472656
2007-06-05T00:00:00Z,3.555000066757202,3.682499885559082
2007-06-06T00:00:00Z,3.6570000648498535,3.614500045776367
2007-06-07T00:00:00Z,3.628499984741211,3.6019999980926514
2007-06-08T00:00:00Z,3.623500108718872,3.6619999408721924
2007-06-11T00:00:00Z,3.6500000953674316,3.558500051498413
2007-06-12T00:00:00Z,3.5220000743865967,3.503499984741211
2007-06-13T00:00:00Z,3.5450000762939453,3.5445001125335693
2007-06-14T00:00:00Z,3.5450000762939453,3.5969998836517334
2007-06-15T00:00:00Z,3.6424999237060547,3.619999885559082
2007-06-18T00:00:00Z,3.617000102996826,3.5915000438690186
2007-06-19T00:00:00Z,3.577500104904175,3.490499973297119
2007-06-20T00:00:00Z,3.512500047683716,3.4549999237060547
2007-06-21T00:00:00Z,3.4579999446868896,3.4835000038146973
2007-06-22T00:00:00Z,3.4774999618530273,3.443000078201294
2007-06-25T00:00:00Z,3.4674999713897705,3.433000087738037
2007-06-26T00:00:00Z,3.426500082015991,3.374000072479248
2007-06-27T00:00:00Z,3.3480000495910645,3.4070000648498535
2007-06-28T00:00:00Z,3.4230000972747803,3.444499969482422
2007-06-29T00:00:00Z,3.4514999389648438,3.4205000400543213
2007-07-02T00:00:00Z,3.440500020980835,3.4804999828338623
2007-07-03T00:00:00Z,3.502000093460083,3.4725000858306885
2007-07-05T00:00:00Z,3.4679999351501465,3.436500072479248
2007-07-06T00:00:00Z,3.4375,3.448499917984009
2007-07-09T00:00:00Z,3.4690001010894775,3.6034998893737793
2007-07-10T00:00:00Z,3.5824999809265137,3.5139999389648438
2007-07-11T00:00:00Z,3.5290000438690186,3.5364999771118164
2007-07-12T00:00:00Z,3.565500020980835,3.6394999027252197
2007-07-13T00:00:00Z,3.6540000438690186,3.755000114440918
2007-07-16T00:00:00Z,3.7365000247955322,3.684499979019165
2007-07-17T00:00:00Z,3.7195000648498535,3.689500093460083
2007-07-18T00:00:00Z,3.6635000705718994,3.6659998893737793
2007-07-19T00:00:00Z,3.7119998931884766,3.6675000190734863
2007-07-20T00:00:00Z,3.63100004196167,3.5815000534057617
2007-07-23T00:00:00Z,3.5889999866485596,3.5869998931884766
2007-07-24T00:00:00Z,3.552000045776367,3.4625000953674316
2007-07-25T00:00:00Z,4.232999801635742,4.309000015258789
2007-07-26T00:00:00Z,4.250999927520752,4.200500011444092
2007-07-27T00:00:00Z,4.213500022888184,4.202000141143799
2007-07-30T00:00:00Z,4.150000095367432,4.135000228881836
2007-07-31T00:00:00Z,4.184999942779541,3.927000045776367
2007-08-01T00:00:00Z,3.9049999713897705,3.865499973297119
2007-08-02T00:00:00Z,3.8929998874664307,3.9855000972747803
2007-08-03T00:00:00Z,3.9769999980926514,3.8399999141693115
2007-08-06T00:00:00Z,3.8529999256134033,3.950000047683716
2007-08-07T00:00:00Z,3.927500009536743,3.9570000171661377
2007-08-08T00:00:00Z,3.9885001182556152,3.8889999389648438
2007-08-09T00:00:00Z,3.819999933242798,3.7054998874664307
2007-08-10T00:00:00Z,3.6575000286102295,3.739000082015991
2007-08-13T00:00:00Z,3.804500102996826,3.743499994277954
2007-08-14T00:00:00Z,3.739500045776367,3.672499895095825
2007-08-15T00:00:00Z,3.6510000228881836,3.61899995803833
2007-08-16T00:00:00Z,3.5999999046325684,3.6394999027252197
2007-08-17T00:00:00Z,3.7244999408721924,3.750999927520752
2007-08-20T00:00:00Z,3.749000072479248,3.734999895095825
2007-08-21T00:00:00Z,3.7105000019073486,3.874500036239624
2007-08-22T00:00:00Z,3.9119999408721924,3.924999952316284
2007-08-23T00:00:00Z,3.947000026702881,3.865000009536743
2007-08-24T00:00:00Z,3.8399999141693115,3.9625000953674316
2007-08-27T00:00:00Z,4.0279998779296875,3.932499885559082
2007-08-28T00:00:00Z,3.8929998874664307,3.811000108718872
2007-08-29T00:00:00Z,3.8480000495910645,3.952500104904175
2007-08-30T00:00:00Z,3.9200000762939453,3.934000015258789
2007-08-31T00:00:00Z,4.0,3.995500087738037
2007-09-04T00:00:00Z,3.994999885559082,4.135000228881836
2007-09-05T00:00:00Z,4.111999988555908,4.1875
2007-09-06T00:00:00Z,4.224999904632568,4.310500144958496
2007-09-07T00:00:00Z,4.235000133514404,4.22599983215332
2007-09-10T00:00:00Z,4.246500015258789,4.166999816894531
2007-09-11T00:00:00Z,4.208499908447266,4.314000129699707
2007-09-12T00:00:00Z,4.303500175476074,4.364999771118164
2007-09-13T00:00:00Z,4.397500038146973,4.36299991607666
2007-09-14T00:00:00Z,4.320499897003174,4.388500213623047
2007-09-17T00:00:00Z,4.348999977111816,4.3454999923706055
2007-09-18T00:00:00Z,4.36899995803833,4.4375
2007-09-19T00:00:00Z,4.47599983215332,4.449999809265137
2007-09-20T00:00:00Z,4.445000171661377,4.482500076293945
2007-09-21T00:00:00Z,4.514500141143799,4.565000057220459
2007-09-24T00:00:00Z,4.565000057220459,4.629499912261963
2007-09-25T00:00:00Z,4.5995001792907715,4.673999786376953
2007-09-26T00:00:00Z,4.702000141143799,4.671500205993652
2007-09-27T00:00:00Z,4.703499794006348,4.669000148773193
2007-09-28T00:00:00Z,4.638500213623047,4.65749979019165
2007-10-01T00:00:00Z,4.671000003814697,4.670499801635742
2007-10-02T00:00:00Z,4.692999839782715,4.618000030517578
2007-10-03T00:00:00Z,4.609499931335449,4.623000144958496
2007-10-04T00:00:00Z,4.627500057220459,4.61299991607666
2007-10-05T00:00:00Z,4.677499771118164,4.671500205993652
2007-10-08T00:00:00Z,4.710999965667725,4.792500019073486
2007-10-09T00:00:00Z,4.829500198364258,4.765999794006348
2007-10-10T00:00:00Z,4.775000095367432,4.732999801635742
2007-10-11T00:00:00Z,4.766499996185303,4.4670000076293945
2007-10-12T00:00:00Z,4.4710001945495605,4.618500232696533
2007-10-15T00:00:00Z,4.590000152587891,4.526500225067139
2007-10-16T00:00:00Z,4.434500217437744,4.476500034332275
2007-10-17T00:00:00Z,4.59499979019165,4.527500152587891
2007-10-18T00:00:00Z,4.468500137329102,4.492499828338623
2007-10-19T00:00:00Z,4.496500015258789,4.48799991607666
2007-10-22T00:00:00Z,4.462500095367432,4.564499855041504
2007-10-23T00:00:00Z,4.763999938964844,5.040999889373779
2007-10-24T00:00:00Z,4.543499946594238,4.436500072479248
2007-10-25T00:00:00Z,4.411499977111816,4.4105000495910645
2007-10-26T00:00:00Z,4.449999809265137,4.5
2007-10-29T00:00:00Z,4.520500183105469,4.505000114440918
2007-10-30T00:00:00Z,4.483500003814697,4.4120001792907715
2007-10-31T00:00:00Z,4.402500152587891,4.457499980926514
2007-11-01T00:00:00Z,4.387499809265137,4.382500171661377
2007-11-02T00:00:00Z,4.398499965667725,4.298999786376953
2007-11-05T00:00:00Z,4.21750020980835,4.218500137329102
2007-11-06T00:00:00Z,4.230500221252441,4.363500118255615
2007-11-07T00:00:00Z,4.320499897003174,4.3520002365112305
2007-11-08T00:00:00Z,4.340000152587891,4.178999900817871
2007-11-09T00:00:00Z,4.120999813079834,3.944499969482422
2007-11-12T00:00:00Z,3.9130001068115234,3.8499999046325684
2007-11-13T00:00:00Z,3.8954999446868896,3.993000030517578
2007-11-14T00:00:00Z,4.019999980926514,3.92549991607666
2007-11-15T00:00:00Z,3.9714999198913574,3.8924999237060547
2007-11-16T00:00:00Z,3.8505001068115234,3.930000066757202
2007-11-19T00:00:00Z,3.941499948501587,3.9590001106262207
2007-11-20T00:00:00Z,3.993000030517578,4.019499778747559
2007-11-21T00:00:00Z,3.9619998931884766,3.98799991607666
2007-11-23T00:00:00Z,4.005499839782715,4.071499824523926
2007-11-26T00:00:00Z,4.114999771118164,4.065000057220459
2007-11-27T00:00:00Z,4.145999908447266,4.2795000076293945
2007-11-28T00:00:00Z,4.377500057220459,4.514999866485596
2007-11-29T00:00:00Z,4.494500160217285,4.457499980926514
2007-11-30T00:00:00Z,4.5279998779296875,4.5279998779296875
2007-12-03T00:00:00Z,4.501500129699707,4.545499801635742
2007-12-04T00:00:00Z,4.501999855041504,4.7204999923706055
2007-12-05T00:00:00Z,4.749499797821045,4.6595001220703125
2007-12-06T00:00:00Z,4.664000034332275,4.7104997634887695
2007-12-07T00:00:00Z,4.728000164031982,4.7154998779296875
2007-12-10T00:00:00Z,4.7154998779296875,4.651000022888184
2007-12-11T00:00:00Z,4.65500020980835,4.537499904632568
2007-12-12T00:00:00Z,4.642000198364258,4.564000129699707
2007-12-13T00:00:00Z,4.552499771118164,4.619999885559082
2007-12-14T00:00:00Z,4.53849983215332,4.453999996185303
2007-12-17T00:00:00Z,4.450500011444092,4.254499912261963
2007-12-18T00:00:00Z,4.291500091552734,4.3445000648498535
2007-12-19T00:00:00Z,4.3470001220703125,4.468999862670898
2007-12-20T00:00:00Z,4.506999969482422,4.5289998054504395
2007-12-21T00:00:00Z,4.573500156402588,4.563000202178955
2007-12-24T00:00:00Z,4.552499771118164,4.55049991607666
2007-12-26T00:00:00Z,4.573999881744385,4.642499923706055
2007-12-27T00:00:00Z,4.633500099182129,4.712500095367432
2007-12-28T00:00:00Z,4.763500213623047,4.722499847412109
2007-12-31T00:00:00Z,4.690499782562256,4.631999969482422
2008-01-02T00:00:00Z,4.767499923706055,4.8125
2008-01-03T00:00:00Z,4.802999973297119,4.760499954223633
2008-01-04T00:00:00Z,4.663000106811523,4.439499855041504
2008-01-07T00:00:00Z,4.431000232696533,4.440999984741211
2008-01-08T00:00:00Z,4.377500057220459,4.394000053405762
2008-01-09T00:00:00Z,4.377999782562256,4.261000156402588
2008-01-10T00:00:00Z,4.198999881744385,4.2129998207092285
2008-01-11T00:00:00Z,4.201499938964844,4.053999900817871
2008-01-14T00:00:00Z,4.109000205993652,4.143499851226807
2008-01-15T00:00:00Z,4.024499893188477,4.01200008392334
2008-01-16T00:00:00Z,3.9790000915527344,4.017499923706055
2008-01-17T00:00:00Z,4.007999897003174,4.00600004196167
2008-01-18T00:00:00Z,3.996500015258789,3.98799991607666
2008-01-22T00:00:00Z,3.678999900817871,3.9240000247955322
2008-01-23T00:00:00Z,3.7799999713897705,3.698499917984009
2008-01-24T00:00:00Z,3.7265000343322754,3.883500099182129
2008-01-25T00:00:00Z,3.934499979019165,3.880000114440918
2008-01-28T00:00:00Z,3.8454999923706055,3.7909998893737793
2008-01-29T00:00:00Z,3.7885000705718994,3.697499990463257
2008-01-30T00:00:00Z,3.677000045776367,3.7105000019073486
2008-01-31T00:00:00Z,3.445499897003174,3.884999990463257
2008-02-01T00:00:00Z,3.9509999752044678,3.7314999103546143
2008-02-04T00:00:00Z,3.7249999046325684,3.697499990463257
2008-02-05T00:00:00Z,3.640000104904175,3.6045000553131104
2008-02-06T00:00:00Z,3.615000009536743,3.424499988555908
2008-02-07T00:00:00Z,3.368499994277954,3.5455000400543213
2008-02-08T00:00:00Z,3.6700000762939453,3.674999952316284
2008-02-11T00:00:00Z,3.6570000648498535,3.759500026702881
2008-02-12T00:00:00Z,3.7715001106262207,3.7225000858306885
2008-02-13T00:00:00Z,3.749500036239624,3.8864998817443848
2008-02-14T00:00:00Z,3.8864998817443848,3.7899999618530273
2008-02-15T00:00:00Z,3.75,3.6480000019073486
2008-02-19T00:00:00Z,3.677000045776367,3.6040000915527344
2008-02-20T00:00:00Z,3.5950000286102295,3.681999921798706
2008-02-21T00:00:00Z,3.697000026702881,3.494999885559082
2008-02-22T00:00:00Z,3.5269999504089355,3.6040000915527344
2008-02-25T00:00:00Z,3.617500066757202,3.6635000705718994
2008-02-26T00:00:00Z,3.5954999923706055,3.5845000743865967
2008-02-27T00:00:00Z,3.5339999198913574,3.5434999465942383
2008-02-28T00:00:00Z,3.515000104904175,3.3924999237060547
2008-02-29T00:00:00Z,3.3505001068115234,3.2235000133514404
2008-03-03T00:00:00Z,3.179500102996826,3.121500015258789
2008-03-04T00:00:00Z,3.0834999084472656,3.2669999599456787
2008-03-05T00:00:00Z,3.2829999923706055,3.249500036239624
2008-03-06T00:00:00Z,3.237499952316284,3.13700008392334
2008-03-07T00:00:00Z,3.109999895095825,3.2044999599456787
2008-03-10T00:00:00Z,3.194999933242798,3.1735000610351562
2008-03-11T00:00:00Z,3.297499895095825,3.3575000762939453
2008-03-12T00:00:00Z,3.3385000228881836,3.325500011444092
2008-03-13T00:00:00Z,3.255500078201294,3.4159998893737793
2008-03-14T00:00:00Z,3.430500030517578,3.4110000133514404
2008-03-17T00:00:00Z,3.2860000133514404,3.3264999389648438
2008-03-18T00:00:00Z,3.4124999046325684,3.5850000381469727
2008-03-19T00:00:00Z,3.555000066757202,3.508500099182129
2008-03-20T00:00:00Z,3.508500099182129,3.6594998836517334
2008-03-24T00:00:00Z,3.690999984741211,3.797499895095825
2008-03-25T00:00:00Z,3.7915000915527344,3.758500099182129
2008-03-26T00:00:00Z,3.7070000171661377,3.690000057220459
2008-03-27T00:00:00Z,3.7184998989105225,3.5399999618530273
2008-03-28T00:00:00Z,3.549999952316284,3.48799991607666
2008-03-31T00:00:00Z,3.512500047683716,3.565000057220459
2008-04-01T00:00:00Z,3.6494998931884766,3.8350000381469727
2008-04-02T00:00:00Z,3.8540000915527344,3.868499994277954
2008-04-03T00:00:00Z,3.757499933242798,3.746999979019165
2008-04-04T00:00:00Z,3.763000011444092,3.8434998989105225
2008-04-07T00:00:00Z,3.868000030517578,3.8450000286102295
2008-04-08T00:00:00Z,3.819999933242798,3.865000009536743
2008-04-09T00:00:00Z,3.828000068664551,3.7195000648498535
2008-04-10T00:00:00Z,3.7239999771118164,3.741499900817871
2008-04-11T00:00:00Z,3.691999912261963,3.5994999408721924
2008-04-14T00:00:00Z,3.5850000381469727,3.630500078201294
2008-04-15T00:00:00Z,3.6484999656677246,3.625
2008-04-16T00:00:00Z,3.6510000228881836,3.7295000553131104
2008-04-17T00:00:00Z,3.7090001106262207,3.7019999027252197
2008-04-18T00:00:00Z,3.8239998817443848,4.005000114440918
2008-04-21T00:00:00Z,4.001500129699707,4.008999824523926
2008-04-22T00:00:00Z,3.996999979019165,3.9800000190734863
2008-04-23T00:00:00Z,4.014999866485596,4.050000190734863
2008-04-24T00:00:00Z,3.885499954223633,3.884500026702881
2008-04-25T00:00:00Z,3.890500068664551,4.043000221252441
2008-04-28T00:00:00Z,4.0320000648498535,4.098499774932861
2008-04-29T00:00:00Z,4.071000099182129,4.0370001792907715
2008-04-30T00:00:00Z,4.045000076293945,3.93149995803833
2008-05-01T00:00:00Z,3.9200000762939453,3.9679999351501465
2008-05-02T00:00:00Z,4.014999866485596,3.865499973297119
2008-05-05T00:00:00Z,3.8635001182556152,3.7960000038146973
2008-05-06T00:00:00Z,3.7755000591278076,3.7855000495910645
2008-05-07T00:00:00Z,3.763000011444092,3.6589999198913574
2008-05-08T00:00:00Z,3.686500072479248,3.6394999027252197
2008-05-09T00:00:00Z,3.609999895095825,3.620500087738037
2008-05-12T00:00:00Z,3.6500000953674316,3.7265000343322754
2008-05-13T00:00:00Z,3.7284998893737793,3.7279999256134033
2008-05-14T00:00:00Z,3.746000051498413,3.7100000381469727
2008-05-15T00:00:00Z,3.694499969482422,3.805999994277954
2008-05-16T00:00:00Z,3.821000099182129,3.822999954223633
2008-05-19T00:00:00Z,3.950500011444092,4.114500045776367
2008-05-20T00:00:00Z,4.108500003814697,4.035999774932861
2008-05-21T00:00:00Z,4.018499851226807,3.9149999618530273
2008-05-22T00:00:00Z,3.934000015258789,3.9630000591278076
2008-05-23T00:00:00Z,3.927500009536743,3.9175000190734863
2008-05-27T00:00:00Z,3.9130001068115234,4.031000137329102
2008-05-28T00:00:00Z,4.036499977111816,4.004000186920166
2008-05-29T00:00:00Z,4.0304999351501465,4.017499923706055
2008-05-30T00:00:00Z,4.0289998054504395,4.080999851226807
2008-06-02T00:00:00Z,4.057499885559082,4.011499881744385
2008-06-03T00:00:00Z,4.0355000495910645,4.005499839782715
2008-06-04T00:00:00Z,4.005499839782715,4.074999809265137
2008-06-05T00:00:00Z,4.105500221252441,4.225500106811523
2008-06-06T00:00:00Z,4.1620001792907715,4.031499862670898
2008-06-09T00:00:00Z,4.059500217437744,3.9714999198913574
2008-06-10T00:00:00Z,3.9100000858306885,3.9809999465942383
2008-06-11T00:00:00Z,3.9674999713897705,3.864000082015991
2008-06-12T00:00:00Z,3.9010000228881836,3.807499885559082
2008-06-13T00:00:00Z,3.8350000381469727,3.9584999084472656
2008-06-16T00:00:00Z,3.9210000038146973,4.085000038146973
2008-06-17T00:00:00Z,4.15749979019165,4.148499965667725
2008-06-18T00:00:00Z,4.099999904632568,4.125999927520752
2008-06-19T00:00:00Z,4.110499858856201,4.2129998207092285
2008-06-20T00:00:00Z,4.15500020980835,4.054999828338623
2008-06-23T00:00:00Z,4.065000057220459,4.033999919891357
2008-06-24T00:00:00Z,3.9774999618530273,3.9820001125335693
2008-06-25T00:00:00Z,4.022500038146973,4.0254998207092285
2008-06-26T00:00:00Z,3.9549999237060547,3.815000057220459
2008-06-27T00:00:00Z,3.7795000076293945,3.7330000400543213
2008-06-30T00:00:00Z,3.751499891281128,3.6665000915527344
2008-07-01T00:00:00Z,3.611999988555908,3.680999994277954
2008-07-02T00:00:00Z,3.7079999446868896,3.572000026702881
2008-07-03T00:00:00Z,3.625499963760376,3.5999999046325684
2008-07-07T00:00:00Z,3.618499994277954,3.624500036239624
2008-07-08T00:00:00Z,3.61899995803833,3.752000093460083
2008-07-09T00:00:00Z,3.7279999256134033,3.5304999351501465
2008-07-10T00:00:00Z,3.5350000858306885,3.5315001010894775
2008-07-11T00:00:00Z,3.4700000286102295,3.427000045776367
2008-07-14T00:00:00Z,3.4655001163482666,3.313999891281128
2008-07-15T00:00:00Z,3.2934999465942383,3.3515000343322754
2008-07-16T00:00:00Z,3.3469998836517334,3.5920000076293945
2008-07-17T00:00:00Z,3.559999942779541,3.6054999828338623
2008-07-18T00:00:00Z,3.496999979019165,3.4560000896453857
2008-07-21T00:00:00Z,3.4760000705718994,3.4240000247955322
2008-07-22T00:00:00Z,3.3545000553131104,3.3984999656677246
2008-07-23T00:00:00Z,3.372999906539917,3.5269999504089355
2008-07-24T00:00:00Z,3.815000057220459,3.936000108718872
2008-07-25T00:00:00Z,3.9814999103546143,3.9154999256134033
2008-07-28T00:00:00Z,3.8545000553131104,3.7990000247955322
2008-07-29T00:00:00Z,3.82450008392334,3.9105000495910645
2008-07-30T00:00:00Z,3.9179999828338623,3.9105000495910645
2008-07-31T00:00:00Z,3.8375000953674316,3.816999912261963
2008-08-01T00:00:00Z,3.818000078201294,3.7874999046325684
2008-08-04T00:00:00Z,3.799499988555908,3.7855000495910645
2008-08-05T00:00:00Z,3.8459999561309814,3.9554998874664307
2008-08-06T00:00:00Z,3.927500009536743,3.9045000076293945
2008-08-07T00:00:00Z,3.8505001068115234,3.8475000858306885
2008-08-08T00:00:00Z,3.8389999866485596,4.0254998207092285
2008-08-11T00:00:00Z,4.008999824523926,4.4045000076293945
2008-08-12T00:00:00Z,4.366000175476074,4.362500190734863
2008-08-13T00:00:00Z,4.314000129699707,4.334499835968018
2008-08-14T00:00:00Z,4.2855000495910645,4.401500225067139
2008-08-15T00:00:00Z,4.414000034332275,4.320000171661377
2008-08-18T00:00:00Z,4.304500102996826,4.1554999351501465
2008-08-19T00:00:00Z,4.1545000076293945,4.064499855041504
2008-08-20T00:00:00Z,4.099999904632568,4.106500148773193
2008-08-21T00:00:00Z,4.070499897003174,4.163000106811523
2008-08-22T00:00:00Z,4.213500022888184,4.263000011444092
2008-08-25T00:00:00Z,4.231500148773193,4.142499923706055
2008-08-26T00:00:00Z,4.13700008392334,4.0879998207092285
2008-08-27T00:00:00Z,4.072000026702881,4.08650016784668
2008-08-28T00:00:00Z,4.110499858856201,4.171000003814697
2008-08-29T00:00:00Z,4.144999980926514,4.040500164031982
2008-09-02T00:00:00Z,4.1579999923706055,4.070499897003174
2008-09-03T00:00:00Z,4.070000171661377,4.03849983215332
2008-09-04T00:00:00Z,4.03000020980835,3.9014999866485596
2008-09-05T00:00:00Z,3.867000102996826,3.9595000743865967
2008-09-08T00:00:00Z,4.112500190734863,4.058000087738037
2008-09-09T00:00:00Z,4.038000106811523,3.9519999027252197
2008-09-10T00:00:00Z,4.000500202178955,3.8369998931884766
2008-09-11T00:00:00Z,3.7634999752044678,3.9755001068115234
2008-09-12T00:00:00Z,3.940500020980835,3.9149999618530273
2008-09-15T00:00:00Z,3.8429999351501465,3.867000102996826
2008-09-16T00:00:00Z,3.8399999141693115,3.936500072479248
2008-09-17T00:00:00Z,3.884000062942505,3.5769999027252197
2008-09-18T00:00:00Z,3.6540000438690186,3.825000047683716
2008-09-19T00:00:00Z,4.00600004196167,4.050000190734863
2008-09-22T00:00:00Z,4.05649995803833,3.746500015258789
2008-09-23T00:00:00Z,3.7894999980926514,3.5880000591278076
2008-09-24T00:00:00Z,3.615000009536743,3.497999906539917
2008-09-25T00:00:00Z,3.5329999923706055,3.6040000915527344
2008-09-26T00:00:00Z,3.4760000705718994,3.5350000858306885
2008-09-29T00:00:00Z,3.4205000400543213,3.1675000190734863
2008-09-30T00:00:00Z,3.2920000553131104,3.638000011444092
2008-10-01T00:00:00Z,3.5889999866485596,3.4790000915527344
2008-10-02T00:00:00Z,3.381500005722046,3.368000030517578
2008-10-03T00:00:00Z,3.4709999561309814,3.3499999046325684
2008-10-06T00:00:00Z,3.203000068664551,3.2614998817443848
2008-10-07T00:00:00Z,3.2894999980926514,2.9260001182556152
2008-10-08T00:00:00Z,2.7820000648498535,3.0510001182556152
2008-10-09T00:00:00Z,3.0985000133514404,2.799999952316284
2008-10-10T00:00:00Z,2.6494998931884766,2.8125
2008-10-13T00:00:00Z,2.947999954223633,3.1010000705718994
2008-10-14T00:00:00Z,3.174999952316284,2.7929999828338623
2008-10-15T00:00:00Z,2.7230000495910645,2.436000108718872
2008-10-16T00:00:00Z,2.319999933242798,2.5144999027252197
2008-10-17T00:00:00Z,2.441499948501587,2.5325000286102295
2008-10-20T00:00:00Z,2.6085000038146973,2.6484999656677246
2008-10-21T00:00:00Z,2.5929999351501465,2.5114998817443848
2008-10-22T00:00:00Z,2.502500057220459,2.499500036239624
2008-10-23T00:00:00Z,2.1684999465942383,2.5160000324249268
2008-10-24T00:00:00Z,2.237499952316284,2.447999954223633
2008-10-27T00:00:00Z,2.450000047683716,2.4790000915527344
2008-10-28T00:00:00Z,2.575000047683716,2.802000045776367
2008-10-29T00:00:00Z,2.7764999866485596,2.8445000648498535
2008-10-30T00:00:00Z,2.937999963760376,2.8355000019073486
2008-10-31T00:00:00Z,2.80049991607666,2.861999988555908
2008-11-03T00:00:00Z,2.817500114440918,2.7885000705718994
2008-11-04T00:00:00Z,2.8580000400543213,2.922499895095825
2008-11-05T00:00:00Z,2.873500108718872,2.5989999771118164
2008-11-06T00:00:00Z,2.490000009536743,2.3610000610351562
2008-11-07T00:00:00Z,2.388000011444092,2.4605000019073486
2008-11-10T00:00:00Z,2.499000072479248,2.4230000972747803
2008-11-11T00:00:00Z,2.3550000190734863,2.315000057220459
2008-11-12T00:00:00Z,2.19950008392334,2.078000068664551
2008-11-13T00:00:00Z,2.069999933242798,2.246500015258789
2008-11-14T00:00:00Z,2.180500030517578,2.0875000953674316
2008-11-17T00:00:00Z,1.9954999685287476,1.9845000505447388
2008-11-18T00:00:00Z,1.9865000247955322,1.9220000505447388
2008-11-19T00:00:00Z,1.8984999656677246,1.7920000553131104
2008-11-20T00:00:00Z,1.7645000219345093,1.7515000104904175
2008-11-21T00:00:00Z,1.8194999694824219,1.8934999704360962
2008-11-24T00:00:00Z,1.9394999742507935,2.125
2008-11-25T00:00:00Z,2.1045000553131104,2.109499931335449
2008-11-26T00:00:00Z,2.0434999465942383,2.197999954223633
2008-11-28T00:00:00Z,2.2014999389648438,2.134999990463257
2008-12-01T00:00:00Z,2.0999999046325684,2.0234999656677246
2008-12-02T00:00:00Z,2.069499969482422,2.059499979019165
2008-12-03T00:00:00Z,2.007999897003174,2.260499954223633
2008-12-04T00:00:00Z,2.296999931335449,2.365999937057495
2008-12-05T00:00:00Z,2.2945001125335693,2.4130001068115234
2008-12-08T00:00:00Z,2.4574999809265137,2.570499897003174
2008-12-09T00:00:00Z,2.490499973297119,2.5625
2008-12-10T00:00:00Z,2.572999954223633,2.484999895095825
2008-12-11T00:00:00Z,2.4665000438690186,2.4124999046325684
2008-12-12T00:00:00Z,2.375999927520752,2.5625
2008-12-15T00:00:00Z,2.5325000286102295,2.442500114440918
2008-12-16T00:00:00Z,2.4809999465942383,2.631500005722046
2008-12-17T00:00:00Z,2.61299991607666,2.6589999198913574
2008-12-18T00:00:00Z,2.6500000953674316,2.6040000915527344
2008-12-19T00:00:00Z,2.5794999599456787,2.578000068664551
2008-12-22T00:00:00Z,2.5799999237060547,2.492000102996826
2008-12-23T00:00:00Z,2.50600004196167,2.553999900817871
2008-12-24T00:00:00Z,2.5829999446868896,2.572000026702881
2008-12-26T00:00:00Z,2.689500093460083,2.5889999866485596
2008-12-29T00:00:00Z,2.571500062942505,2.4700000286102295
2008-12-30T00:00:00Z,2.4755001068115234,2.5380001068115234
2008-12-31T00:00:00Z,2.5369999408721924,2.563999891281128
2009-01-02T00:00:00Z,2.567500114440918,2.7179999351501465
2009-01-05T00:00:00Z,2.7864999771118164,2.703000068664551
2009-01-06T00:00:00Z,2.7274999618530273,2.868000030517578
2009-01-07T00:00:00Z,2.814500093460083,2.809999942779541
2009-01-08T00:00:00Z,2.749500036239624,2.8580000400543213
2009-01-09T00:00:00Z,2.8459999561309814,2.7755000591278076
2009-01-12T00:00:00Z,2.7060000896453857,2.5959999561309814
2009-01-13T00:00:00Z,2.5480000972747803,2.572499990463257
2009-01-14T00:00:00Z,2.505000114440918,2.424499988555908
2009-01-15T00:00:00Z,2.427999973297119,2.572000026702881
2009-01-16T00:00:00Z,2.5899999141693115,2.5794999599456787
2009-01-20T00:00:00Z,2.5374999046325684,2.421999931335449
2009-01-21T00:00:00Z,2.4655001163482666,2.5269999504089355
2009-01-22T00:00:00Z,2.4709999561309814,2.496999979019165
2009-01-23T00:00:00Z,2.444999933242798,2.5315001010894775
2009-01-26T00:00:00Z,2.509000062942505,2.4814999103546143
2009-01-27T00:00:00Z,2.4649999141693115,2.421999931335449
2009-01-28T00:00:00Z,2.4860000610351562,2.5179998874664307
2009-01-29T00:00:00Z,2.497999906539917,2.5
2009-01-30T00:00:00Z,2.868000030517578,2.940999984741211
2009-02-02T00:00:00Z,2.928499937057495,3.057499885559082
2009-02-03T00:00:00Z,3.0434999465942383,3.179500102996826
2009-02-04T00:00:00Z,3.1689999103546143,3.052999973297119
2009-02-05T00:00:00Z,3.057499885559082,3.1589999198913574
2009-02-06T00:00:00Z,3.1589999198913574,3.327500104904175
2009-02-09T00:00:00Z,3.328000068664551,3.3355000019073486
2009-02-10T00:00:00Z,3.307499885559082,3.1654999256134033
2009-02-11T00:00:00Z,3.1549999713897705,3.2174999713897705
2009-02-12T00:00:00Z,3.1624999046325684,3.197999954223633
2009-02-13T00:00:00Z,3.198499917984009,3.1630001068115234
2009-02-17T00:00:00Z,3.0834999084472656,3.0834999084472656
2009-02-18T00:00:00Z,3.1135001182556152,3.117500066757202
2009-02-19T00:00:00Z,3.1419999599456787,3.0975000858306885
2009-02-20T00:00:00Z,3.053499937057495,3.193000078201294
2009-02-23T00:00:00Z,3.2079999446868896,3.0855000019073486
2009-02-24T00:00:00Z,3.0985000133514404,3.2799999713897705
2009-02-25T00:00:00Z,3.244999885559082,3.185499906539917
2009-02-26T00:00:00Z,3.2060000896453857,3.117000102996826
2009-02-27T00:00:00Z,3.062999963760376,3.239500045776367
2009-03-02T00:00:00Z,3.197000026702881,3.0994999408721924
2009-03-03T00:00:00Z,3.137500047683716,3.0850000381469727
2009-03-04T00:00:00Z,3.140000104904175,3.240499973297119
2009-03-05T00:00:00Z,3.2060000896453857,3.2385001182556152
2009-03-06T00:00:00Z,3.259999990463257,3.0845000743865967
2009-03-09T00:00:00Z,3.109999895095825,3.0244998931884766
2009-03-10T00:00:00Z,3.124500036239624,3.2855000495910645
2009-03-11T00:00:00Z,3.312000036239624,3.427000045776367
2009-03-12T00:00:00Z,3.4175000190734863,3.4790000915527344
2009-03-13T00:00:00Z,3.4820001125335693,3.43149995803833
2009-03-16T00:00:00Z,3.427999973297119,3.3489999771118164
2009-03-17T00:00:00Z,3.368499994277954,3.567500114440918
2009-03-18T00:00:00Z,3.5485000610351562,3.5625
2009-03-19T00:00:00Z,3.569999933242798,3.505000114440918
2009-03-20T00:00:00Z,3.5195000171661377,3.497999906539917
2009-03-23T00:00:00Z,3.568000078201294,3.7790000438690186
2009-03-24T00:00:00Z,3.742500066757202,3.640500068664551
2009-03-25T00:00:00Z,3.6545000076293945,3.619999885559082
2009-03-26T00:00:00Z,3.6735000610351562,3.684499979019165
2009-03-27T00:00:00Z,3.5804998874664307,3.5260000228881836
2009-03-30T00:00:00Z,3.5199999809265137,3.572000026702881
2009-03-31T00:00:00Z,3.630500078201294,3.671999931335449
2009-04-01T00:00:00Z,3.6510000228881836,3.674999952316284
2009-04-02T00:00:00Z,3.68149995803833,3.816999912261963
2009-04-03T00:00:00Z,3.821000099182129,3.9084999561309814
2009-04-06T00:00:00Z,3.86299991607666,3.8994998931884766
2009-04-07T00:00:00Z,3.8485000133514404,3.7755000591278076
2009-04-08T00:00:00Z,3.7964999675750732,3.8489999771118164
2009-04-09T00:00:00Z,3.875499963760376,3.9885001182556152
2009-04-13T00:00:00Z,3.992000102996826,3.947000026702881
2009-04-14T00:00:00Z,3.9000000953674316,3.8610000610351562
2009-04-15T00:00:00Z,3.7750000953674316,3.7355000972747803
2009-04-16T00:00:00Z,3.7664999961853027,3.862499952316284
2009-04-17T00:00:00Z,3.8389999866485596,3.9024999141693115
2009-04-20T00:00:00Z,3.921999931335449,3.878499984741211
2009-04-21T00:00:00Z,3.866499900817871,3.937000036239624
2009-04-22T00:00:00Z,3.9084999561309814,3.9600000381469727
2009-04-23T00:00:00Z,4.066500186920166,4.0304999351501465
2009-04-24T00:00:00Z,4.101500034332275,4.2230000495910645
2009-04-27T00:00:00Z,4.193999767303467,4.156000137329102
2009-04-28T00:00:00Z,4.133999824523926,4.119999885559082
2009-04-29T00:00:00Z,4.149499893188477,3.989500045776367
2009-04-30T00:00:00Z,4.046500205993652,4.026000022888184
2009-05-01T00:00:00Z,4.019000053405762,3.947999954223633
2009-05-04T00:00:00Z,4.013000011444092,3.9885001182556152
2009-05-05T00:00:00Z,4.05049991607666,4.09499979019165
2009-05-06T00:00:00Z,4.144000053405762,4.0995001792907715
2009-05-07T00:00:00Z,4.136499881744385,3.9639999866485596
2009-05-08T00:00:00Z,3.984499931335449,3.8975000381469727
2009-05-11T00:00:00Z,3.8399999141693115,3.930500030517578
2009-05-12T00:00:00Z,3.934999942779541,3.8965001106262207
2009-05-13T00:00:00Z,3.8125,3.7095000743865967
2009-05-14T00:00:00Z,3.689500093460083,3.755500078201294
2009-05-15T00:00:00Z,3.7269999980926514,3.680000066757202
2009-05-18T00:00:00Z,3.697999954223633,3.797499895095825
2009-05-19T00:00:00Z,3.7715001106262207,3.8935000896453857
2009-05-20T00:00:00Z,3.924999952316284,3.8984999656677246
2009-05-21T00:00:00Z,3.8375000953674316,3.7980000972747803
2009-05-22T00:00:00Z,3.805000066757202,3.7820000648498535
2009-05-26T00:00:00Z,3.751499891281128,3.9195001125335693
2009-05-27T00:00:00Z,3.92549991607666,3.8550000190734863
2009-05-28T00:00:00Z,3.884999990463257,3.882499933242798
2009-05-29T00:00:00Z,3.885999917984009,3.8994998931884766
2009-06-01T00:00:00Z,3.9105000495910645,4.152500152587891
2009-06-02T00:00:00Z,4.120999813079834,4.246500015258789
2009-06-03T00:00:00Z,4.165500164031982,4.283999919891357
2009-06-04T00:00:00Z,4.270999908447266,4.276000022888184
2009-06-05T00:00:00Z,4.314499855041504,4.377999782562256
2009-06-08T00:00:00Z,4.337500095367432,4.317999839782715
2009-06-09T00:00:00Z,4.346499919891357,4.354000091552734
2009-06-10T00:00:00Z,4.379000186920166,4.329500198364258
2009-06-11T00:00:00Z,4.315000057220459,4.2845001220703125
2009-06-12T00:00:00Z,4.251500129699707,4.203999996185303
2009-06-15T00:00:00Z,4.141499996185303,4.158999919891357
2009-06-16T00:00:00Z,4.184999942779541,4.107500076293945
2009-06-17T00:00:00Z,4.125,4.132500171661377
2009-06-18T00:00:00Z,4.140500068664551,4.079999923706055
2009-06-19T00:00:00Z,4.107500076293945,4.1479997634887695
2009-06-22T00:00:00Z,4.120500087738037,3.9574999809265137
2009-06-23T00:00:00Z,3.948499917984009,3.884000062942505
2009-06-24T00:00:00Z,3.9000000953674316,3.9635000228881836
2009-06-25T00:00:00Z,3.9549999237060547,4.110000133514404
2009-06-26T00:00:00Z,4.09499979019165,4.193999767303467
2009-06-29T00:00:00Z,4.19350004196167,4.151500225067139
2009-06-30T00:00:00Z,4.181000232696533,4.183000087738037
2009-07-01T00:00:00Z,4.2210001945495605,4.079999923706055
2009-07-02T00:00:00Z,4.055500030517578,3.9660000801086426
2009-07-06T00:00:00Z,3.922499895095825,3.9049999713897705
2009-07-07T00:00:00Z,3.926500082015991,3.7815001010894775
2009-07-08T00:00:00Z,3.822999954223633,3.868000030517578
2009-07-09T00:00:00Z,3.9124999046325684,3.9049999713897705
2009-07-10T00:00:00Z,3.875999927520752,3.881500005722046
2009-07-13T00:00:00Z,3.9035000801086426,4.073500156402588
2009-07-14T00:00:00Z,4.073999881744385,4.097499847412109
2009-07-15T00:00:00Z,4.150000095367432,4.227499961853027
2009-07-16T00:00:00Z,4.2210001945495605,4.305500030517578
2009-07-17T00:00:00Z,4.289999961853027,4.292500019073486
2009-07-20T00:00:00Z,4.313499927520752,4.411499977111816
2009-07-21T00:00:00Z,4.426000118255615,4.450500011444092
2009-07-22T00:00:00Z,4.432499885559082,4.439499855041504
2009-07-23T00:00:00Z,4.492000102996826,4.69350004196167
2009-07-24T00:00:00Z,4.380000114440918,4.32450008392334
2009-07-27T00:00:00Z,4.311999797821045,4.211999893188477
2009-07-28T00:00:00Z,4.191999912261963,4.249000072479248
2009-07-29T00:00:00Z,4.223499774932861,4.2170000076293945
2009-07-30T00:00:00Z,4.2820000648498535,4.304500102996826
2009-07-31T00:00:00Z,4.288000106811523,4.288000106811523
2009-08-03T00:00:00Z,4.328000068664551,4.372000217437744
2009-08-04T00:00:00Z,4.374000072479248,4.289999961853027
2009-08-05T00:00:00Z,4.2820000648498535,4.2144999504089355
2009-08-06T00:00:00Z,4.2154998779296875,4.223499774932861
2009-08-07T00:00:00Z,4.204999923706055,4.265999794006348
2009-08-10T00:00:00Z,4.250500202178955,4.2220001220703125
2009-08-11T00:00:00Z,4.182000160217285,4.177999973297119
2009-08-12T00:00:00Z,4.171000003814697,4.297999858856201
2009-08-13T00:00:00Z,4.285999774932861,4.230000019073486
2009-08-14T00:00:00Z,4.20550012588501,4.178999900817871
2009-08-17T00:00:00Z,4.058000087738037,4.052999973297119
2009-08-18T00:00:00Z,4.070499897003174,4.105999946594238
2009-08-19T00:00:00Z,4.045499801635742,4.150000095367432
2009-08-20T00:00:00Z,4.14900016784668,4.204500198364258
2009-08-21T00:00:00Z,4.238999843597412,4.25
2009-08-24T00:00:00Z,4.258500099182129,4.224999904632568
2009-08-25T00:00:00Z,4.232999801635742,4.209499835968018
2009-08-26T00:00:00Z,4.204999923706055,4.199999809265137
2009-08-27T00:00:00Z,4.200500011444092,4.2154998779296875
2009-08-28T00:00:00Z,4.238999843597412,4.138000011444092
2009-08-31T00:00:00Z,4.096499919891357,4.059500217437744
2009-09-01T00:00:00Z,4.0370001792907715,3.9579999446868896
2009-09-02T00:00:00Z,3.9519999027252197,3.9070000648498535
2009-09-03T00:00:00Z,3.9195001125335693,3.9230000972747803
2009-09-04T00:00:00Z,3.9135000705718994,3.94350004196167
2009-09-08T00:00:00Z,3.993000030517578,4.045000076293945
2009-09-09T00:00:00Z,4.03000020980835,4.111999988555908
2009-09-10T00:00:00Z,4.116499900817871,4.192500114440918
2009-09-11T00:00:00Z,4.2220001220703125,4.2270002365112305
2009-09-14T00:00:00Z,4.190499782562256,4.192999839782715
2009-09-15T00:00:00Z,4.208499908447266,4.177499771118164
2009-09-16T00:00:00Z,4.295499801635742,4.534999847412109
2009-09-17T00:00:00Z,4.537499904632568,4.521999835968018
2009-09-18T00:00:00Z,4.5370001792907715,4.513999938964844
2009-09-21T00:00:00Z,4.484499931335449,4.5279998779296875
2009-09-22T00:00:00Z,4.572999954223633,4.6875
2009-09-23T00:00:00Z,4.640999794006348,4.61899995803833
2009-09-24T00:00:00Z,4.599999904632568,4.605500221252441
2009-09-25T00:00:00Z,4.572000026702881,4.526000022888184
2009-09-28T00:00:00Z,4.552000045776367,4.610499858856201
2009-09-29T00:00:00Z,4.5980000495910645,4.585999965667725
2009-09-30T00:00:00Z,4.61299991607666,4.668000221252441
2009-10-01T00:00:00Z,4.625,4.552000045776367
2009-10-02T00:00:00Z,4.502500057220459,4.492499828338623
2009-10-05T00:00:00Z,4.512499809265137,4.433499813079834
2009-10-06T00:00:00Z,4.4664998054504395,4.545499801635742
2009-10-07T00:00:00Z,4.574999809265137,4.698500156402588
2009-10-08T00:00:00Z,4.739999771118164,4.761000156402588
2009-10-09T00:00:00Z,4.75,4.7855000495910645
2009-10-12T00:00:00Z,4.808499813079834,4.679999828338623
2009-10-13T00:00:00Z,4.691500186920166,4.741499900817871
2009-10-14T00:00:00Z,4.810999870300293,4.873000144958496
2009-10-15T00:00:00Z,4.756499767303467,4.80049991607666
2009-10-16T00:00:00Z,4.764999866485596,4.765999794006348
2009-10-19T00:00:00Z,4.767499923706055,4.734000205993652
2009-10-20T00:00:00Z,4.795499801635742,4.749000072479248
2009-10-21T00:00:00Z,4.763500213623047,4.671000003814697
2009-10-22T00:00:00Z,4.683000087738037,4.672500133514404
2009-10-23T00:00:00Z,5.552499771118164,5.924499988555908
2009-10-26T00:00:00Z,5.9604997634887695,6.23199987411499
2009-10-27T00:00:00Z,6.146500110626221,6.103499889373779
2009-10-28T00:00:00Z,6.078499794006348,6.081999778747559
2009-10-29T00:00:00Z,6.195000171661377,6.129000186920166
2009-10-30T00:00:00Z,6.098499774932861,5.940499782562256
2009-11-02T00:00:00Z,5.933000087738037,5.941999912261963
2009-11-03T00:00:00Z,5.883500099182129,5.918499946594238
2009-11-04T00:00:00Z,5.949999809265137,5.855000019073486
2009-11-05T00:00:00Z,5.873000144958496,6.0304999351501465
2009-11-06T00:00:00Z,6.150000095367432,6.309999942779541
2009-11-09T00:00:00Z,6.355500221252441,6.333499908447266
2009-11-10T00:00:00Z,6.340000152587891,6.507500171661377
2009-11-11T00:00:00Z,6.553999900817871,6.495500087738037
2009-11-12T00:00:00Z,6.499000072479248,6.526500225067139
2009-11-13T00:00:00Z,6.558000087738037,6.648499965667725
2009-11-16T00:00:00Z,6.605999946594238,6.579500198364258
2009-11-17T00:00:00Z,6.570000171661377,6.5625
2009-11-18T00:00:00Z,6.545000076293945,6.564499855041504
2009-11-19T00:00:00Z,6.5269999504089355,6.44950008392334
2009-11-20T00:00:00Z,6.388000011444092,6.482999801635742
2009-11-23T00:00:00Z,6.552499771118164,6.650000095367432
2009-11-24T00:00:00Z,6.678500175476074,6.646999835968018
2009-11-25T00:00:00Z,6.665500164031982,6.701499938964844
2009-11-27T00:00:00Z,6.514999866485596,6.586999893188477
2009-11-30T00:00:00Z,6.609499931335449,6.795499801635742
2009-12-01T00:00:00Z,6.8470001220703125,6.925000190734863
2009-12-02T00:00:00Z,6.957499980926514,7.112500190734863
2009-12-03T00:00:00Z,7.181000232696533,7.058499813079834
2009-12-04T00:00:00Z,7.171000003814697,6.879000186920166
2009-12-07T00:00:00Z,6.900000095367432,6.7104997634887695
2009-12-08T00:00:00Z,6.715000152587891,6.70550012588501
2009-12-09T00:00:00Z,6.730000019073486,6.565499782562256
2009-12-10T00:00:00Z,6.620500087738037,6.769000053405762
2009-12-11T00:00:00Z,6.803500175476074,6.707499980926514
2009-12-14T00:00:00Z,6.625,6.568999767303467
2009-12-15T00:00:00Z,6.538000106811523,6.511499881744385
2009-12-16T00:00:00Z,6.546500205993652,6.418000221252441
2009-12-17T00:00:00Z,6.4679999351501465,6.3454999923706055
2009-12-18T00:00:00Z,6.395500183105469,6.423999786376953
2009-12-21T00:00:00Z,6.52400016784668,6.639500141143799
2009-12-22T00:00:00Z,6.688000202178955,6.6875
2009-12-23T00:00:00Z,6.739999771118164,6.947000026702881
2009-12-24T00:00:00Z,6.960000038146973,6.923500061035156
2009-12-28T00:00:00Z,6.987500190734863,6.9654998779296875
2009-12-29T00:00:00Z,7.064499855041504,6.9704999923706055
2009-12-30T00:00:00Z,6.920000076293945,6.82450008392334
2009-12-31T00:00:00Z,6.854499816894531,6.72599983215332
2010-01-04T00:00:00Z,6.8125,6.695000171661377
2010-01-05T00:00:00Z,6.671500205993652,6.734499931335449
2010-01-06T00:00:00Z,6.730000019073486,6.612500190734863
2010-01-07T00:00:00Z,6.600500106811523,6.5
2010-01-08T00:00:00Z,6.5279998779296875,6.676000118255615
2010-01-11T00:00:00Z,6.63100004196167,6.515500068664551
2010-01-12T00:00:00Z,6.44950008392334,6.367499828338623
2010-01-13T00:00:00Z,6.394999980926514,6.45550012588501
2010-01-14T00:00:00Z,6.456999778747559,6.367499828338623
2010-01-15T00:00:00Z,6.459000110626221,6.35699987411499
2010-01-19T00:00:00Z,6.315499782562256,6.380499839782715
2010-01-20T00:00:00Z,6.356500148773193,6.289000034332275
2010-01-21T00:00:00Z,6.36299991607666,6.330999851226807
2010-01-22T00:00:00Z,6.28000020980835,6.071499824523926
2010-01-25T00:00:00Z,6.105000019073486,6.015500068664551
2010-01-26T00:00:00Z,6.0279998779296875,5.973999977111816
2010-01-27T00:00:00Z,6.051499843597412,6.137499809265137
2010-01-28T00:00:00Z,6.221499919891357,6.301499843597412
2010-01-29T00:00:00Z,6.488500118255615,6.270500183105469
2010-02-01T00:00:00Z,6.158999919891357,5.94350004196167
2010-02-02T00:00:00Z,5.939499855041504,5.906000137329102
2010-02-03T00:00:00Z,5.855999946594238,5.954999923706055
2010-02-04T00:00:00Z,5.932000160217285,5.796999931335449
2010-02-05T00:00:00Z,5.794000148773193,5.869500160217285
2010-02-08T00:00:00Z,5.968999862670898,5.8414998054504395
2010-02-09T00:00:00Z,5.909999847412109,5.901500225067139
2010-02-10T00:00:00Z,5.900000095367432,5.868000030517578
2010-02-11T00:00:00Z,5.860499858856201,6.004499912261963
2010-02-12T00:00:00Z,5.94950008392334,5.982999801635742
2010-02-16T00:00:00Z,6.002999782562256,5.876500129699707
2010-02-17T00:00:00Z,5.853499889373779,5.815499782562256
2010-02-18T00:00:00Z,5.791999816894531,5.9039998054504395
2010-02-19T00:00:00Z,5.895500183105469,5.875999927520752
2010-02-22T00:00:00Z,5.868500232696533,5.9004998207092285
2010-02-23T00:00:00Z,5.9004998207092285,5.861999988555908
2010-02-24T00:00:00Z,5.8979997634887695,5.986000061035156
2010-02-25T00:00:00Z,5.9085001945495605,5.909999847412109
2010-02-26T00:00:00Z,5.894000053405762,5.920000076293945
2010-03-01T00:00:00Z,5.934999942779541,6.2270002365112305
2010-03-02T00:00:00Z,6.250500202178955,6.276500225067139
2010-03-03T00:00:00Z,6.269999980926514,6.29449987411499
2010-03-04T00:00:00Z,6.298999786376953,6.426499843597412
2010-03-05T00:00:00Z,6.456500053405762,6.445499897003174
2010-03-08T00:00:00Z,6.414999961853027,6.505499839782715
2010-03-09T00:00:00Z,6.479499816894531,6.440999984741211
2010-03-10T00:00:00Z,6.45550012588501,6.5254998207092285
2010-03-11T00:00:00Z,6.522500038146973,6.678999900817871
2010-03-12T00:00:00Z,6.710000038146973,6.591000080108643
2010-03-15T00:00:00Z,6.585000038146973,6.55649995803833
2010-03-16T00:00:00Z,6.561999797821045,6.5894999504089355
2010-03-17T00:00:00Z,6.620500087738037,6.566999912261963
2010-03-18T00:00:00Z,6.551000118255615,6.638000011444092
2010-03-19T00:00:00Z,6.685500144958496,6.517499923706055
2010-03-22T00:00:00Z,6.510000228881836,6.523499965667725
2010-03-23T00:00:00Z,6.54449987411499,6.4629998207092285
2010-03-24T00:00:00Z,6.432000160217285,6.4019999504089355
2010-03-25T00:00:00Z,6.456999778747559,6.736499786376953
2010-03-26T00:00:00Z,6.744999885559082,6.752999782562256
2010-03-29T00:00:00Z,6.768499851226807,6.75600004196167
2010-03-30T00:00:00Z,6.7870001792907715,6.828999996185303
2010-03-31T00:00:00Z,6.800000190734863,6.78849983215332
2010-04-01T00:00:00Z,6.789999961853027,6.5904998779296875
2010-04-05T00:00:00Z,6.642499923706055,6.57450008392334
2010-04-06T00:00:00Z,6.561500072479248,6.7779998779296875
2010-04-07T00:00:00Z,6.797999858856201,6.743500232696533
2010-04-08T00:00:00Z,6.735499858856201,7.047999858856201
2010-04-09T00:00:00Z,7.035999774932861,7.002999782562256
2010-04-12T00:00:00Z,7.0,7.059999942779541
2010-04-13T00:00:00Z,7.061500072479248,7.007999897003174
2010-04-14T00:00:00Z,7.017000198364258,7.214000225067139
2010-04-15T00:00:00Z,7.227499961853027,7.290999889373779
2010-04-16T00:00:00Z,7.24399995803833,7.108500003814697
2010-04-19T00:00:00Z,7.117499828338623,7.121500015258789
2010-04-20T00:00:00Z,7.191500186920166,7.210000038146973
2010-04-21T00:00:00Z,7.258500099182129,7.321499824523926
2010-04-22T00:00:00Z,7.350500106811523,7.504499912261963
2010-04-23T00:00:00Z,7.269000053405762,7.18149995803833
2010-04-26T00:00:00Z,7.159999847412109,7.355500221252441
2010-04-27T00:00:00Z,7.277500152587891,7.10099983215332
2010-04-28T00:00:00Z,7.129499912261963,6.96750020980835
2010-04-29T00:00:00Z,7.004499912261963,7.08650016784668
2010-04-30T00:00:00Z,7.070000171661377,6.855000019073486
2010-05-03T00:00:00Z,6.860000133514404,6.874499797821045
2010-05-04T00:00:00Z,6.781000137329102,6.491499900817871
2010-05-05T00:00:00Z,6.400000095367432,6.546500205993652
2010-05-06T00:00:00Z,6.5,6.435500144958496
2010-05-07T00:00:00Z,6.398499965667725,6.249000072479248
2010-05-10T00:00:00Z,6.486499786376953,6.564499855041504
2010-05-11T00:00:00Z,6.497499942779541,6.5229997634887695
2010-05-12T00:00:00Z,6.570499897003174,6.69350004196167
2010-05-13T00:00:00Z,6.696499824523926,6.573500156402588
2010-05-14T00:00:00Z,6.51800012588501,6.426499843597412
2010-05-17T00:00:00Z,6.4120001792907715,6.445499897003174
2010-05-18T00:00:00Z,6.506999969482422,6.314000129699707
2010-05-19T00:00:00Z,6.2754998207092285,6.229499816894531
2010-05-20T00:00:00Z,6.131999969482422,5.985499858856201
2010-05-21T00:00:00Z,5.894999980926514,6.136000156402588
2010-05-24T00:00:00Z,6.128499984741211,6.105999946594238
2010-05-25T00:00:00Z,5.927000045776367,6.243000030517578
2010-05-26T00:00:00Z,6.252500057220459,6.1605000495910645
2010-05-27T00:00:00Z,6.249000072479248,6.335000038146973
2010-05-28T00:00:00Z,6.303500175476074,6.2729997634887695
2010-06-01T00:00:00Z,6.248499870300293,6.1620001792907715
2010-06-02T00:00:00Z,6.201000213623047,6.315499782562256
2010-06-03T00:00:00Z,6.3125,6.438000202178955
2010-06-04T00:00:00Z,6.316500186920166,6.138500213623047
2010-06-07T00:00:00Z,6.291999816894531,6.100500106811523
2010-06-08T00:00:00Z,6.099999904632568,5.941999912261963
2010-06-09T00:00:00Z,6.015500068664551,5.895500183105469
2010-06-10T00:00:00Z,6.0,6.1605000495910645
2010-06-11T00:00:00Z,6.069499969482422,6.151500225067139
2010-06-14T00:00:00Z,6.211999893188477,6.191500186920166
2010-06-15T00:00:00Z,6.159999847412109,6.3420000076293945
2010-06-16T00:00:00Z,6.269499778747559,6.34499979019165
2010-06-17T00:00:00Z,6.336999893188477,6.29449987411499
2010-06-18T00:00:00Z,6.323999881744385,6.291500091552734
2010-06-21T00:00:00Z,6.3394999504089355,6.127500057220459
2010-06-22T00:00:00Z,6.132500171661377,6.115499973297119
2010-06-23T00:00:00Z,6.105500221252441,6.072500228881836
2010-06-24T00:00:00Z,6.0304999351501465,5.916500091552734
2010-06-25T00:00:00Z,5.9070000648498535,6.050000190734863
2010-06-28T00:00:00Z,5.942500114440918,5.889999866485596
2010-06-29T00:00:00Z,5.813000202178955,5.430500030517578
2010-06-30T00:00:00Z,5.428999900817871,5.4629998207092285
2010-07-01T00:00:00Z,5.445000171661377,5.547999858856201
2010-07-02T00:00:00Z,5.546000003814697,5.456999778747559
2010-07-06T00:00:00Z,5.53249979019165,5.502999782562256
2010-07-07T00:00:00Z,5.492000102996826,5.671500205993652
2010-07-08T00:00:00Z,5.750999927520752,5.810999870300293
2010-07-09T00:00:00Z,5.827499866485596,5.86299991607666
2010-07-12T00:00:00Z,5.890500068664551,5.975500106811523
2010-07-13T00:00:00Z,6.0345001220703125,6.182499885559082
2010-07-14T00:00:00Z,6.151500225067139,6.164999961853027
2010-07-15T00:00:00Z,6.006499767303467,6.103000164031982
2010-07-16T00:00:00Z,6.064000129699707,5.924499988555908
2010-07-19T00:00:00Z,5.919000148773193,5.997000217437744
2010-07-20T00:00:00Z,6.0304999351501465,6.005000114440918
2010-07-21T00:00:00Z,6.031000137329102,5.871500015258789
2010-07-22T00:00:00Z,5.935500144958496,6.003499984741211
2010-07-23T00:00:00Z,5.296500205993652,5.94350004196167
2010-07-26T00:00:00Z,5.913000106811523,5.920000076293945
2010-07-27T00:00:00Z,5.921500205993652,5.856500148773193
2010-07-28T00:00:00Z,5.849999904632568,5.856500148773193
2010-07-29T00:00:00Z,5.899499893188477,5.8429999351501465
2010-07-30T00:00:00Z,5.776500225067139,5.894499778747559
2010-08-02T00:00:00Z,5.957499980926514,6.003499984741211
2010-08-03T00:00:00Z,6.0,6.120999813079834
2010-08-04T00:00:00Z,6.1529998779296875,6.379000186920166
2010-08-05T00:00:00Z,6.338500022888184,6.391499996185303
2010-08-06T00:00:00Z,6.335999965667725,6.415999889373779
2010-08-09T00:00:00Z,6.422999858856201,6.441500186920166
2010-08-10T00:00:00Z,6.397500038146973,6.5
2010-08-11T00:00:00Z,6.40500020980835,6.29449987411499
2010-08-12T00:00:00Z,6.188000202178955,6.328000068664551
2010-08-13T00:00:00Z,6.302999973297119,6.234499931335449
2010-08-16T00:00:00Z,6.180500030517578,6.303500175476074
2010-08-17T00:00:00Z,6.367000102996826,6.442999839782715
2010-08-18T00:00:00Z,6.462500095367432,6.482500076293945
2010-08-19T00:00:00Z,6.460999965667725,6.378499984741211
2010-08-20T00:00:00Z,6.360000133514404,6.388000011444092
2010-08-23T00:00:00Z,6.39300012588501,6.329999923706055
2010-08-24T00:00:00Z,6.270500183105469,6.226500034332275
2010-08-25T00:00:00Z,6.192500114440918,6.34250020980835
2010-08-26T00:00:00Z,6.357500076293945,6.243000030517578
2010-08-27T00:00:00Z,6.2729997634887695,6.331999778747559
2010-08-30T00:00:00Z,6.301499843597412,6.189499855041504
2010-08-31T00:00:00Z,6.142499923706055,6.241499900817871
2010-09-01T00:00:00Z,6.317999839782715,6.624499797821045
2010-09-02T00:00:00Z,6.608500003814697,6.760499954223633
2010-09-03T00:00:00Z,6.8445000648498535,6.939499855041504
2010-09-07T00:00:00Z,6.877999782562256,6.861000061035156
2010-09-08T00:00:00Z,6.896500110626221,6.956999778747559
2010-09-09T00:00:00Z,7.019499778747559,7.019000053405762
2010-09-10T00:00:00Z,7.037499904632568,7.122000217437744
2010-09-13T00:00:00Z,7.203499794006348,7.253499984741211
2010-09-14T00:00:00Z,7.224999904632568,7.287499904632568
2010-09-15T00:00:00Z,7.24399995803833,7.272500038146973
2010-09-16T00:00:00Z,7.269999980926514,7.406499862670898
2010-09-17T00:00:00Z,7.445000171661377,7.415999889373779
2010-09-20T00:00:00Z,7.434999942779541,7.565000057220459
2010-09-21T00:00:00Z,7.538000106811523,7.536499977111816
2010-09-22T00:00:00Z,7.492000102996826,7.5914998054504395
2010-09-23T00:00:00Z,7.559999942779541,7.642499923706055
2010-09-24T00:00:00Z,7.771500110626221,8.036499977111816
2010-09-27T00:00:00Z,8.01099967956543,7.968500137329102
2010-09-28T00:00:00Z,7.992000102996826,7.985000133514404
2010-09-29T00:00:00Z,7.951499938964844,7.94950008392334
2010-09-30T00:00:00Z,8.000499725341797,7.853000164031982
2010-10-01T00:00:00Z,7.854000091552734,7.685500144958496
2010-10-04T00:00:00Z,7.697500228881836,7.769499778747559
2010-10-05T00:00:00Z,7.854000091552734,8.043499946594238
2010-10-06T00:00:00Z,8.029999732971191,7.769999980926514
2010-10-07T00:00:00Z,7.825500011444092,7.813499927520752
2010-10-08T00:00:00Z,7.758999824523926,7.777500152587891
2010-10-11T00:00:00Z,7.744500160217285,7.651500225067139
2010-10-12T00:00:00Z,7.625500202178955,7.823999881744385
2010-10-13T00:00:00Z,7.834499835968018,7.758500099182129
2010-10-14T00:00:00Z,7.757999897003174,7.776500225067139
2010-10-15T00:00:00Z,7.921000003814697,8.232000350952148
2010-10-18T00:00:00Z,8.25,8.178000450134277
2010-10-19T00:00:00Z,8.034000396728516,7.933499813079834
2010-10-20T00:00:00Z,7.939000129699707,7.933499813079834
2010-10-21T00:00:00Z,8.133500099182129,8.248499870300293
2010-10-22T00:00:00Z,8.1225004196167,8.456500053405762
2010-10-25T00:00:00Z,8.578499794006348,8.449999809265137
2010-10-26T00:00:00Z,8.378499984741211,8.4975004196167
2010-10-27T00:00:00Z,8.445500373840332,8.375499725341797
2010-10-28T00:00:00Z,8.415499687194824,8.342000007629395
2010-10-29T00:00:00Z,8.289999961853027,8.261500358581543
2010-11-01T00:00:00Z,8.22249984741211,8.128999710083008
2010-11-02T00:00:00Z,8.1875,8.230500221252441
2010-11-03T00:00:00Z,8.270000457763672,8.423500061035156
2010-11-04T00:00:00Z,8.493000030517578,8.446499824523926
2010-11-05T00:00:00Z,8.467499732971191,8.53849983215332
2010-11-08T00:00:00Z,8.541999816894531,8.599499702453613
2010-11-09T00:00:00Z,8.633500099182129,8.513500213623047
2010-11-10T00:00:00Z,8.529500007629395,8.666500091552734
2010-11-11T00:00:00Z,8.550000190734863,8.518500328063965
2010-11-12T00:00:00Z,8.505999565124512,8.284000396728516
2010-11-15T00:00:00Z,8.258000373840332,7.945000171661377
2010-11-16T00:00:00Z,7.936999797821045,7.888999938964844
2010-11-17T00:00:00Z,7.892000198364258,7.917500019073486
2010-11-18T00:00:00Z,8.036999702453613,8.208499908447266
2010-11-19T00:00:00Z,8.197500228881836,8.241000175476074
2010-11-22T00:00:00Z,8.255000114440918,8.519499778747559
2010-11-23T00:00:00Z,8.430500030517578,8.40999984741211
2010-11-24T00:00:00Z,8.576499938964844,8.862500190734863
2010-11-26T00:00:00Z,8.868000030517578,8.859999656677246
2010-11-29T00:00:00Z,8.999500274658203,8.974499702453613
2010-11-30T00:00:00Z,8.84749984741211,8.770000457763672
2010-12-01T00:00:00Z,8.958000183105469,8.827500343322754
2010-12-02T00:00:00Z,8.843000411987305,8.826499938964844
2010-12-03T00:00:00Z,8.774999618530273,8.784000396728516
2010-12-06T00:00:00Z,8.776000022888184,8.90250015258789
2010-12-07T00:00:00Z,9.024999618530273,8.838500022888184
2010-12-08T00:00:00Z,8.874500274658203,8.814499855041504
2010-12-09T00:00:00Z,8.888500213623047,8.742500305175781
2010-12-10T00:00:00Z,8.744000434875488,8.781000137329102
2010-12-13T00:00:00Z,8.816499710083008,8.712499618530273
2010-12-14T00:00:00Z,8.71399974822998,8.696999549865723
2010-12-15T00:00:00Z,8.685999870300293,8.778499603271484
2010-12-16T00:00:00Z,8.779000282287598,8.902000427246094
2010-12-17T00:00:00Z,8.920499801635742,8.878999710083008
2010-12-20T00:00:00Z,8.963500022888184,9.16450023651123
2010-12-21T00:00:00Z,9.194000244140625,9.237500190734863
2010-12-22T00:00:00Z,9.25,9.23799991607666
2010-12-23T00:00:00Z,9.217000007629395,9.129500389099121
2010-12-27T00:00:00Z,9.095000267028809,9.107000350952148
2010-12-28T00:00:00Z,9.104999542236328,9.054499626159668
2010-12-29T00:00:00Z,9.09000015258789,9.168499946594238
2010-12-30T00:00:00Z,9.196000099182129,9.137499809265137
2010-12-31T00:00:00Z,9.097999572753906,9.0
2011-01-03T00:00:00Z,9.068499565124512,9.211000442504883
2011-01-04T00:00:00Z,9.307499885559082,9.250499725341797
2011-01-05T00:00:00Z,9.204999923706055,9.371000289916992
2011-01-06T00:00:00Z,9.324999809265137,9.293000221252441
2011-01-07T00:00:00Z,9.394000053405762,9.274499893188477
2011-01-10T00:00:00Z,9.251999855041504,9.234000205993652
2011-01-11T00:00:00Z,9.270999908447266,9.217000007629395
2011-01-12T00:00:00Z,9.267999649047852,9.204000473022461
2011-01-13T00:00:00Z,9.180000305175781,9.27649974822998
2011-01-14T00:00:00Z,9.274999618530273,9.4375
2011-01-18T00:00:00Z,9.432999610900879,9.5625
2011-01-19T00:00:00Z,9.545000076293945,9.343500137329102
2011-01-20T00:00:00Z,9.26449966430664,9.097999572753906
2011-01-21T00:00:00Z,9.149999618530273,8.871000289916992
2011-01-24T00:00:00Z,8.897500038146973,8.842499732971191
2011-01-25T00:00:00Z,8.774999618530273,8.835000038146973
2011-01-26T00:00:00Z,8.875499725341797,8.769499778747559
2011-01-27T00:00:00Z,8.87399959564209,9.22249984741211
2011-01-28T00:00:00Z,8.572500228881836,8.557000160217285
2011-01-31T00:00:00Z,8.508000373840332,8.482000350952148
2011-02-01T00:00:00Z,8.526000022888184,8.605500221252441
2011-02-02T00:00:00Z,8.571000099182129,8.67650032043457
2011-02-03T00:00:00Z,8.675000190734863,8.685500144958496
2011-02-04T00:00:00Z,8.699999809265137,8.796500205993652
2011-02-07T00:00:00Z,8.807499885559082,8.821499824523926
2011-02-08T00:00:00Z,8.833000183105469,9.152999877929688
2011-02-09T00:00:00Z,9.157500267028809,9.265000343322754
2011-02-10T00:00:00Z,9.219499588012695,9.310500144958496
2011-02-11T00:00:00Z,9.277999877929688,9.462499618530273
2011-02-14T00:00:00Z,9.462499618530273,9.520999908447266
2011-02-15T00:00:00Z,9.43649959564209,9.451499938964844
2011-02-16T00:00:00Z,9.488499641418457,9.331000328063965
2011-02-17T00:00:00Z,9.28849983215332,9.387999534606934
2011-02-18T00:00:00Z,9.376999855041504,9.324999809265137
2011-02-22T00:00:00Z,9.184000015258789,9.020999908447266
2011-02-23T00:00:00Z,9.012499809265137,8.833999633789062
2011-02-24T00:00:00Z,8.843000411987305,8.887499809265137
2011-02-25T00:00:00Z,8.947500228881836,8.862000465393066
2011-02-28T00:00:00Z,8.695500373840332,8.66450023651123
2011-03-01T00:00:00Z,8.67650032043457,8.472000122070312
2011-03-02T00:00:00Z,8.454500198364258,8.60099983215332
2011-03-03T00:00:00Z,8.685500144958496,8.63949966430664
2011-03-04T00:00:00Z,8.630999565124512,8.583499908447266
2011-03-07T00:00:00Z,8.595999717712402,8.454000473022461
2011-03-08T00:00:00Z,8.469499588012695,8.344499588012695
2011-03-09T00:00:00Z,8.333499908447266,8.452500343322754
2011-03-10T00:00:00Z,8.353500366210938,8.307000160217285
2011-03-11T00:00:00Z,8.274999618530273,8.403499603271484
2011-03-14T00:00:00Z,8.329999923706055,8.33650016784668
2011-03-15T00:00:00Z,8.069499969482422,8.253999710083008
2011-03-16T00:00:00Z,8.234999656677246,8.234999656677246
2011-03-17T00:00:00Z,8.295499801635742,8.048500061035156
2011-03-18T00:00:00Z,8.059499740600586,8.090999603271484
2011-03-21T00:00:00Z,8.168499946594238,8.22599983215332
2011-03-22T00:00:00Z,8.203499794006348,8.130000114440918
2011-03-23T00:00:00Z,8.114999771118164,8.265999794006348
2011-03-24T00:00:00Z,8.410499572753906,8.555000305175781
2011-03-25T00:00:00Z,8.581999778747559,8.548999786376953
2011-03-28T00:00:00Z,8.59000015258789,8.467499732971191
2011-03-29T00:00:00Z,8.536499977111816,8.730999946594238
2011-03-30T00:00:00Z,8.888999938964844,8.970999717712402
2011-03-31T00:00:00Z,8.965499877929688,9.006500244140625
2011-04-01T00:00:00Z,9.079000473022461,9.006500244140625
2011-04-04T00:00:00Z,9.044500350952148,9.147000312805176
2011-04-05T00:00:00Z,9.104999542236328,9.26449966430664
2011-04-06T00:00:00Z,9.307499885559082,9.137999534606934
2011-04-07T00:00:00Z,9.138999938964844,9.245499610900879
2011-04-08T00:00:00Z,9.262999534606934,9.23550033569336
2011-04-11T00:00:00Z,9.243000030517578,9.20199966430664
2011-04-12T00:00:00Z,9.152999877929688,9.02400016784668
2011-04-13T00:00:00Z,9.041500091552734,9.114500045776367
2011-04-14T00:00:00Z,9.069499969482422,9.090999603271484
2011-04-15T00:00:00Z,9.050000190734863,9.000499725341797
2011-04-18T00:00:00Z,8.918999671936035,8.916999816894531
2011-04-19T00:00:00Z,8.917499542236328,8.940999984741211
2011-04-20T00:00:00Z,9.081000328063965,9.193499565124512
2011-04-21T00:00:00Z,9.227999687194824,9.294500350952148
2011-04-25T00:00:00Z,9.282500267028809,9.270999908447266
2011-04-26T00:00:00Z,9.31350040435791,9.114999771118164
2011-04-27T00:00:00Z,9.15999984741211,9.831500053405762
2011-04-28T00:00:00Z,9.79800033569336,9.753499984741211
2011-04-29T00:00:00Z,9.718999862670898,9.790499687194824
2011-05-02T00:00:00Z,9.828499794006348,10.059499740600586
2011-05-03T00:00:00Z,10.050000190734863,9.922499656677246
2011-05-04T00:00:00Z,9.912500381469727,9.998499870300293
2011-05-05T00:00:00Z,9.932999610900879,9.855500221252441
2011-05-06T00:00:00Z,9.954999923706055,9.880000114440918
2011-05-09T00:00:00Z,9.916999816894531,10.039999961853027
2011-05-10T00:00:00Z,10.097000122070312,10.196999549865723
2011-05-11T00:00:00Z,10.156000137329102,10.218999862670898
2011-05-12T00:00:00Z,10.211000442504883,10.303500175476074
2011-05-13T00:00:00Z,10.28499984741211,10.128000259399414
2011-05-16T00:00:00Z,10.027000427246094,9.625499725341797
2011-05-17T00:00:00Z,9.590999603271484,9.740500450134277
2011-05-18T00:00:00Z,9.706500053405762,9.854499816894531
2011-05-19T00:00:00Z,9.916500091552734,9.9399995803833
2011-05-20T00:00:00Z,9.897500038146973,9.932499885559082
2011-05-23T00:00:00Z,9.777999877929688,9.810999870300293
2011-05-24T00:00:00Z,9.850000381469727,9.66349983215332
2011-05-25T00:00:00Z,9.678500175476074,9.61299991607666
2011-05-26T00:00:00Z,9.562000274658203,9.75
2011-05-27T00:00:00Z,9.73799991607666,9.706500053405762
2011-05-31T00:00:00Z,9.79699993133545,9.834500312805176
2011-06-01T00:00:00Z,9.803000450134277,9.619999885559082
2011-06-02T00:00:00Z,9.61400032043457,9.682499885559082
2011-06-03T00:00:00Z,9.56149959564209,9.416000366210938
2011-06-06T00:00:00Z,9.400500297546387,9.284500122070312
2011-06-07T00:00:00Z,9.28600025177002,9.3774995803833
2011-06-08T00:00:00Z,9.3725004196167,9.40250015258789
2011-06-09T00:00:00Z,9.487000465393066,9.484000205993652
2011-06-10T00:00:00Z,9.462499618530273,9.326499938964844
2011-06-13T00:00:00Z,9.340499877929688,9.314499855041504
2011-06-14T00:00:00Z,9.44950008392334,9.498000144958496
2011-06-15T00:00:00Z,9.402000427246094,9.298999786376953
2011-06-16T00:00:00Z,9.286999702453613,9.182499885559082
2011-06-17T00:00:00Z,9.325499534606934,9.318499565124512
2011-06-20T00:00:00Z,9.29800033569336,9.38599967956543
2011-06-21T00:00:00Z,9.414999961853027,9.71150016784668
2011-06-22T00:00:00Z,9.697999954223633,9.581500053405762
2011-06-23T00:00:00Z,9.475000381469727,9.708000183105469
2011-06-24T00:00:00Z,9.694000244140625,9.6274995803833
2011-06-27T00:00:00Z,9.725000381469727,10.0625
2011-06-28T00:00:00Z,10.095999717712402,10.117500305175781
2011-06-29T00:00:00Z,10.133500099182129,10.208999633789062
2011-06-30T00:00:00Z,10.038999557495117,10.224499702453613
2011-07-01T00:00:00Z,10.27750015258789,10.474499702453613
2011-07-05T00:00:00Z,10.437999725341797,10.659500122070312
2011-07-06T00:00:00Z,10.605999946594238,10.709500312805176
2011-07-07T00:00:00Z,10.754500389099121,10.836999893188477
2011-07-08T00:00:00Z,10.71500015258789,10.913999557495117
2011-07-11T00:00:00Z,10.836999893188477,10.6274995803833
2011-07-12T00:00:00Z,10.732000350952148,10.56149959564209
2011-07-13T00:00:00Z,10.734999656677246,10.675000190734863
2011-07-14T00:00:00Z,10.678999900817871,10.519000053405762
2011-07-15T00:00:00Z,10.654000282287598,10.643500328063965
2011-07-18T00:00:00Z,10.626500129699707,10.576499938964844
2011-07-19T00:00:00Z,10.68850040435791,10.902999877929688
2011-07-20T00:00:00Z,11.0024995803833,10.77750015258789
2011-07-21T00:00:00Z,10.836999893188477,10.660499572753906
2011-07-22T00:00:00Z,10.692999839782715,10.826000213623047
2011-07-25T00:00:00Z,10.774499893188477,10.674500465393066
2011-07-26T00:00:00Z,10.749500274658203,10.708999633789062
2011-07-27T00:00:00Z,11.219499588012695,11.12600040435791
2011-07-28T00:00:00Z,11.16349983215332,11.194999694824219
2011-07-29T00:00:00Z,11.064499855041504,11.12600040435791
2011-08-01T00:00:00Z,11.25,11.065999984741211
2011-08-02T00:00:00Z,11.015999794006348,10.585000038146973
2011-08-03T00:00:00Z,10.648500442504883,10.498000144958496
2011-08-04T00:00:00Z,10.33650016784668,10.074000358581543
2011-08-05T00:00:00Z,10.233499526977539,10.135000228881836
2011-08-08T00:00:00Z,9.819999694824219,9.6850004196167
2011-08-09T00:00:00Z,9.835000038146973,10.254500389099121
2011-08-10T00:00:00Z,10.038000106811523,9.706500053405762
2011-08-11T00:00:00Z,9.850500106811523,9.918000221252441
2011-08-12T00:00:00Z,10.013999938964844,10.114999771118164
2011-08-15T00:00:00Z,10.102999687194824,10.147500038146973
2011-08-16T00:00:00Z,10.057000160217285,9.883999824523926
2011-08-17T00:00:00Z,9.92650032043457,9.796500205993652
2011-08-18T00:00:00Z,9.560500144958496,9.12600040435791
2011-08-19T00:00:00Z,9.01449966430664,8.946499824523926
2011-08-22T00:00:00Z,9.141500473022461,8.876999855041504
2011-08-23T00:00:00Z,8.946000099182129,9.677499771118164
2011-08-24T00:00:00Z,9.694499969482422,9.68649959564209
2011-08-25T00:00:00Z,9.720499992370605,9.601499557495117
2011-08-26T00:00:00Z,9.562000274658203,9.963500022888184
2011-08-29T00:00:00Z,10.140999794006348,10.326499938964844
2011-08-30T00:00:00Z,10.288999557495117,10.545999526977539
2011-08-31T00:00:00Z,10.613499641418457,10.761500358581543
2011-09-01T00:00:00Z,10.763999938964844,10.626999855041504
2011-09-02T00:00:00Z,10.446999549865723,10.5
2011-09-06T00:00:00Z,10.238499641418457,10.809000015258789
2011-09-07T00:00:00Z,10.9399995803833,10.994999885559082
2011-09-08T00:00:00Z,10.914999961853027,10.86299991607666
2011-09-09T00:00:00Z,10.7524995803833,10.569499969482422
2011-09-12T00:00:00Z,10.4375,10.82800006866455
2011-09-13T00:00:00Z,10.88949966430664,10.976499557495117
2011-09-14T00:00:00Z,11.01099967956543,11.128499984741211
2011-09-15T00:00:00Z,11.19950008392334,11.33899974822998
2011-09-16T00:00:00Z,11.378499984741211,11.96500015258789
2011-09-19T00:00:00Z,11.855500221252441,12.084500312805176
2011-09-20T00:00:00Z,12.039999961853027,11.662500381469727
2011-09-21T00:00:00Z,11.725500106811523,11.593500137329102
2011-09-22T00:00:00Z,11.236000061035156,11.161499977111816
2011-09-23T00:00:00Z,11.025500297546387,11.180500030517578
2011-09-26T00:00:00Z,11.37399959564209,11.492500305175781
2011-09-27T00:00:00Z,11.711000442504883,11.21049976348877
2011-09-28T00:00:00Z,11.317500114440918,11.48550033569336
2011-09-29T00:00:00Z,11.708499908447266,11.121999740600586
2011-09-30T00:00:00Z,10.909500122070312,10.81149959564209
2011-10-03T00:00:00Z,10.850500106811523,10.598999977111816
2011-10-04T00:00:00Z,10.480999946594238,10.625
2011-10-05T00:00:00Z,10.626500129699707,10.975000381469727
2011-10-06T00:00:00Z,11.013999938964844,11.075499534606934
2011-10-07T00:00:00Z,11.12399959564209,11.237000465393066
2011-10-10T00:00:00Z,11.31149959564209,11.565999984741211
2011-10-11T00:00:00Z,11.529999732971191,11.77400016784668
2011-10-12T00:00:00Z,11.831999778747559,11.840499877929688
2011-10-13T00:00:00Z,11.850000381469727,11.807499885559082
2011-10-14T00:00:00Z,12.043499946594238,12.33549976348877
2011-10-17T00:00:00Z,12.214500427246094,12.116499900817871
2011-10-18T00:00:00Z,12.115500450134277,12.194000244140625
2011-10-19T00:00:00Z,12.033499717712402,11.576499938964844
2011-10-20T00:00:00Z,11.606499671936035,11.680500030517578
2011-10-21T00:00:00Z,11.845499992370605,11.73900032043457
2011-10-24T00:00:00Z,11.800999641418457,11.880499839782715
2011-10-25T00:00:00Z,11.929499626159668,11.357500076293945
2011-10-26T00:00:00Z,10.184499740600586,9.920000076293945
2011-10-27T00:00:00Z,10.213000297546387,10.33899974822998
2011-10-28T00:00:00Z,10.326499938964844,10.866000175476074
2011-10-31T00:00:00Z,10.78950023651123,10.67549991607666
2011-11-01T00:00:00Z,10.405500411987305,10.604999542236328
2011-11-02T00:00:00Z,10.77750015258789,10.781000137329102
2011-11-03T00:00:00Z,10.8149995803833,10.91450023651123
2011-11-04T00:00:00Z,10.882499694824219,10.824000358581543
2011-11-07T00:00:00Z,10.842000007629395,10.850000381469727
2011-11-08T00:00:00Z,10.960000038146973,10.899499893188477
2011-11-09T00:00:00Z,10.7475004196167,10.560999870300293
2011-11-10T00:00:00Z,10.675000190734863,10.53950023651123
2011-11-11T00:00:00Z,10.62600040435791,10.869500160217285
2011-11-14T00:00:00Z,10.782500267028809,10.946499824523926
2011-11-15T00:00:00Z,10.899999618530273,10.891500473022461
2011-11-16T00:00:00Z,10.81350040435791,10.599499702453613
2011-11-17T00:00:00Z,10.625499725341797,10.22599983215332
2011-11-18T00:00:00Z,10.266500473022461,9.857000350952148
2011-11-21T00:00:00Z,9.66450023651123,9.462499618530273
2011-11-22T00:00:00Z,9.34749984741211,9.616999626159668
2011-11-23T00:00:00Z,9.652999877929688,9.44950008392334
2011-11-25T00:00:00Z,9.520500183105469,9.119999885559082
2011-11-28T00:00:00Z,9.582500457763672,9.707500457763672
2011-11-29T00:00:00Z,9.73900032043457,9.419500350952148
2011-11-30T00:00:00Z,9.73799991607666,9.614500045776367
2011-12-01T00:00:00Z,9.592499732971191,9.856499671936035
2011-12-02T00:00:00Z,9.853500366210938,9.80150032043457
2011-12-05T00:00:00Z,9.942999839782715,9.812000274658203
2011-12-06T00:00:00Z,9.798999786376953,9.599499702453613
2011-12-07T00:00:00Z,9.55150032043457,9.765999794006348
2011-12-08T00:00:00Z,9.678500175476074,9.52400016784668
2011-12-09T00:00:00Z,9.560500144958496,9.65149974822998
2011-12-12T00:00:00Z,9.501500129699707,9.47599983215332
2011-12-13T00:00:00Z,9.428000450134277,9.025500297546387
2011-12-14T00:00:00Z,8.949999809265137,9.010499954223633
2011-12-15T00:00:00Z,9.102499961853027,9.062999725341797
2011-12-16T00:00:00Z,9.121000289916992,9.062999725341797
2011-12-19T00:00:00Z,9.100000381469727,8.966500282287598
2011-12-20T00:00:00Z,9.134499549865723,9.12600040435791
2011-12-21T00:00:00Z,9.095999717712402,8.717499732971191
2011-12-22T00:00:00Z,8.754500389099121,8.951499938964844
2011-12-23T00:00:00Z,8.961000442504883,8.86400032043457
2011-12-27T00:00:00Z,8.886500358581543,8.81350040435791
2011-12-28T00:00:00Z,8.819499969482422,8.694499969482422
2011-12-29T00:00:00Z,8.480999946594238,8.692999839782715
2011-12-30T00:00:00Z,8.668000221252441,8.654999732971191
2012-01-03T00:00:00Z,8.794500350952148,8.951499938964844
2012-01-04T00:00:00Z,8.96049976348877,8.875499725341797
2012-01-05T00:00:00Z,8.79699993133545,8.880499839782715
2012-01-06T00:00:00Z,8.903499603271484,9.130499839782715
2012-01-09T00:00:00Z,9.137999534606934,8.928000450134277
2012-01-10T00:00:00Z,9.055000305175781,8.967000007629395
2012-01-11T00:00:00Z,8.982000350952148,8.944999694824219
2012-01-12T00:00:00Z,8.970999717712402,8.796500205993652
2012-01-13T00:00:00Z,8.790499687194824,8.920999526977539
2012-01-17T00:00:00Z,9.007499694824219,9.083000183105469
2012-01-18T00:00:00Z,9.097000122070312,9.472000122070312
2012-01-19T00:00:00Z,9.543999671936035,9.72249984741211
2012-01-20T00:00:00Z,9.535499572753906,9.546500205993652
2012-01-23T00:00:00Z,9.53950023651123,9.304499626159668
2012-01-24T00:00:00Z,9.25,9.350000381469727
2012-01-25T00:00:00Z,9.349499702453613,9.390000343322754
2012-01-26T00:00:00Z,9.46500015258789,9.666000366210938
2012-01-27T00:00:00Z,9.654500007629395,9.768500328063965
2012-01-30T00:00:00Z,9.684000015258789,9.607500076293945
2012-01-31T00:00:00Z,9.699999809265137,9.722000122070312
2012-02-01T00:00:00Z,8.690500259399414,8.972999572753906
2012-02-02T00:00:00Z,8.982500076293945,9.086000442504883
2012-02-03T00:00:00Z,9.141500473022461,9.383999824523926
2012-02-06T00:00:00Z,9.314000129699707,9.156999588012695
2012-02-07T00:00:00Z,9.132499694824219,9.209500312805176
2012-02-08T00:00:00Z,9.2475004196167,9.27400016784668
2012-02-09T00:00:00Z,9.225000381469727,9.24899959564209
2012-02-10T00:00:00Z,9.170999526977539,9.277000427246094
2012-02-13T00:00:00Z,9.358499526977539,9.579500198364258
2012-02-14T00:00:00Z,9.553999900817871,9.5649995803833
2012-02-15T00:00:00Z,9.564499855041504,9.22350025177002
2012-02-16T00:00:00Z,8.88949966430664,8.996500015258789
2012-02-17T00:00:00Z,9.004500389099121,9.125
2012-02-21T00:00:00Z,9.132499694824219,9.11299991607666
2012-02-22T00:00:00Z,9.09749984741211,9.029000282287598
2012-02-23T00:00:00Z,8.982000350952148,8.944499969482422
2012-02-24T00:00:00Z,8.984999656677246,8.956500053405762
2012-02-27T00:00:00Z,8.876999855041504,8.92650032043457
2012-02-28T00:00:00Z,8.944999694824219,9.1899995803833
2012-02-29T00:00:00Z,9.194499969482422,8.98449993133545
2012-03-01T00:00:00Z,8.994500160217285,9.001999855041504
2012-03-02T00:00:00Z,8.973999977111816,8.96500015258789
2012-03-05T00:00:00Z,8.949999809265137,9.012999534606934
2012-03-06T00:00:00Z,8.934000015258789,9.054499626159668
2012-03-07T00:00:00Z,9.132499694824219,9.18850040435791
2012-03-08T00:00:00Z,9.208499908447266,9.381999969482422
2012-03-09T00:00:00Z,9.339500427246094,9.215999603271484
2012-03-12T00:00:00Z,9.206500053405762,9.169500350952148
2012-03-13T00:00:00Z,9.196000099182129,9.229499816894531
2012-03-14T00:00:00Z,9.182499885559082,9.11299991607666
2012-03-15T00:00:00Z,9.10099983215332,9.221500396728516
2012-03-16T00:00:00Z,9.163999557495117,9.2524995803833
2012-03-19T00:00:00Z,9.172499656677246,9.276000022888184
2012-03-20T00:00:00Z,9.244000434875488,9.616499900817871
2012-03-21T00:00:00Z,9.625,9.58650016784668
2012-03-22T00:00:00Z,9.527000427246094,9.619999885559082
2012-03-23T00:00:00Z,9.600500106811523,9.751999855041504
2012-03-26T00:00:00Z,9.824000358581543,10.143500328063965
2012-03-27T00:00:00Z,10.179499626159668,10.272000312805176
2012-03-28T00:00:00Z,10.307000160217285,10.057999610900879
2012-03-29T00:00:00Z,10.064000129699707,10.230500221252441
2012-03-30T00:00:00Z,10.25100040435791,10.125499725341797
2012-04-02T00:00:00Z,9.901000022888184,9.90250015258789
2012-04-03T00:00:00Z,9.911999702453613,9.982999801635742
2012-04-04T00:00:00Z,9.84749984741211,9.69950008392334
2012-04-05T00:00:00Z,9.677499771118164,9.719499588012695
2012-04-09T00:00:00Z,9.60099983215332,9.593500137329102
2012-04-10T00:00:00Z,9.637499809265137,9.348999977111816
2012-04-11T00:00:00Z,9.481499671936035,9.398500442504883
2012-04-12T00:00:00Z,9.402999877929688,9.534500122070312
2012-04-13T00:00:00Z,9.494999885559082,9.42300033569336
2012-04-16T00:00:00Z,9.450499534606934,9.274999618530273
2012-04-17T00:00:00Z,9.36050033569336,9.419500350952148
2012-04-18T00:00:00Z,9.440999984741211,9.553500175476074
2012-04-19T00:00:00Z,9.646499633789062,9.555000305175781
2012-04-20T00:00:00Z,9.616999626159668,9.49899959564209
2012-04-23T00:00:00Z,9.44950008392334,9.411999702453613
2012-04-24T00:00:00Z,9.434000015258789,9.516500473022461
2012-04-25T00:00:00Z,9.583499908447266,9.720999717712402
2012-04-26T00:00:00Z,9.678500175476074,9.799500465393066
2012-04-27T00:00:00Z,11.241499900817871,11.342499732971191
2012-04-30T00:00:00Z,11.197500228881836,11.595000267028809
2012-05-01T00:00:00Z,11.470000267028809,11.501999855041504
2012-05-02T00:00:00Z,11.390999794006348,11.512499809265137
2012-05-03T00:00:00Z,11.487000465393066,11.47249984741211
2012-05-04T00:00:00Z,11.390000343322754,11.19950008392334
2012-05-07T00:00:00Z,11.118000030517578,11.258000373840332
2012-05-08T00:00:00Z,11.157500267028809,11.194999694824219
2012-05-09T00:00:00Z,11.029500007629395,11.14900016784668
2012-05-10T00:00:00Z,11.195500373840332,11.334500312805176
2012-05-11T00:00:00Z,11.297499656677246,11.383999824523926
2012-05-14T00:00:00Z,11.279999732971191,11.146499633789062
2012-05-15T00:00:00Z,11.324999809265137,11.219499588012695
2012-05-16T00:00:00Z,11.25,11.20300006866455
2012-05-17T00:00:00Z,11.2524995803833,10.918000221252441
2012-05-18T00:00:00Z,10.970499992370605,10.692500114440918
2012-05-21T00:00:00Z,10.701499938964844,10.905500411987305
2012-05-22T00:00:00Z,10.915499687194824,10.766500473022461
2012-05-23T00:00:00Z,10.73550033569336,10.86400032043457
2012-05-24T00:00:00Z,10.848999977111816,10.76200008392334
2012-05-25T00:00:00Z,10.749500274658203,10.644499778747559
2012-05-29T00:00:00Z,10.71500015258789,10.737500190734863
2012-05-30T00:00:00Z,10.607000350952148,10.46150016784668
2012-05-31T00:00:00Z,10.473999977111816,10.645500183105469
2012-06-01T00:00:00Z,10.42199993133545,10.41100025177002
2012-06-04T00:00:00Z,10.369999885559082,10.728500366210938
2012-06-05T00:00:00Z,10.692500114440918,10.660499572753906
2012-06-06T00:00:00Z,10.731499671936035,10.881999969482422
2012-06-07T00:00:00Z,10.982500076293945,10.9399995803833
2012-06-08T00:00:00Z,10.930500030517578,10.923999786376953
2012-06-11T00:00:00Z,10.874500274658203,10.824999809265137
2012-06-12T00:00:00Z,10.882499694824219,10.821000099182129
2012-06-13T00:00:00Z,10.776000022888184,10.736499786376953
2012-06-14T00:00:00Z,10.762999534606934,10.72249984741211
2012-06-15T00:00:00Z,10.76449966430664,10.917499542236328
2012-06-18T00:00:00Z,10.86400032043457,11.133000373840332
2012-06-19T00:00:00Z,11.163000106811523,11.201499938964844
2012-06-20T00:00:00Z,11.225500106811523,11.151000022888184
2012-06-21T00:00:00Z,11.192000389099121,11.028499603271484
2012-06-22T00:00:00Z,11.091500282287598,11.107999801635742
2012-06-25T00:00:00Z,11.015000343322754,11.003499984741211
2012-06-26T00:00:00Z,11.072500228881836,11.280500411987305
2012-06-27T00:00:00Z,11.250499725341797,11.281000137329102
2012-06-28T00:00:00Z,11.196000099182129,11.065500259399414
2012-06-29T00:00:00Z,11.234999656677246,11.417499542236328
2012-07-02T00:00:00Z,11.46500015258789,11.465999603271484
2012-07-03T00:00:00Z,11.456999778747559,11.476499557495117
2012-07-05T00:00:00Z,11.430999755859375,11.352999687194824
2012-07-06T00:00:00Z,11.317500114440918,11.2524995803833
2012-07-09T00:00:00Z,11.25,11.2524995803833
2012-07-10T00:00:00Z,11.3125,10.975000381469727
2012-07-11T00:00:00Z,10.947500228881836,10.918499946594238
2012-07-12T00:00:00Z,10.830499649047852,10.767999649047852
2012-07-13T00:00:00Z,10.781499862670898,10.919500350952148
2012-07-16T00:00:00Z,10.829999923706055,10.80049991607666
2012-07-17T00:00:00Z,10.8725004196167,10.846500396728516
2012-07-18T00:00:00Z,10.807499885559082,10.873499870300293
2012-07-19T00:00:00Z,11.036499977111816,11.308500289916992
2012-07-20T00:00:00Z,11.267999649047852,11.41450023651123
2012-07-23T00:00:00Z,11.236000061035156,11.30049991607666
2012-07-24T00:00:00Z,11.31350040435791,11.152000427246094
2012-07-25T00:00:00Z,11.100000381469727,10.852499961853027
2012-07-26T00:00:00Z,11.0,11.000499725341797
2012-07-27T00:00:00Z,11.262499809265137,11.866000175476074
2012-07-30T00:00:00Z,11.850000381469727,11.804499626159668
2012-07-31T00:00:00Z,11.755000114440918,11.664999961853027
2012-08-01T00:00:00Z,11.706999778747559,11.604499816894531
2012-08-02T00:00:00Z,11.527999877929688,11.540499687194824
2012-08-03T00:00:00Z,11.701499938964844,11.748499870300293
2012-08-06T00:00:00Z,11.777999877929688,11.69950008392334
2012-08-07T00:00:00Z,11.706500053405762,11.82800006866455
2012-08-08T00:00:00Z,11.76449966430664,11.718999862670898
2012-08-09T00:00:00Z,11.696499824523926,11.70300006866455
2012-08-10T00:00:00Z,11.654000282287598,11.637499809265137
2012-08-13T00:00:00Z,11.611499786376953,11.621999740600586
2012-08-14T00:00:00Z,11.73550033569336,11.659500122070312
2012-08-15T00:00:00Z,11.61299991607666,11.871000289916992
2012-08-16T00:00:00Z,11.88599967956543,12.077500343322754
2012-08-17T00:00:00Z,12.029999732971191,12.058500289916992
2012-08-20T00:00:00Z,12.068499565124512,12.017499923706055
2012-08-21T00:00:00Z,12.043999671936035,11.97249984741211
2012-08-22T00:00:00Z,11.970000267028809,12.154999732971191
2012-08-23T00:00:00Z,12.107000350952148,12.0600004196167
2012-08-24T00:00:00Z,12.083999633789062,12.286999702453613
2012-08-27T00:00:00Z,12.28950023651123,12.196000099182129
2012-08-28T00:00:00Z,12.19849967956543,12.305500030517578
2012-08-29T00:00:00Z,12.33899974822998,12.355999946594238
2012-08-30T00:00:00Z,12.349499702453613,12.310999870300293
2012-08-31T00:00:00Z,12.403499603271484,12.41349983215332
2012-09-04T00:00:00Z,12.41349983215332,12.394000053405762
2012-09-05T00:00:00Z,12.380499839782715,12.310999870300293
2012-09-06T00:00:00Z,12.411499977111816,12.569000244140625
2012-09-07T00:00:00Z,12.692500114440918,12.956999778747559
2012-09-10T00:00:00Z,12.949999809265137,12.854499816894531
2012-09-11T00:00:00Z,12.880000114440918,12.783499717712402
2012-09-12T00:00:00Z,12.824999809265137,12.781499862670898
2012-09-13T00:00:00Z,12.746999740600586,13.01200008392334
2012-09-14T00:00:00Z,13.069999694824219,13.06350040435791
2012-09-17T00:00:00Z,13.0625,12.899999618530273
2012-09-18T00:00:00Z,12.923999786376953,12.9375
2012-09-19T00:00:00Z,12.97249984741211,13.083999633789062
2012-09-20T00:00:00Z,13.001500129699707,13.040499687194824
2012-09-21T00:00:00Z,13.086999893188477,12.873499870300293
2012-09-24T00:00:00Z,12.76099967956543,12.739999771118164
2012-09-25T00:00:00Z,12.816499710083008,12.623000144958496
2012-09-26T00:00:00Z,12.619999885559082,12.483499526977539
2012-09-27T00:00:00Z,12.527000427246094,12.829500198364258
2012-09-28T00:00:00Z,12.807000160217285,12.715999603271484
2012-10-01T00:00:00Z,12.770000457763672,12.600500106811523
2012-10-02T00:00:00Z,12.640000343322754,12.529999732971191
2012-10-03T00:00:00Z,12.560500144958496,12.795999526977539
2012-10-04T00:00:00Z,12.80049991607666,13.023500442504883
2012-10-05T00:00:00Z,13.0600004196167,12.92549991607666
2012-10-08T00:00:00Z,12.883500099182129,12.95300006866455
2012-10-09T00:00:00Z,12.933500289916992,12.54800033569336
2012-10-10T00:00:00Z,12.600000381469727,12.249500274658203
2012-10-11T00:00:00Z,12.399999618530273,12.211000442504883
2012-10-12T00:00:00Z,12.159000396728516,12.118000030517578
2012-10-15T00:00:00Z,12.142499923706055,12.208999633789062
2012-10-16T00:00:00Z,12.243499755859375,12.196999549865723
2012-10-17T00:00:00Z,12.168499946594238,12.374500274658203
2012-10-18T00:00:00Z,12.388500213623047,12.242500305175781
2012-10-19T00:00:00Z,12.258000373840332,12.0
2012-10-22T00:00:00Z,11.940500259399414,11.689000129699707
2012-10-23T00:00:00Z,11.552499771118164,11.715499877929688
2012-10-24T00:00:00Z,11.793999671936035,11.424500465393066
2012-10-25T00:00:00Z,11.545999526977539,11.145999908447266
2012-10-26T00:00:00Z,11.430000305175781,11.911999702453613
2012-10-31T00:00:00Z,11.815999984741211,11.644499778747559
2012-11-01T00:00:00Z,11.71150016784668,11.607000350952148
2012-11-02T00:00:00Z,11.700499534606934,11.621000289916992
2012-11-05T00:00:00Z,11.60200023651123,11.716500282287598
2012-11-06T00:00:00Z,11.770500183105469,11.878000259399414
2012-11-07T00:00:00Z,11.782500267028809,11.602999687194824
2012-11-08T00:00:00Z,11.611000061035156,11.367500305175781
2012-11-09T00:00:00Z,11.312999725341797,11.315500259399414
2012-11-12T00:00:00Z,11.329500198364258,11.32349967956543
2012-11-13T00:00:00Z,11.255999565124512,11.329999923706055
2012-11-14T00:00:00Z,11.324999809265137,11.147500038146973
2012-11-15T00:00:00Z,11.114999771118164,11.029999732971191
2012-11-16T00:00:00Z,11.065500259399414,11.261500358581543
2012-11-19T00:00:00Z,11.416000366210938,11.48550033569336
2012-11-20T00:00:00Z,11.5,11.689000129699707
2012-11-21T00:00:00Z,11.692000389099121,11.90149974822998
2012-11-23T00:00:00Z,11.994500160217285,11.994000434875488
2012-11-26T00:00:00Z,12.019499778747559,12.180999755859375
2012-11-27T00:00:00Z,12.16100025177002,12.170000076293945
2012-11-28T00:00:00Z,12.1225004196167,12.355500221252441
2012-11-29T00:00:00Z,12.40250015258789,12.56350040435791
2012-11-30T00:00:00Z,12.519000053405762,12.602499961853027
2012-12-03T00:00:00Z,12.626999855041504,12.516500473022461
2012-12-04T00:00:00Z,12.496999740600586,12.624500274658203
2012-12-05T00:00:00Z,12.621999740600586,12.697999954223633
2012-12-06T00:00:00Z,12.649999618530273,12.668499946594238
2012-12-07T00:00:00Z,12.706999778747559,12.66349983215332
2012-12-10T00:00:00Z,12.654999732971191,12.388500213623047
2012-12-11T00:00:00Z,12.425000190734863,12.534500122070312
2012-12-12T00:00:00Z,12.553500175476074,12.588000297546387
2012-12-13T00:00:00Z,12.555500030517578,12.5625
2012-12-14T00:00:00Z,12.505499839782715,12.459500312805176
2012-12-17T00:00:00Z,12.490500450134277,12.692999839782715
2012-12-18T00:00:00Z,12.728500366210938,13.020000457763672
2012-12-19T00:00:00Z,13.0649995803833,12.899499893188477
2012-12-20T00:00:00Z,12.918000221252441,13.074999809265137
2012-12-21T00:00:00Z,12.890999794006348,12.845999717712402
2012-12-24T00:00:00Z,12.864999771118164,12.930999755859375
2012-12-26T00:00:00Z,12.857500076293945,12.431500434875488
2012-12-27T00:00:00Z,12.413999557495117,12.415499687194824
2012-12-28T00:00:00Z,12.292499542236328,12.258999824523926
2012-12-31T00:00:00Z,12.1875,12.543499946594238
2013-01-02T00:00:00Z,12.803999900817871,12.865500450134277
2013-01-03T00:00:00Z,12.863499641418457,12.923999786376953
2013-01-04T00:00:00Z,12.878999710083008,12.957500457763672
2013-01-07T00:00:00Z,13.148500442504883,13.42300033569336
2013-01-08T00:00:00Z,13.353500366210938,13.319000244140625
2013-01-09T00:00:00Z,13.408499717712402,13.317500114440918
2013-01-10T00:00:00Z,13.427000045776367,13.267000198364258
2013-01-11T00:00:00Z,13.255000114440918,13.397000312805176
2013-01-14T00:00:00Z,13.399999618530273,13.636500358581543
2013-01-15T00:00:00Z,13.534000396728516,13.595000267028809
2013-01-16T00:00:00Z,13.52649974822998,13.446499824523926
2013-01-17T00:00:00Z,13.574999809265137,13.52400016784668
2013-01-18T00:00:00Z,13.541500091552734,13.605999946594238
2013-01-22T00:00:00Z,13.581000328063965,13.509499549865723
2013-01-23T00:00:00Z,13.528499603271484,13.405500411987305
2013-01-24T00:00:00Z,13.468500137329102,13.67300033569336
2013-01-25T00:00:00Z,13.75,14.19950008392334
2013-01-28T00:00:00Z,14.189000129699707,13.802000045776367
2013-01-29T00:00:00Z,13.767499923706055,13.017499923706055
2013-01-30T00:00:00Z,14.149999618530273,13.637999534606934
2013-01-31T00:00:00Z,13.552000045776367,13.274999618530273
2013-02-01T00:00:00Z,13.446499824523926,13.25
2013-02-04T00:00:00Z,13.138999938964844,12.99899959564209
2013-02-05T00:00:00Z,13.100000381469727,13.344499588012695
2013-02-06T00:00:00Z,13.258000373840332,13.111000061035156
2013-02-07T00:00:00Z,13.204999923706055,13.011500358581543
2013-02-08T00:00:00Z,13.069999694824219,13.09749984741211
2013-02-11T00:00:00Z,13.15999984741211,12.86050033569336
2013-02-12T00:00:00Z,12.959500312805176,12.9350004196167
2013-02-13T00:00:00Z,13.076499938964844,13.47350025177002
2013-02-14T00:00:00Z,13.368499755859375,13.461999893188477
2013-02-15T00:00:00Z,13.381500244140625,13.254500389099121
2013-02-19T00:00:00Z,13.295499801635742,13.487500190734863
2013-02-20T00:00:00Z,13.510000228881836,13.320500373840332
2013-02-21T00:00:00Z,13.255999565124512,13.29699993133545
2013-02-22T00:00:00Z,13.331000328063965,13.270999908447266
2013-02-25T00:00:00Z,13.347000122070312,12.993499755859375
2013-02-26T00:00:00Z,13.044500350952148,12.968000411987305
2013-02-27T00:00:00Z,12.970000267028809,13.162500381469727
2013-02-28T00:00:00Z,13.090499877929688,13.213500022888184
2013-03-01T00:00:00Z,13.16349983215332,13.286999702453613
2013-03-04T00:00:00Z,13.267999649047852,13.655500411987305
2013-03-05T00:00:00Z,13.699999809265137,13.779500007629395
2013-03-06T00:00:00Z,13.788000106811523,13.689499855041504
2013-03-07T00:00:00Z,13.704999923706055,13.694000244140625
2013-03-08T00:00:00Z,13.75,13.709500312805176
2013-03-11T00:00:00Z,13.671500205993652,13.562000274658203
2013-03-12T00:00:00Z,13.550000190734863,13.706500053405762
2013-03-13T00:00:00Z,13.76200008392334,13.755000114440918
2013-03-14T00:00:00Z,13.483499526977539,13.286999702453613
2013-03-15T00:00:00Z,13.24899959564209,13.090999603271484
2013-03-18T00:00:00Z,12.96500015258789,12.894499778747559
2013-03-19T00:00:00Z,12.920000076293945,12.820500373840332
2013-03-20T00:00:00Z,12.90250015258789,12.86400032043457
2013-03-21T00:00:00Z,12.805500030517578,12.669500350952148
2013-03-22T00:00:00Z,12.727499961853027,12.887499809265137
2013-03-25T00:00:00Z,12.928999900817871,12.800999641418457
2013-03-26T00:00:00Z,12.852499961853027,13.01550006866455
2013-03-27T00:00:00Z,12.9375,13.265000343322754
2013-03-28T00:00:00Z,13.291000366210938,13.32450008392334
2013-04-01T00:00:00Z,13.348999977111816,13.080499649047852
2013-04-02T00:00:00Z,13.119999885559082,13.166000366210938
2013-04-03T00:00:00Z,13.105999946594238,12.951499938964844
2013-04-04T00:00:00Z,12.96150016784668,12.954000473022461
2013-04-05T00:00:00Z,12.78600025177002,12.77400016784668
2013-04-08T00:00:00Z,12.795999526977539,12.947500228881836
2013-04-09T00:00:00Z,12.942500114440918,13.057000160217285
2013-04-10T00:00:00Z,13.08899974822998,13.238499641418457
2013-04-11T00:00:00Z,13.237000465393066,13.492500305175781
2013-04-12T00:00:00Z,13.505999565124512,13.643500328063965
2013-04-15T00:00:00Z,13.553999900817871,13.38599967956543
2013-04-16T00:00:00Z,13.465499877929688,13.616999626159668
2013-04-17T00:00:00Z,13.539999961853027,13.369999885559082
2013-04-18T00:00:00Z,13.340499877929688,12.970999717712402
2013-04-19T00:00:00Z,12.907999992370605,13.015999794006348
2013-04-22T00:00:00Z,12.967499732971191,13.177499771118164
2013-04-23T00:00:00Z,13.225000381469727,13.444999694824219
2013-04-24T00:00:00Z,13.475000381469727,13.439000129699707
2013-04-25T00:00:00Z,13.576499938964844,13.734999656677246
2013-04-26T00:00:00Z,13.498499870300293,12.740500450134277
2013-04-29T00:00:00Z,12.744999885559082,12.487000465393066
2013-04-30T00:00:00Z,12.468500137329102,12.690500259399414
2013-05-01T00:00:00Z,12.694999694824219,12.411499977111816
2013-05-02T00:00:00Z,12.446999549865723,12.6274995803833
2013-05-03T00:00:00Z,12.807000160217285,12.90250015258789
2013-05-06T00:00:00Z,12.904500007629395,12.78600025177002
2013-05-07T00:00:00Z,12.815500259399414,12.886500358581543
2013-05-08T00:00:00Z,12.843500137329102,12.934000015258789
2013-05-09T00:00:00Z,12.93649959564209,13.008000373840332
2013-05-10T00:00:00Z,13.043999671936035,13.181500434875488
2013-05-13T00:00:00Z,13.138500213623047,13.225500106811523
2013-05-14T00:00:00Z,13.225000381469727,13.416500091552734
2013-05-15T00:00:00Z,13.353500366210938,13.32800006866455
2013-05-16T00:00:00Z,13.29800033569336,13.206000328063965
2013-05-17T00:00:00Z,13.291500091552734,13.494999885559082
2013-05-20T00:00:00Z,13.449999809265137,13.381500244140625
2013-05-21T00:00:00Z,13.437000274658203,13.442999839782715
2013-05-22T00:00:00Z,13.369500160217285,13.14799976348877
2013-05-23T00:00:00Z,13.024499893188477,13.09000015258789
2013-05-24T00:00:00Z,12.992500305175781,13.086999893188477
2013-05-28T00:00:00Z,13.324000358581543,13.364500045776367
2013-05-29T00:00:00Z,13.27299976348877,13.27649974822998
2013-05-30T00:00:00Z,13.285499572753906,13.341500282287598
2013-05-31T00:00:00Z,13.300000190734863,13.460000038146973
2013-06-03T00:00:00Z,13.447999954223633,13.343999862670898
2013-06-04T00:00:00Z,13.350000381469727,13.28499984741211
2013-06-05T00:00:00Z,13.290499687194824,13.358499526977539
2013-06-06T00:00:00Z,13.387499809265137,13.391500473022461
2013-06-07T00:00:00Z,13.487000465393066,13.843500137329102
2013-06-10T00:00:00Z,13.833999633789062,14.053500175476074
2013-06-11T00:00:00Z,13.800000190734863,13.73900032043457
2013-06-12T00:00:00Z,13.829999923706055,13.583499908447266
2013-06-13T00:00:00Z,13.574999809265137,13.78950023651123
2013-06-14T00:00:00Z,13.75,13.69950008392334
2013-06-17T00:00:00Z,13.817500114440918,13.902999877929688
2013-06-18T00:00:00Z,13.954000473022461,14.088000297546387
2013-06-19T00:00:00Z,14.062999725341797,13.907999992370605
2013-06-20T00:00:00Z,13.756999969482422,13.67199993133545
2013-06-21T00:00:00Z,13.728500366210938,13.668000221252441
2013-06-24T00:00:00Z,13.564499855041504,13.530500411987305
2013-06-25T00:00:00Z,13.614999771118164,13.604499816894531
2013-06-26T00:00:00Z,13.699000358581543,13.878499984741211
2013-06-27T00:00:00Z,13.958999633789062,13.8774995803833
2013-06-28T00:00:00Z,13.809499740600586,13.884499549865723
2013-07-01T00:00:00Z,13.949999809265137,14.104999542236328
2013-07-02T00:00:00Z,14.052000045776367,14.18649959564209
2013-07-03T00:00:00Z,14.100000381469727,14.201499938964844
2013-07-05T00:00:00Z,14.25,14.293999671936035
2013-07-08T00:00:00Z,14.321000099182129,14.529500007629395
2013-07-09T00:00:00Z,14.550000190734863,14.576499938964844
2013-07-10T00:00:00Z,14.570500373840332,14.616499900817871
2013-07-11T00:00:00Z,14.749500274658203,14.982999801635742
2013-07-12T00:00:00Z,14.934499740600586,15.3774995803833
2013-07-15T00:00:00Z,15.363499641418457,15.328499794006348
2013-07-16T00:00:00Z,15.364999771118164,15.343500137329102
2013-07-17T00:00:00Z,15.34850025177002,15.434499740600586
2013-07-18T00:00:00Z,15.31350040435791,15.205499649047852
2013-07-19T00:00:00Z,15.219499588012695,15.261500358581543
2013-07-22T00:00:00Z,15.462499618530273,15.173999786376953
2013-07-23T00:00:00Z,15.157999992370605,15.053000450134277
2013-07-24T00:00:00Z,15.151000022888184,14.946999549865723
2013-07-25T00:00:00Z,14.949999809265137,15.170000076293945
2013-07-26T00:00:00Z,14.977499961853027,15.600500106811523
2013-07-29T00:00:00Z,15.553500175476074,15.305000305175781
2013-07-30T00:00:00Z,15.38599967956543,15.120499610900879
2013-07-31T00:00:00Z,15.195500373840332,15.060999870300293
2013-08-01T00:00:00Z,15.154000282287598,15.278499603271484
2013-08-02T00:00:00Z,15.231499671936035,15.21049976348877
2013-08-05T00:00:00Z,15.170000076293945,15.049500465393066
2013-08-06T00:00:00Z,15.025500297546387,15.037500381469727
2013-08-07T00:00:00Z,15.007499694824219,14.845499992370605
2013-08-08T00:00:00Z,14.925999641418457,14.786999702453613
2013-08-09T00:00:00Z,14.784000396728516,14.86299991607666
2013-08-12T00:00:00Z,14.78950023651123,14.834500312805176
2013-08-13T00:00:00Z,14.793999671936035,14.69849967956543
2013-08-14T00:00:00Z,14.714500427246094,14.567000389099121
2013-08-15T00:00:00Z,14.439499855041504,14.32349967956543
2013-08-16T00:00:00Z,14.327500343322754,14.241000175476074
2013-08-19T00:00:00Z,14.259499549865723,14.278499603271484
2013-08-20T00:00:00Z,14.293999671936035,14.354499816894531
2013-08-21T00:00:00Z,14.254500389099121,14.228500366210938
2013-08-22T00:00:00Z,14.239999771118164,14.486499786376953
2013-08-23T00:00:00Z,14.560500144958496,14.500499725341797
2013-08-26T00:00:00Z,14.521499633789062,14.310500144958496
2013-08-27T00:00:00Z,14.193499565124512,14.046500205993652
2013-08-28T00:00:00Z,14.017999649047852,14.079000473022461
2013-08-29T00:00:00Z,14.072500228881836,14.199000358581543
2013-08-30T00:00:00Z,14.229499816894531,14.048999786376953
2013-09-03T00:00:00Z,14.236499786376953,14.4399995803833
2013-09-04T00:00:00Z,14.416500091552734,14.682000160217285
2013-09-05T00:00:00Z,14.681500434875488,14.704999923706055
2013-09-06T00:00:00Z,14.766500473022461,14.793000221252441
2013-09-09T00:00:00Z,14.861000061035156,14.98550033569336
2013-09-10T00:00:00Z,15.02750015258789,15.017999649047852
2013-09-11T00:00:00Z,14.945500373840332,14.982000350952148
2013-09-12T00:00:00Z,14.969499588012695,14.942999839782715
2013-09-13T00:00:00Z,15.006999969482422,14.895999908447266
2013-09-16T00:00:00Z,14.991000175476074,14.803000450134277
2013-09-17T00:00:00Z,14.881500244140625,15.208499908447266
2013-09-18T00:00:00Z,15.20300006866455,15.601499557495117
2013-09-19T00:00:00Z,15.68850040435791,15.602999687194824
2013-09-20T00:00:00Z,15.626999855041504,15.817000389099121
2013-09-23T00:00:00Z,15.700499534606934,15.57450008392334
2013-09-24T00:00:00Z,15.621500015258789,15.706500053405762
2013-09-25T00:00:00Z,15.726499557495117,15.632499694824219
2013-09-26T00:00:00Z,15.694999694824219,15.906000137329102
2013-09-27T00:00:00Z,15.845999717712402,15.80049991607666
2013-09-30T00:00:00Z,15.670499801635742,15.631999969482422
2013-10-01T00:00:00Z,15.711000442504883,16.047500610351562
2013-10-02T00:00:00Z,15.902000427246094,16.02549934387207
2013-10-03T00:00:00Z,16.019500732421875,15.73799991607666
2013-10-04T00:00:00Z,15.756500244140625,15.95199966430664
2013-10-07T00:00:00Z,15.76200008392334,15.501500129699707
2013-10-08T00:00:00Z,15.574999809265137,15.161499977111816
2013-10-09T00:00:00Z,15.170999526977539,14.911499977111816
2013-10-10T00:00:00Z,15.231499671936035,15.258500099182129
2013-10-11T00:00:00Z,15.238499641418457,15.544500350952148
2013-10-14T00:00:00Z,15.461000442504883,15.53499984741211
2013-10-15T00:00:00Z,15.493499755859375,15.319999694824219
2013-10-16T00:00:00Z,15.418999671936035,15.524499893188477
2013-10-17T00:00:00Z,15.353500366210938,15.53849983215332
2013-10-18T00:00:00Z,15.968000411987305,16.446500778198242
2013-10-21T00:00:00Z,16.49449920654297,16.32200050354004
2013-10-22T00:00:00Z,16.38599967956543,16.62700080871582
2013-10-23T00:00:00Z,16.54199981689453,16.33799934387207
2013-10-24T00:00:00Z,16.48150062561035,16.61050033569336
2013-10-25T00:00:00Z,17.93000030517578,18.16950035095215
2013-10-28T00:00:00Z,17.996000289916992,17.908000946044922
2013-10-29T00:00:00Z,17.947999954223633,18.135000228881836
2013-10-30T00:00:00Z,18.131000518798828,18.054000854492188
2013-10-31T00:00:00Z,18.08650016784668,18.201499938964844
2013-11-01T00:00:00Z,18.2814998626709,17.950000762939453
2013-11-04T00:00:00Z,18.006000518798828,17.937000274658203
2013-11-05T00:00:00Z,17.839000701904297,17.944499969482422
2013-11-06T00:00:00Z,18.022499084472656,17.80900001525879
2013-11-07T00:00:00Z,17.792999267578125,17.17799949645996
2013-11-08T00:00:00Z,17.297500610351562,17.515499114990234
2013-11-11T00:00:00Z,17.529499053955078,17.7189998626709
2013-11-12T00:00:00Z,17.649499893188477,17.476499557495117
2013-11-13T00:00:00Z,17.3700008392334,17.81100082397461
2013-11-14T00:00:00Z,17.86949920654297,18.3700008392334
2013-11-15T00:00:00Z,18.381500244140625,18.458499908447266
2013-11-18T00:00:00Z,18.513999938964844,18.30900001525879
2013-11-19T00:00:00Z,18.291000366210938,18.246999740600586
2013-11-20T00:00:00Z,18.378000259399414,18.12849998474121
2013-11-21T00:00:00Z,18.202499389648438,18.445999145507812
2013-11-22T00:00:00Z,18.5,18.61549949645996
2013-11-25T00:00:00Z,18.69099998474121,18.832000732421875
2013-11-26T00:00:00Z,18.88050079345703,19.068500518798828
2013-11-27T00:00:00Z,19.174999237060547,19.335500717163086
2013-11-29T00:00:00Z,19.454999923706055,19.680999755859375
2013-12-02T00:00:00Z,19.950000762939453,19.614999771118164
2013-12-03T00:00:00Z,19.50550079345703,19.232999801635742
2013-12-04T00:00:00Z,19.174999237060547,19.29800033569336
2013-12-05T00:00:00Z,19.332500457763672,19.22450065612793
2013-12-06T00:00:00Z,19.417499542236328,19.34749984741211
2013-12-09T00:00:00Z,19.405500411987305,19.24449920654297
2013-12-10T00:00:00Z,19.187000274658203,19.388999938964844
2013-12-11T00:00:00Z,19.367000579833984,19.109500885009766
2013-12-12T00:00:00Z,19.062999725341797,19.0625
2013-12-13T00:00:00Z,19.266000747680664,19.211999893188477
2013-12-16T00:00:00Z,19.25149917602539,19.44849967956543
2013-12-17T00:00:00Z,19.532499313354492,19.38249969482422
2013-12-18T00:00:00Z,19.46150016784668,19.79800033569336
2013-12-19T00:00:00Z,19.713499069213867,19.75950050354004
2013-12-20T00:00:00Z,19.827499389648438,20.110000610351562
2013-12-23T00:00:00Z,20.184499740600586,20.145999908447266
2013-12-24T00:00:00Z,20.125999450683594,19.959999084472656
2013-12-26T00:00:00Z,20.089500427246094,20.219499588012695
2013-12-27T00:00:00Z,20.232500076293945,19.90399932861328
2013-12-30T00:00:00Z,19.970500946044922,19.668500900268555
2013-12-31T00:00:00Z,19.729000091552734,19.93950080871582
2014-01-02T00:00:00Z,19.940000534057617,19.898500442504883
2014-01-03T00:00:00Z,19.914499282836914,19.82200050354004
2014-01-06T00:00:00Z,19.792499542236328,19.681499481201172
2014-01-07T00:00:00Z,19.75200080871582,19.901500701904297
2014-01-08T00:00:00Z,19.923500061035156,20.09600067138672
2014-01-09T00:00:00Z,20.18549919128418,20.050500869750977
2014-01-10T00:00:00Z,20.12649917602539,19.882999420166016
2014-01-13T00:00:00Z,19.89900016784668,19.548999786376953
2014-01-14T00:00:00Z,19.60650062561035,19.87700080871582
2014-01-15T00:00:00Z,19.94700050354004,19.793500900268555
2014-01-16T00:00:00Z,19.68400001525879,19.790000915527344
2014-01-17T00:00:00Z,19.71299934387207,19.980499267578125
2014-01-21T00:00:00Z,20.149999618530273,20.352500915527344
2014-01-22T00:00:00Z,20.399999618530273,20.226999282836914
2014-01-23T00:00:00Z,20.049999237060547,19.993499755859375
2014-01-24T00:00:00Z,19.908000946044922,19.3799991607666
2014-01-27T00:00:00Z,19.524999618530273,19.31399917602539
2014-01-28T00:00:00Z,19.3700008392334,19.721500396728516
2014-01-29T00:00:00Z,19.607999801635742,19.209999084472656
2014-01-30T00:00:00Z,19.688499450683594,20.15049934387207
2014-01-31T00:00:00Z,18.58799934387207,17.934499740600586
2014-02-03T00:00:00Z,17.948999404907227,17.3075008392334
2014-02-04T00:00:00Z,17.47949981689453,17.397499084472656
2014-02-05T00:00:00Z,17.299999237060547,17.322500228881836
2014-02-06T00:00:00Z,17.3700008392334,17.72949981689453
2014-02-07T00:00:00Z,17.948999404907227,18.054000854492188
2014-02-10T00:00:00Z,18.08049964904785,18.043500900268555
2014-02-11T00:00:00Z,18.091999053955078,18.089500427246094
2014-02-12T00:00:00Z,17.821500778198242,17.462499618530273
2014-02-13T00:00:00Z,17.385000228881836,17.860000610351562
2014-02-14T00:00:00Z,17.966999053955078,17.86750030517578
2014-02-18T00:00:00Z,17.763999938964844,17.6825008392334
2014-02-19T00:00:00Z,17.631999969482422,17.368999481201172
2014-02-20T00:00:00Z,17.440000534057617,17.489999771118164
2014-02-21T00:00:00Z,17.621999740600586,17.33799934387207
2014-02-24T00:00:00Z,17.25950050354004,17.589000701904297
2014-02-25T00:00:00Z,17.649999618530273,17.916000366210938
2014-02-26T00:00:00Z,17.993000030517578,17.989999771118164
2014-02-27T00:00:00Z,17.861000061035156,18.006500244140625
2014-02-28T00:00:00Z,18.030000686645508,18.104999542236328
2014-03-03T00:00:00Z,17.937000274658203,17.98900032043457
2014-03-04T00:00:00Z,18.19499969482422,18.19499969482422
2014-03-05T00:00:00Z,18.206499099731445,18.618499755859375
2014-03-06T00:00:00Z,18.702499389648438,18.607999801635742
2014-03-07T00:00:00Z,18.729000091552734,18.60300064086914
2014-03-10T00:00:00Z,18.63450050354004,18.526500701904297
2014-03-11T00:00:00Z,18.54949951171875,18.44099998474121
2014-03-12T00:00:00Z,18.31999969482422,18.531999588012695
2014-03-13T00:00:00Z,18.83099937438965,18.57550048828125
2014-03-14T00:00:00Z,18.639999389648438,18.687000274658203
2014-03-17T00:00:00Z,18.785999298095703,18.75200080871582
2014-03-18T00:00:00Z,18.865999221801758,18.938499450683594
2014-03-19T00:00:00Z,18.938499450683594,18.661500930786133
2014-03-20T00:00:00Z,18.531999588012695,18.44849967956543
2014-03-21T00:00:00Z,18.549999237060547,18.0310001373291
2014-03-24T00:00:00Z,18.004499435424805,17.592500686645508
2014-03-25T00:00:00Z,17.701499938964844,17.73550033569336
2014-03-26T00:00:00Z,17.85650062561035,17.170499801635742
2014-03-27T00:00:00Z,17.157499313354492,16.923500061035156
2014-03-28T00:00:00Z,17.002500534057617,16.914499282836914
2014-03-31T00:00:00Z,17.1200008392334,16.818500518798828
2014-04-01T00:00:00Z,16.904499053955078,17.149499893188477
2014-04-02T00:00:00Z,17.29949951171875,17.097999572753906
2014-04-03T00:00:00Z,17.090999603271484,16.680999755859375
2014-04-04T00:00:00Z,16.75749969482422,16.149999618530273
2014-04-07T00:00:00Z,16.04949951171875,15.887999534606934
2014-04-08T00:00:00Z,16.0939998626709,16.353500366210938
2014-04-09T00:00:00Z,16.423500061035156,16.590499877929688
2014-04-10T00:00:00Z,16.530000686645508,15.855500221252441
2014-04-11T00:00:00Z,15.699999809265137,15.58650016784668
2014-04-14T00:00:00Z,15.883500099182129,15.795499801635742
2014-04-15T00:00:00Z,15.835000038146973,15.803999900817871
2014-04-16T00:00:00Z,16.058500289916992,16.18400001525879
2014-04-17T00:00:00Z,15.98799991607666,16.245500564575195
2014-04-21T00:00:00Z,16.19849967956543,16.543500900268555
2014-04-22T00:00:00Z,16.600000381469727,16.465999603271484
2014-04-23T00:00:00Z,16.652999877929688,16.229000091552734
2014-04-24T00:00:00Z,16.48349952697754,16.857500076293945
2014-04-25T00:00:00Z,15.8125,15.191499710083008
2014-04-28T00:00:00Z,15.199999809265137,14.829000473022461
2014-04-29T00:00:00Z,14.821999549865723,15.019000053405762
2014-04-30T00:00:00Z,14.904999732971191,15.206500053405762
2014-05-01T00:00:00Z,15.206500053405762,15.394499778747559
2014-05-02T00:00:00Z,15.520999908447266,15.400500297546387
2014-05-05T00:00:00Z,15.318499565124512,15.5024995803833
2014-05-06T00:00:00Z,15.476499557495117,14.869000434875488
2014-05-07T00:00:00Z,14.777999877929688,14.635499954223633
2014-05-08T00:00:00Z,14.541000366210938,14.416000366210938
2014-05-09T00:00:00Z,14.528499603271484,14.612000465393066
2014-05-12T00:00:00Z,14.71500015258789,15.142999649047852
2014-05-13T00:00:00Z,15.130000114440918,15.232000350952148
2014-05-14T00:00:00Z,15.125,14.880999565124512
2014-05-15T00:00:00Z,14.901000022888184,14.759499549865723
2014-05-16T00:00:00Z,14.640000343322754,14.885000228881836
2014-05-19T00:00:00Z,14.788000106811523,14.838000297546387
2014-05-20T00:00:00Z,14.854999542236328,15.059499740600586
2014-05-21T00:00:00Z,15.11050033569336,15.250499725341797
2014-05-22T00:00:00Z,15.2524995803833,15.245499610900879
2014-05-23T00:00:00Z,15.27299976348877,15.612000465393066
2014-05-27T00:00:00Z,15.720499992370605,15.541000366210938
2014-05-28T00:00:00Z,15.475000381469727,15.508000373840332
2014-05-29T00:00:00Z,15.520999908447266,15.689000129699707
2014-05-30T00:00:00Z,15.721500396728516,15.6274995803833
2014-06-02T00:00:00Z,15.629500389099121,15.442000389099121
2014-06-03T00:00:00Z,15.287500381469727,15.35949993133545
2014-06-04T00:00:00Z,15.342499732971191,15.33899974822998
2014-06-05T00:00:00Z,15.404999732971191,16.178499221801758
2014-06-06T00:00:00Z,16.25,16.48349952697754
2014-06-09T00:00:00Z,16.578500747680664,16.375
2014-06-10T00:00:00Z,16.38249969482422,16.620500564575195
2014-06-11T00:00:00Z,16.799999237060547,16.760000228881836
2014-06-12T00:00:00Z,16.77750015258789,16.295499801635742
2014-06-13T00:00:00Z,16.352500915527344,16.313499450683594
2014-06-16T00:00:00Z,16.243000030517578,16.381000518798828
2014-06-17T00:00:00Z,16.37700080871582,16.2810001373291
2014-06-18T00:00:00Z,16.399999618530273,16.7189998626709
2014-06-19T00:00:00Z,16.76300048828125,16.350000381469727
2014-06-20T00:00:00Z,16.38800048828125,16.209999084472656
2014-06-23T00:00:00Z,16.166500091552734,16.36199951171875
2014-06-24T00:00:00Z,16.37700080871582,16.20800018310547
2014-06-25T00:00:00Z,16.21649932861328,16.371999740600586
2014-06-26T00:00:00Z,16.42449951171875,16.284500122070312
2014-06-27T00:00:00Z,16.29400062561035,16.228500366210938
2014-06-30T00:00:00Z,16.249000549316406,16.23900032043457
2014-07-01T00:00:00Z,16.292999267578125,16.61949920654297
2014-07-02T00:00:00Z,16.65999984741211,16.642499923706055
2014-07-03T00:00:00Z,16.741500854492188,16.874500274658203
2014-07-07T00:00:00Z,16.875,16.677499771118164
2014-07-08T00:00:00Z,16.655000686645508,16.190500259399414
2014-07-09T00:00:00Z,16.23550033569336,16.49850082397461
2014-07-10T00:00:00Z,16.216999053955078,16.395999908447266
2014-07-11T00:00:00Z,16.73550033569336,17.309999465942383
2014-07-14T00:00:00Z,17.351499557495117,17.766000747680664
2014-07-15T00:00:00Z,17.68600082397461,17.722000122070312
2014-07-16T00:00:00Z,17.7810001373291,17.795000076293945
2014-07-17T00:00:00Z,17.672000885009766,17.622499465942383
2014-07-18T00:00:00Z,17.719999313354492,17.933000564575195
2014-07-21T00:00:00Z,17.905000686645508,17.988000869750977
2014-07-22T00:00:00Z,17.762500762939453,18.04199981689453
2014-07-23T00:00:00Z,17.952499389648438,17.906999588012695
2014-07-24T00:00:00Z,17.999000549316406,17.930500030517578
2014-07-25T00:00:00Z,15.864999771118164,16.20050048828125
2014-07-28T00:00:00Z,16.212499618530273,16.02050018310547
2014-07-29T00:00:00Z,16.099000930786133,16.0
2014-07-30T00:00:00Z,16.072500228881836,16.125499725341797
2014-07-31T00:00:00Z,16.000499725341797,15.649499893188477
2014-08-01T00:00:00Z,15.684499740600586,15.352999687194824
2014-08-04T00:00:00Z,15.442000389099121,15.682499885559082
2014-08-05T00:00:00Z,15.664999961853027,15.616000175476074
2014-08-06T00:00:00Z,15.541500091552734,15.694499969482422
2014-08-07T00:00:00Z,15.760499954223633,15.572500228881836
2014-08-08T00:00:00Z,15.597000122070312,15.84000015258789
2014-08-11T00:00:00Z,15.923999786376953,15.916500091552734
2014-08-12T00:00:00Z,15.944499969482422,15.965999603271484
2014-08-13T00:00:00Z,16.3799991607666,16.31399917602539
2014-08-14T00:00:00Z,16.389999389648438,16.660499572753906
2014-08-15T00:00:00Z,16.700000762939453,16.681499481201172
2014-08-18T00:00:00Z,16.77400016784668,16.726499557495117
2014-08-19T00:00:00Z,16.743499755859375,16.756500244140625
2014-08-20T00:00:00Z,16.733999252319336,16.788999557495117
2014-08-21T00:00:00Z,16.823999404907227,16.64550018310547
2014-08-22T00:00:00Z,16.649499893188477,16.579500198364258
2014-08-25T00:00:00Z,16.660499572753906,16.701000213623047
2014-08-26T00:00:00Z,16.850000381469727,17.09149932861328
2014-08-27T00:00:00Z,17.10449981689453,17.159000396728516
2014-08-28T00:00:00Z,17.0,17.000999450683594
2014-08-29T00:00:00Z,17.08799934387207,16.95199966430664
2014-09-02T00:00:00Z,16.999000549316406,17.118999481201172
2014-09-03T00:00:00Z,17.12700080871582,16.950000762939453
2014-09-04T00:00:00Z,17.184499740600586,17.297500610351562
2014-09-05T00:00:00Z,17.315000534057617,17.319000244140625
2014-09-08T00:00:00Z,17.226999282836914,17.117000579833984
2014-09-09T00:00:00Z,17.08049964904785,16.487499237060547
2014-09-10T00:00:00Z,16.71500015258789,16.566499710083008
2014-09-11T00:00:00Z,16.496999740600586,16.525999069213867
2014-09-12T00:00:00Z,16.47800064086914,16.559499740600586
2014-09-15T00:00:00Z,16.545499801635742,16.194499969482422
2014-09-16T00:00:00Z,16.053499221801758,16.38800048828125
2014-09-17T00:00:00Z,16.38800048828125,16.200000762939453
2014-09-18T00:00:00Z,16.27199935913086,16.25
2014-09-19T00:00:00Z,16.3799991607666,16.56599998474121
2014-09-22T00:00:00Z,16.42449951171875,16.225000381469727
2014-09-23T00:00:00Z,16.12299919128418,16.181499481201172
2014-09-24T00:00:00Z,16.208499908447266,16.410499572753906
2014-09-25T00:00:00Z,16.399499893188477,16.096500396728516
2014-09-26T00:00:00Z,16.030000686645508,16.160499572753906
2014-09-29T00:00:00Z,16.024999618530273,16.090999603271484
2014-09-30T00:00:00Z,16.06800079345703,16.121999740600586
2014-10-01T00:00:00Z,16.101999282836914,15.873000144958496
2014-10-02T00:00:00Z,15.845999717712402,15.920499801635742
2014-10-03T00:00:00Z,16.01799964904785,16.136999130249023
2014-10-06T00:00:00Z,16.174999237060547,16.110000610351562
2014-10-07T00:00:00Z,15.971500396728516,15.848999977111816
2014-10-08T00:00:00Z,15.829000473022461,16.135000228881836
2014-10-09T00:00:00Z,16.074499130249023,15.768500328063965
2014-10-10T00:00:00Z,15.701000213623047,15.569499969482422
2014-10-13T00:00:00Z,15.493499755859375,15.322500228881836
2014-10-14T00:00:00Z,15.399999618530273,15.415499687194824
2014-10-15T00:00:00Z,15.217499732971191,15.298500061035156
2014-10-16T00:00:00Z,14.691499710083008,15.142999649047852
2014-10-17T00:00:00Z,15.357500076293945,15.182000160217285
2014-10-20T00:00:00Z,15.147500038146973,15.310500144958496
2014-10-21T00:00:00Z,15.494999885559082,15.766500473022461
2014-10-22T00:00:00Z,15.771499633789062,15.648500442504883
2014-10-23T00:00:00Z,15.670000076293945,15.659000396728516
2014-10-24T00:00:00Z,14.220000267028809,14.352999687194824
2014-10-27T00:00:00Z,14.28499984741211,14.498499870300293
2014-10-28T00:00:00Z,14.48799991607666,14.779500007629395
2014-10-29T00:00:00Z,14.955499649047852,14.706000328063965
2014-10-30T00:00:00Z,14.699000358581543,14.953499794006348
2014-10-31T00:00:00Z,15.257499694824219,15.27299976348877
2014-11-03T00:00:00Z,15.312000274658203,15.28600025177002
2014-11-04T00:00:00Z,15.19950008392334,15.14050006866455
2014-11-05T00:00:00Z,15.150500297546387,14.826000213623047
2014-11-06T00:00:00Z,14.834500312805176,14.831999778747559
2014-11-07T00:00:00Z,14.890999794006348,14.993000030517578
2014-11-10T00:00:00Z,15.0,15.255499839782715
2014-11-11T00:00:00Z,15.29699993133545,15.600500106811523
2014-11-12T00:00:00Z,15.537500381469727,15.575499534606934
2014-11-13T00:00:00Z,15.600000381469727,15.824000358581543
2014-11-14T00:00:00Z,15.855999946594238,16.391000747680664
2014-11-17T00:00:00Z,16.32200050354004,16.15250015258789
2014-11-18T00:00:00Z,16.199499130249023,16.24650001525879
2014-11-19T00:00:00Z,16.362499237060547,16.32699966430664
2014-11-20T00:00:00Z,16.200000762939453,16.527000427246094
2014-11-21T00:00:00Z,16.770999908447266,16.631500244140625
2014-11-24T00:00:00Z,16.73900032043457,16.781999588012695
2014-11-25T00:00:00Z,16.763500213623047,16.75200080871582
2014-11-26T00:00:00Z,16.68899917602539,16.678499221801758
2014-11-28T00:00:00Z,16.80150032043457,16.93199920654297
2014-12-01T00:00:00Z,16.9060001373291,16.299999237060547
2014-12-02T00:00:00Z,16.375,16.315500259399414
2014-12-03T00:00:00Z,16.286500930786133,15.824999809265137
2014-12-04T00:00:00Z,15.77649974822998,15.846500396728516
2014-12-05T00:00:00Z,15.84000015258789,15.631500244140625
2014-12-08T00:00:00Z,15.578499794006348,15.331999778747559
2014-12-09T00:00:00Z,15.149499893188477,15.625
2014-12-10T00:00:00Z,15.600000381469727,15.291999816894531
2014-12-11T00:00:00Z,15.394499778747559,15.368000030517578
2014-12-12T00:00:00Z,15.19950008392334,15.366000175476074
2014-12-15T00:00:00Z,15.443499565124512,15.303500175476074
2014-12-16T00:00:00Z,15.217499732971191,14.753000259399414
2014-12-17T00:00:00Z,14.818499565124512,14.944000244140625
2014-12-18T00:00:00Z,15.200499534606934,14.886500358581543
2014-12-19T00:00:00Z,14.845499992370605,14.994999885559082
2014-12-22T00:00:00Z,15.097000122070312,15.32699966430664
2014-12-23T00:00:00Z,15.348999977111816,15.314499855041504
2014-12-24T00:00:00Z,15.319000244140625,15.15149974822998
2014-12-26T00:00:00Z,15.25,15.454500198364258
2014-12-29T00:00:00Z,15.392499923706055,15.60200023651123
2014-12-30T00:00:00Z,15.495499610900879,15.515000343322754
2014-12-31T00:00:00Z,15.577500343322754,15.517499923706055
2015-01-02T00:00:00Z,15.628999710083008,15.425999641418457
2015-01-05T00:00:00Z,15.350500106811523,15.10949993133545
2015-01-06T00:00:00Z,15.112000465393066,14.76449966430664
2015-01-07T00:00:00Z,14.875,14.920999526977539
2015-01-08T00:00:00Z,15.015999794006348,15.02299976348877
2015-01-09T00:00:00Z,15.074000358581543,14.846500396728516
2015-01-12T00:00:00Z,14.878000259399414,14.570500373840332
2015-01-13T00:00:00Z,14.87399959564209,14.737000465393066
2015-01-14T00:00:00Z,14.596500396728516,14.66349983215332
2015-01-15T00:00:00Z,14.699999809265137,14.34749984741211
2015-01-16T00:00:00Z,14.314000129699707,14.536999702453613
2015-01-20T00:00:00Z,14.629500389099121,14.472000122070312
2015-01-21T00:00:00Z,14.482000350952148,14.862500190734863
2015-01-22T00:00:00Z,15.0,15.515999794006348
2015-01-23T00:00:00Z,15.404000282287598,15.619500160217285
2015-01-26T00:00:00Z,15.590999603271484,15.482999801635742
2015-01-27T00:00:00Z,15.3149995803833,15.337499618530273
2015-01-28T00:00:00Z,15.490500450134277,15.195500373840332
2015-01-29T00:00:00Z,15.236499786376953,15.58899974822998
2015-01-30T00:00:00Z,17.31599998474121,17.726499557495117
2015-02-02T00:00:00Z,17.502500534057617,18.223499298095703
2015-02-03T00:00:00Z,18.01449966430664,18.177499771118164
2015-02-04T00:00:00Z,17.91900062561035,18.237499237060547
2015-02-05T00:00:00Z,18.299999237060547,18.694499969482422
2015-02-06T00:00:00Z,18.743499755859375,18.714000701904297
2015-02-09T00:00:00Z,18.549999237060547,18.527999877929688
2015-02-10T00:00:00Z,18.559499740600586,18.649999618530273
2015-02-11T00:00:00Z,18.561500549316406,18.756999969482422
2015-02-12T00:00:00Z,18.7549991607666,18.85849952697754
2015-02-13T00:00:00Z,18.920499801635742,19.09149932861328
2015-02-17T00:00:00Z,18.88599967956543,18.771499633789062
2015-02-18T00:00:00Z,18.68899917602539,18.668500900268555
2015-02-19T00:00:00Z,18.67449951171875,18.950000762939453
2015-02-20T00:00:00Z,18.930999755859375,19.183000564575195
2015-02-23T00:00:00Z,19.172000885009766,19.006999969482422
2015-02-24T00:00:00Z,18.9325008392334,18.929500579833984
2015-02-25T00:00:00Z,18.863500595092773,19.26849937438965
2015-02-26T00:00:00Z,19.203500747680664,19.239999771118164
2015-02-27T00:00:00Z,19.200000762939453,19.007999420166016
2015-03-02T00:00:00Z,19.042499542236328,19.283000946044922
2015-03-03T00:00:00Z,19.197500228881836,19.230499267578125
2015-03-04T00:00:00Z,19.285499572753906,19.13599967956543
2015-03-05T00:00:00Z,19.280500411987305,19.39150047302246
2015-03-06T00:00:00Z,19.275999069213867,19.004499435424805
2015-03-09T00:00:00Z,18.920000076293945,18.92799949645996
2015-03-10T00:00:00Z,18.872499465942383,18.475500106811523
2015-03-11T00:00:00Z,18.530500411987305,18.318500518798828
2015-03-12T00:00:00Z,18.44099998474121,18.711999893188477
2015-03-13T00:00:00Z,18.576000213623047,18.52899932861328
2015-03-16T00:00:00Z,18.518999099731445,18.667499542236328
2015-03-17T00:00:00Z,18.555500030517578,18.59600067138672
2015-03-18T00:00:00Z,18.49850082397461,18.756999969482422
2015-03-19T00:00:00Z,18.693500518798828,18.66200065612793
2015-03-20T00:00:00Z,18.81450080871582,18.92449951171875
2015-03-23T00:00:00Z,18.903499603271484,18.75550079345703
2015-03-24T00:00:00Z,18.699499130249023,18.704500198364258
2015-03-25T00:00:00Z,18.758499145507812,18.54800033569336
2015-03-26T00:00:00Z,18.47949981689453,18.36750030517578
2015-03-27T00:00:00Z,18.355499267578125,18.527999877929688
2015-03-30T00:00:00Z,18.5935001373291,18.72949981689453
2015-03-31T00:00:00Z,18.66200065612793,18.604999542236328
2015-04-01T00:00:00Z,18.604999542236328,18.51300048828125
2015-04-02T00:00:00Z,18.524999618530273,18.612499237060547
2015-04-06T00:00:00Z,18.5049991607666,18.851999282836914
2015-04-07T00:00:00Z,18.8075008392334,18.720500946044922
2015-04-08T00:00:00Z,18.732999801635742,19.059999465942383
2015-04-09T00:00:00Z,19.033000946044922,19.177000045776367
2015-04-10T00:00:00Z,19.215499877929688,19.13249969482422
2015-04-13T00:00:00Z,19.17650032043457,19.118000030517578
2015-04-14T00:00:00Z,19.175500869750977,19.25550079345703
2015-04-15T00:00:00Z,19.232500076293945,19.172500610351562
2015-04-16T00:00:00Z,19.184499740600586,19.302000045776367
2015-04-17T00:00:00Z,19.131500244140625,18.777999877929688
2015-04-20T00:00:00Z,18.927499771118164,19.475500106811523
2015-04-21T00:00:00Z,19.565500259399414,19.55900001525879
2015-04-22T00:00:00Z,19.595500946044922,19.489999771118164
2015-04-23T00:00:00Z,19.510499954223633,19.499500274658203
2015-04-24T00:00:00Z,21.950000762939453,22.2549991607666
2015-04-27T00:00:00Z,22.19300079345703,21.92799949645996
2015-04-28T00:00:00Z,21.925500869750977,21.465499877929688
2015-04-29T00:00:00Z,21.337499618530273,21.4685001373291
2015-04-30T00:00:00Z,21.355499267578125,21.089000701904297
2015-05-01T00:00:00Z,21.19099998474121,21.14349937438965
2015-05-04T00:00:00Z,21.239999771118164,21.152000427246094
2015-05-05T00:00:00Z,21.142499923706055,21.059499740600586
2015-05-06T00:00:00Z,21.071500778198242,20.954999923706055
2015-05-07T00:00:00Z,21.207500457763672,21.3439998626709
2015-05-08T00:00:00Z,21.537500381469727,21.684499740600586
2015-05-11T00:00:00Z,21.625499725341797,21.642499923706055
2015-05-12T00:00:00Z,21.554000854492188,21.551000595092773
2015-05-13T00:00:00Z,21.499000549316406,21.3435001373291
2015-05-14T00:00:00Z,21.47249984741211,21.61400032043457
2015-05-15T00:00:00Z,21.399999618530273,21.299999237060547
2015-05-18T00:00:00Z,21.299999237060547,21.261999130249023
2015-05-19T00:00:00Z,21.243499755859375,21.085500717163086
2015-05-20T00:00:00Z,21.030000686645508,21.19300079345703
2015-05-21T00:00:00Z,21.399999618530273,21.581499099731445
2015-05-22T00:00:00Z,21.577499389648438,21.381500244140625
2015-05-26T00:00:00Z,21.309999465942383,21.273500442504883
2015-05-27T00:00:00Z,21.372499465942383,21.570999145507812
2015-05-28T00:00:00Z,21.48550033569336,21.328500747680664
2015-05-29T00:00:00Z,21.361499786376953,21.46150016784668
2015-06-01T00:00:00Z,21.520000457763672,21.54599952697754
2015-06-02T00:00:00Z,21.50349998474121,21.54949951171875
2015-06-03T00:00:00Z,21.719999313354492,21.829500198364258
2015-06-04T00:00:00Z,21.719999313354492,21.538999557495117
2015-06-05T00:00:00Z,21.482999801635742,21.34749984741211
2015-06-08T00:00:00Z,21.2810001373291,21.174999237060547
2015-06-09T00:00:00Z,21.148000717163086,21.27400016784668
2015-06-10T00:00:00Z,21.322999954223633,21.53849983215332
2015-06-11T00:00:00Z,21.614500045776367,21.648500442504883
2015-06-12T00:00:00Z,21.5625,21.496000289916992
2015-06-15T00:00:00Z,21.382999420166016,21.183500289916992
2015-06-16T00:00:00Z,21.207500457763672,21.363000869750977
2015-06-17T00:00:00Z,21.417999267578125,21.390499114990234
2015-06-18T00:00:00Z,21.514999389648438,21.969499588012695
2015-06-19T00:00:00Z,22.01300048828125,21.746000289916992
2015-06-22T00:00:00Z,21.850000381469727,21.81450080871582
2015-06-23T00:00:00Z,21.779499053955078,22.29949951171875
2015-06-24T00:00:00Z,22.24850082397461,22.04199981689453
2015-06-25T00:00:00Z,21.903499603271484,22.0049991607666
2015-06-26T00:00:00Z,22.08799934387207,21.905000686645508
2015-06-29T00:00:00Z,21.749000549316406,21.493000030517578
2015-06-30T00:00:00Z,21.709999084472656,21.704500198364258
2015-07-01T00:00:00Z,21.967500686645508,21.86949920654297
2015-07-02T00:00:00Z,21.850000381469727,21.885499954223633
2015-07-06T00:00:00Z,21.761499404907227,21.802000045776367
2015-07-07T00:00:00Z,21.784000396728516,21.836000442504883
2015-07-08T00:00:00Z,21.717500686645508,21.485000610351562
2015-07-09T00:00:00Z,21.7450008392334,21.719499588012695
2015-07-10T00:00:00Z,22.024499893188477,22.175500869750977
2015-07-13T00:00:00Z,22.414499282836914,22.778499603271484
2015-07-14T00:00:00Z,23.115999221801758,23.278499603271484
2015-07-15T00:00:00Z,23.152000427246094,23.059499740600586
2015-07-16T00:00:00Z,23.274999618530273,23.77400016784668
2015-07-17T00:00:00Z,23.885000228881836,24.15049934387207
2015-07-20T00:00:00Z,24.62849998474121,24.405000686645508
2015-07-21T00:00:00Z,24.395000457763672,24.399999618530273
2015-07-22T00:00:00Z,24.29949951171875,24.41349983215332
2015-07-23T00:00:00Z,24.58300018310547,24.108999252319336
2015-07-24T00:00:00Z,28.949499130249023,26.47100067138672
2015-07-27T00:00:00Z,26.387500762939453,26.570499420166016
2015-07-28T00:00:00Z,26.799999237060547,26.30150032043457
2015-07-29T00:00:00Z,26.54599952697754,26.450000762939453
2015-07-30T00:00:00Z,26.38249969482422,26.83799934387207
2015-07-31T00:00:00Z,26.954500198364258,26.8075008392334
2015-08-03T00:00:00Z,26.872499465942383,26.75149917602539
2015-08-04T00:00:00Z,26.484500885009766,26.594999313354492
2015-08-05T00:00:00Z,26.940000534057617,26.850500106811523
2015-08-06T00:00:00Z,26.96500015258789,26.472999572753906
2015-08-07T00:00:00Z,26.45800018310547,26.131000518798828
2015-08-10T00:00:00Z,26.426000595092773,26.200000762939453
2015-08-11T00:00:00Z,26.1825008392334,26.37299919128418
2015-08-12T00:00:00Z,26.1875,26.295499801635742
2015-08-13T00:00:00Z,26.368499755859375,26.482999801635742
2015-08-14T00:00:00Z,26.412500381469727,26.576000213623047
2015-08-17T00:00:00Z,26.56450080871582,26.76099967956543
2015-08-18T00:00:00Z,26.75200080871582,26.750999450683594
2015-08-19T00:00:00Z,26.687000274658203,26.645999908447266
2015-08-20T00:00:00Z,26.519500732421875,25.788999557495117
2015-08-21T00:00:00Z,25.368000030517578,24.723499298095703
2015-08-24T00:00:00Z,23.179000854492188,23.168500900268555
2015-08-25T00:00:00Z,24.374500274658203,23.318500518798828
2015-08-26T00:00:00Z,24.201000213623047,25.03849983215332
2015-08-27T00:00:00Z,25.68549919128418,25.918500900268555
2015-08-28T00:00:00Z,25.875,25.90049934387207
2015-08-31T00:00:00Z,25.82200050354004,25.644500732421875
2015-09-01T00:00:00Z,24.957000732421875,24.82699966430664
2015-09-02T00:00:00Z,25.254499435424805,25.52750015258789
2015-09-03T00:00:00Z,25.725000381469727,25.236000061035156
2015-09-04T00:00:00Z,24.88249969482422,24.950000762939453
2015-09-08T00:00:00Z,25.434499740600586,25.87700080871582
2015-09-09T00:00:00Z,26.200000762939453,25.844499588012695
2015-09-10T00:00:00Z,25.75749969482422,26.11199951171875
2015-09-11T00:00:00Z,26.053499221801758,26.472000122070312
2015-09-14T00:00:00Z,26.472000122070312,26.069000244140625
2015-09-15T00:00:00Z,26.162500381469727,26.118499755859375
2015-09-16T00:00:00Z,26.099000930786133,26.36949920654297
2015-09-17T00:00:00Z,26.349000930786133,26.943500518798828
2015-09-18T00:00:00Z,26.731000900268555,27.01300048828125
2015-09-21T00:00:00Z,27.21649932861328,27.41950035095215
2015-09-22T00:00:00Z,26.98550033569336,26.920000076293945
2015-09-23T00:00:00Z,26.915000915527344,26.803499221801758
2015-09-24T00:00:00Z,26.52750015258789,26.6875
2015-09-25T00:00:00Z,27.12849998474121,26.212499618530273
2015-09-28T00:00:00Z,26.000999450683594,25.202999114990234
2015-09-29T00:00:00Z,25.299999237060547,24.803499221801758
2015-09-30T00:00:00Z,25.27199935913086,25.594499588012695
2015-10-01T00:00:00Z,25.549999237060547,26.035999298095703
2015-10-02T00:00:00Z,25.649499893188477,26.62700080871582
2015-10-05T00:00:00Z,26.84950065612793,27.18400001525879
2015-10-06T00:00:00Z,27.274999618530273,26.874000549316406
2015-10-07T00:00:00Z,27.089500427246094,27.097000122070312
2015-10-08T00:00:00Z,26.835500717163086,26.658000946044922
2015-10-09T00:00:00Z,26.724000930786133,26.989999771118164
2015-10-12T00:00:00Z,26.99799919128418,27.50950050354004
2015-10-13T00:00:00Z,27.312999725341797,27.44499969482422
2015-10-14T00:00:00Z,27.566999435424805,27.241500854492188
2015-10-15T00:00:00Z,27.387500762939453,28.121999740600586
2015-10-16T00:00:00Z,28.263500213623047,28.538000106811523
2015-10-19T00:00:00Z,28.538000106811523,28.657499313354492
2015-10-20T00:00:00Z,28.600000381469727,28.04400062561035
2015-10-21T00:00:00Z,28.193500518798828,27.78849983215332
2015-10-22T00:00:00Z,28.135000228881836,28.195499420166016
2015-10-23T00:00:00Z,30.884000778198242,29.951499938964844
2015-10-26T00:00:00Z,30.114999771118164,30.430500030517578
2015-10-27T00:00:00Z,30.43000030517578,30.550500869750977
2015-10-28T00:00:00Z,30.614999771118164,30.854999542236328
2015-10-29T00:00:00Z,30.885000228881836,31.327499389648438
2015-10-30T00:00:00Z,31.300500869750977,31.295000076293945
2015-11-02T00:00:00Z,31.35650062561035,31.417499542236328
2015-11-03T00:00:00Z,31.476499557495117,31.265499114990234
2015-11-04T00:00:00Z,31.38800048828125,32.04750061035156
2015-11-05T00:00:00Z,32.35499954223633,32.782501220703125
2015-11-06T00:00:00Z,32.75,32.96849822998047
2015-11-09T00:00:00Z,32.932498931884766,32.77450180053711
2015-11-10T00:00:00Z,32.550498962402344,32.98400115966797
2015-11-11T00:00:00Z,33.162498474121094,33.662498474121094
2015-11-12T00:00:00Z,33.650001525878906,33.279998779296875
2015-11-13T00:00:00Z,33.17850112915039,32.11750030517578
2015-11-16T00:00:00Z,32.04600143432617,32.390499114990234
2015-11-17T00:00:00Z,32.532501220703125,32.165000915527344
2015-11-18T00:00:00Z,32.32550048828125,33.176998138427734
2015-11-19T00:00:00Z,33.2495002746582,33.063499450683594
2015-11-20T00:00:00Z,33.39699935913086,33.42250061035156
2015-11-23T00:00:00Z,33.57500076293945,33.949501037597656
2015-11-24T00:00:00Z,33.707000732421875,33.557498931884766
2015-11-25T00:00:00Z,33.75,33.766998291015625
2015-11-27T00:00:00Z,34.040000915527344,33.66299819946289
2015-11-30T00:00:00Z,33.79499816894531,33.2400016784668
2015-12-01T00:00:00Z,33.6875,33.952999114990234
2015-12-02T00:00:00Z,34.04999923706055,33.800498962402344
2015-12-03T00:00:00Z,33.97200012207031,33.3125
2015-12-04T00:00:00Z,33.29999923706055,33.63199996948242
2015-12-07T00:00:00Z,33.73699951171875,33.49150085449219
2015-12-08T00:00:00Z,33.15650177001953,33.86650085449219
2015-12-09T00:00:00Z,33.900001525878906,33.239498138427734
2015-12-10T00:00:00Z,33.27949905395508,33.11600112915039
2015-12-11T00:00:00Z,32.561500549316406,32.00749969482422
2015-12-14T00:00:00Z,32.087501525878906,32.89550018310547
2015-12-15T00:00:00Z,33.25149917602539,32.93199920654297
2015-12-16T00:00:00Z,33.178001403808594,33.78850173950195
2015-12-17T00:00:00Z,34.0,33.532501220703125
2015-12-18T00:00:00Z,33.432498931884766,33.207000732421875
2015-12-21T00:00:00Z,33.42499923706055,33.22549819946289
2015-12-22T00:00:00Z,33.34149932861328,33.157501220703125
2015-12-23T00:00:00Z,33.32500076293945,33.185001373291016
2015-12-24T00:00:00Z,33.16749954223633,33.13949966430664
2015-12-28T00:00:00Z,33.27799987792969,33.7599983215332
2015-12-29T00:00:00Z,33.89899826049805,34.69850158691406
2015-12-30T00:00:00Z,34.59450149536133,34.45349884033203
2015-12-31T00:00:00Z,34.30400085449219,33.794498443603516
2016-01-04T00:00:00Z,32.81449890136719,31.84950065612793
2016-01-05T00:00:00Z,32.34299850463867,31.68950080871582
2016-01-06T00:00:00Z,31.100000381469727,31.63249969482422
2016-01-07T00:00:00Z,31.09000015258789,30.39699935913086
2016-01-08T00:00:00Z,30.982999801635742,30.352500915527344
2016-01-11T00:00:00Z,30.624000549316406,30.886999130249023
2016-01-12T00:00:00Z,31.262500762939453,30.894500732421875
2016-01-13T00:00:00Z,31.04400062561035,29.090499877929688
2016-01-14T00:00:00Z,29.012500762939453,29.649999618530273
2016-01-15T00:00:00Z,28.61199951171875,28.509000778198242
2016-01-19T00:00:00Z,28.85449981689453,28.724000930786133
2016-01-20T00:00:00Z,28.218000411987305,28.588499069213867
2016-01-21T00:00:00Z,28.679000854492188,28.750999450683594
2016-01-22T00:00:00Z,29.436500549316406,29.819000244140625
2016-01-25T00:00:00Z,29.899499893188477,29.826499938964844
2016-01-26T00:00:00Z,30.172500610351562,30.0625
2016-01-27T00:00:00Z,30.09950065612793,29.167499542236328
2016-01-28T00:00:00Z,30.418500900268555,31.767499923706055
2016-01-29T00:00:00Z,28.599000930786133,29.350000381469727
2016-02-01T00:00:00Z,28.907499313354492,28.74049949645996
2016-02-02T00:00:00Z,28.5,27.604999542236328
2016-02-03T00:00:00Z,27.674999237060547,26.553499221801758
2016-02-04T00:00:00Z,26.25,26.812999725341797
2016-02-05T00:00:00Z,26.464000701904297,25.10650062561035
2016-02-08T00:00:00Z,24.32349967956543,24.405000686645508
2016-02-09T00:00:00Z,23.90049934387207,24.103500366210938
2016-02-10T00:00:00Z,24.58799934387207,24.52400016784668
2016-02-11T00:00:00Z,24.558500289916992,25.19099998474121
2016-02-12T00:00:00Z,25.53499984741211,25.354000091552734
2016-02-16T00:00:00Z,25.974000930786133,26.05500030517578
2016-02-17T00:00:00Z,26.437000274658203,26.704999923706055
2016-02-18T00:00:00Z,27.059499740600586,26.25
2016-02-19T00:00:00Z,26.035499572753906,26.7450008392334
2016-02-22T00:00:00Z,27.110000610351562,27.975000381469727
2016-02-23T00:00:00Z,27.77750015258789,27.64699935913086
2016-02-24T00:00:00Z,27.287500381469727,27.70199966430664
2016-02-25T00:00:00Z,27.775999069213867,27.75749969482422
2016-02-26T00:00:00Z,28.006000518798828,27.761499404907227
2016-02-29T00:00:00Z,27.700000762939453,27.625999450683594
2016-03-01T00:00:00Z,27.81450080871582,28.95199966430664
2016-03-02T00:00:00Z,29.087499618530273,29.010499954223633
2016-03-03T00:00:00Z,28.898000717163086,28.874500274658203
2016-03-04T00:00:00Z,29.053499221801758,28.756999969482422
2016-03-07T00:00:00Z,28.677000045776367,28.139999389648438
2016-03-08T00:00:00Z,27.89349937438965,28.01300048828125
2016-03-09T00:00:00Z,27.97800064086914,27.973499298095703
2016-03-10T00:00:00Z,28.336999893188477,27.946500778198242
2016-03-11T00:00:00Z,28.34749984741211,28.480499267578125
2016-03-14T00:00:00Z,28.350000381469727,28.668500900268555
2016-03-15T00:00:00Z,28.549999237060547,28.85099983215332
2016-03-16T00:00:00Z,28.832000732421875,28.713499069213867
2016-03-17T00:00:00Z,28.475500106811523,27.972000122070312
2016-03-18T00:00:00Z,28.047000885009766,27.604000091552734
2016-03-21T00:00:00Z,27.445499420166016,27.698999404907227
2016-03-22T00:00:00Z,27.25550079345703,28.02400016784668
2016-03-23T00:00:00Z,28.049999237060547,28.48150062561035
2016-03-24T00:00:00Z,28.355499267578125,29.147499084472656
2016-03-28T00:00:00Z,29.219999313354492,28.993499755859375
2016-03-29T00:00:00Z,29.00749969482422,29.69300079345703
2016-03-30T00:00:00Z,29.835500717163086,29.934499740600586
2016-03-31T00:00:00Z,29.964000701904297,29.68199920654297
2016-04-01T00:00:00Z,29.524499893188477,29.924999237060547
2016-04-04T00:00:00Z,29.950000762939453,29.659500122070312
2016-04-05T00:00:00Z,29.53849983215332,29.30699920654297
2016-04-06T00:00:00Z,29.375999450683594,30.104000091552734
2016-04-07T00:00:00Z,29.937999725341797,29.571500778198242
2016-04-08T00:00:00Z,29.715999603271484,29.729999542236328
2016-04-11T00:00:00Z,29.80699920654297,29.796499252319336
2016-04-12T00:00:00Z,29.920000076293945,30.15850067138672
2016-04-13T00:00:00Z,30.384000778198242,30.740999221801758
2016-04-14T00:00:00Z,30.75349998474121,31.037500381469727
2016-04-15T00:00:00Z,31.09600067138672,31.29450035095215
2016-04-18T00:00:00Z,31.267499923706055,31.767499923706055
2016-04-19T00:00:00Z,31.85700035095215,31.395000457763672
2016-04-20T00:00:00Z,31.5,31.649499893188477
2016-04-21T00:00:00Z,31.549999237060547,31.549999237060547
2016-04-22T00:00:00Z,31.223499298095703,31.024999618530273
2016-04-25T00:00:00Z,30.83049964904785,31.309999465942383
2016-04-26T00:00:00Z,31.308500289916992,30.8439998626709
2016-04-27T00:00:00Z,30.59000015258789,30.328500747680664
2016-04-28T00:00:00Z,30.777000427246094,30.100000381469727
2016-04-29T00:00:00Z,33.29999923706055,32.97949981689453
2016-05-02T00:00:00Z,33.19599914550781,34.192501068115234
2016-05-03T00:00:00Z,33.86800003051758,33.566001892089844
2016-05-04T00:00:00Z,33.12950134277344,33.54499816894531
2016-05-05T00:00:00Z,33.66550064086914,32.954498291015625
2016-05-06T00:00:00Z,32.8025016784668,33.6974983215332
2016-05-09T00:00:00Z,33.6974983215332,33.98749923706055
2016-05-10T00:00:00Z,34.70000076293945,35.153499603271484
2016-05-11T00:00:00Z,35.28950119018555,35.6614990234375
2016-05-12T00:00:00Z,35.86899948120117,35.89649963378906
2016-05-13T00:00:00Z,35.731998443603516,35.49599838256836
2016-05-16T00:00:00Z,35.506500244140625,35.53300094604492
2016-05-17T00:00:00Z,35.494998931884766,34.76350021362305
2016-05-18T00:00:00Z,34.47800064086914,34.872501373291016
2016-05-19T00:00:00Z,34.59400177001953,34.92599868774414
2016-05-20T00:00:00Z,35.0525016784668,35.13999938964844
2016-05-23T00:00:00Z,35.212501525878906,34.837501525878906
2016-05-24T00:00:00Z,34.9005012512207,35.209999084472656
2016-05-25T00:00:00Z,35.400001525878906,35.41749954223633
2016-05-26T00:00:00Z,35.416500091552734,35.74549865722656
2016-05-27T00:00:00Z,35.75,35.61199951171875
2016-05-31T00:00:00Z,35.61650085449219,36.13949966430664
2016-06-01T00:00:00Z,36.04499816894531,35.97200012207031
2016-06-02T00:00:00Z,36.048500061035156,36.4119987487793
2016-06-03T00:00:00Z,36.33700180053711,36.277000427246094
2016-06-06T00:00:00Z,36.32500076293945,36.33649826049805
2016-06-07T00:00:00Z,36.49449920654297,36.1870002746582
2016-06-08T00:00:00Z,36.31999969482422,36.332000732421875
2016-06-09T00:00:00Z,36.154998779296875,36.38249969482422
2016-06-10T00:00:00Z,36.11750030517578,35.89550018310547
2016-06-13T00:00:00Z,35.70050048828125,35.762001037597656
2016-06-14T00:00:00Z,35.61650085449219,35.96500015258789
2016-06-15T00:00:00Z,36.099998474121094,35.7130012512207
2016-06-16T00:00:00Z,35.602500915527344,35.8754997253418
2016-06-17T00:00:00Z,35.90950012207031,35.31949996948242
2016-06-20T00:00:00Z,35.67499923706055,35.70050048828125
2016-06-21T00:00:00Z,35.7859992980957,35.79100036621094
2016-06-22T00:00:00Z,35.82899856567383,35.529998779296875
2016-06-23T00:00:00Z,35.775001525878906,36.104000091552734
2016-06-24T00:00:00Z,34.650001525878906,34.948001861572266
2016-06-27T00:00:00Z,34.60049819946289,34.56800079345703
2016-06-28T00:00:00Z,35.0,35.397499084472656
2016-06-29T00:00:00Z,35.787498474121094,35.779998779296875
2016-06-30T00:00:00Z,35.86000061035156,35.78099822998047
2016-07-01T00:00:00Z,35.86600112915039,36.284000396728516
2016-07-05T00:00:00Z,36.13999938964844,36.404998779296875
2016-07-06T00:00:00Z,36.285499572753906,36.88050079345703
2016-07-07T00:00:00Z,36.96649932861328,36.82849884033203
2016-07-08T00:00:00Z,37.00699996948242,37.29050064086914
2016-07-11T00:00:00Z,37.5,37.68899917602539
2016-07-12T00:00:00Z,37.84299850463867,37.410499572753906
2016-07-13T00:00:00Z,37.3380012512207,37.131500244140625
2016-07-14T00:00:00Z,37.44300079345703,37.060001373291016
2016-07-15T00:00:00Z,37.32749938964844,36.77199935913086
2016-07-18T00:00:00Z,36.77450180053711,36.80350112915039
2016-07-19T00:00:00Z,36.625,36.997501373291016
2016-07-20T00:00:00Z,37.20000076293945,37.2859992980957
2016-07-21T00:00:00Z,37.375,37.221500396728516
2016-07-22T00:00:00Z,37.38949966430664,37.24300003051758
2016-07-25T00:00:00Z,37.32749938964844,36.980499267578125
2016-07-26T00:00:00Z,37.135501861572266,36.77949905395508
2016-07-27T00:00:00Z,36.89849853515625,36.833499908447266
2016-07-28T00:00:00Z,37.29899978637695,37.63050079345703
2016-07-29T00:00:00Z,38.25,37.94049835205078
2016-08-01T00:00:00Z,37.993499755859375,38.387001037597656
2016-08-02T00:00:00Z,38.19049835205078,38.02899932861328
2016-08-03T00:00:00Z,37.85300064086914,37.731998443603516
2016-08-04T00:00:00Z,37.685001373291016,38.03850173950195
2016-08-05T00:00:00Z,38.240501403808594,38.29899978637695
2016-08-08T00:00:00Z,38.34049987792969,38.327999114990234
2016-08-09T00:00:00Z,38.36949920654297,38.41550064086914
2016-08-10T00:00:00Z,38.4900016784668,38.428001403808594
2016-08-11T00:00:00Z,38.49700164794922,38.5620002746582
2016-08-12T00:00:00Z,38.42300033569336,38.62799835205078
2016-08-15T00:00:00Z,38.595001220703125,38.42449951171875
2016-08-16T00:00:00Z,38.430999755859375,38.20199966430664
2016-08-17T00:00:00Z,38.22050094604492,38.23149871826172
2016-08-18T00:00:00Z,38.20000076293945,38.222999572753906
2016-08-19T00:00:00Z,38.095001220703125,37.865501403808594
2016-08-22T00:00:00Z,37.875,37.9739990234375
2016-08-23T00:00:00Z,38.16550064086914,38.122501373291016
2016-08-24T00:00:00Z,38.150001525878906,37.86249923706055
2016-08-25T00:00:00Z,37.79999923706055,37.96099853515625
2016-08-26T00:00:00Z,38.002498626708984,38.45000076293945
2016-08-29T00:00:00Z,38.43600082397461,38.56449890136719
2016-08-30T00:00:00Z,38.5525016784668,38.37900161743164
2016-08-31T00:00:00Z,38.33000183105469,38.45800018310547
2016-09-01T00:00:00Z,38.54499816894531,38.53099822998047
2016-09-02T00:00:00Z,38.705501556396484,38.62200164794922
2016-09-06T00:00:00Z,38.70199966430664,39.44350051879883
2016-09-07T00:00:00Z,39.47650146484375,39.2239990234375
2016-09-08T00:00:00Z,39.19449996948242,39.202999114990234
2016-09-09T00:00:00Z,38.96799850463867,38.00699996948242
2016-09-12T00:00:00Z,37.86750030517578,38.574501037597656
2016-09-13T00:00:00Z,38.438499450683594,38.050498962402344
2016-09-14T00:00:00Z,38.11000061035156,38.054500579833984
2016-09-15T00:00:00Z,38.099998474121094,38.484500885009766
2016-09-16T00:00:00Z,38.66400146484375,38.92599868774414
2016-09-19T00:00:00Z,38.99850082397461,38.755001068115234
2016-09-20T00:00:00Z,38.79999923706055,39.01100158691406
2016-09-21T00:00:00Z,39.162498474121094,39.48699951171875
2016-09-22T00:00:00Z,39.7135009765625,40.23500061035156
2016-09-23T00:00:00Z,40.15650177001953,40.287498474121094
2016-09-26T00:00:00Z,40.09000015258789,39.95800018310547
2016-09-27T00:00:00Z,40.092498779296875,40.80550003051758
2016-09-28T00:00:00Z,40.900001525878906,41.43600082397461
2016-09-29T00:00:00Z,41.41299819946289,41.45249938964844
2016-09-30T00:00:00Z,41.63050079345703,41.865501403808594
2016-10-03T00:00:00Z,41.79999923706055,41.83700180053711
2016-10-04T00:00:00Z,42.045501708984375,41.701499938964844
2016-10-05T00:00:00Z,41.900001525878906,42.21799850463867
2016-10-06T00:00:00Z,42.185001373291016,42.08300018310547
2016-10-07T00:00:00Z,42.28950119018555,41.971500396728516
2016-10-10T00:00:00Z,42.162498474121094,42.08549880981445
2016-10-11T00:00:00Z,42.05099868774414,41.54999923706055
2016-10-12T00:00:00Z,41.70000076293945,41.704498291015625
2016-10-13T00:00:00Z,41.45000076293945,41.4640007019043
2016-10-14T00:00:00Z,41.75400161743164,41.14799880981445
2016-10-17T00:00:00Z,41.07500076293945,40.647499084472656
2016-10-18T00:00:00Z,41.105499267578125,40.88249969482422
2016-10-19T00:00:00Z,41.02000045776367,40.884498596191406
2016-10-20T00:00:00Z,40.699501037597656,40.51599884033203
2016-10-21T00:00:00Z,40.46799850463867,40.949501037597656
2016-10-24T00:00:00Z,41.247501373291016,41.90449905395508
2016-10-25T00:00:00Z,41.96500015258789,41.75899887084961
2016-10-26T00:00:00Z,41.63800048828125,41.12950134277344
2016-10-27T00:00:00Z,41.5620002746582,40.917999267578125
2016-10-28T00:00:00Z,39.099998474121094,38.816001892089844
2016-10-31T00:00:00Z,39.05149841308594,39.49100112915039
2016-11-01T00:00:00Z,39.95000076293945,39.27050018310547
2016-11-02T00:00:00Z,39.19649887084961,38.27799987792969
2016-11-03T00:00:00Z,38.252498626708984,38.35150146484375
2016-11-04T00:00:00Z,38.13949966430664,37.752498626708984
2016-11-07T00:00:00Z,38.582000732421875,39.246498107910156
2016-11-08T00:00:00Z,39.24850082397461,39.38750076293945
2016-11-09T00:00:00Z,38.20000076293945,38.59400177001953
2016-11-10T00:00:00Z,38.94049835205078,37.11899948120117
2016-11-11T00:00:00Z,36.7864990234375,36.95050048828125
2016-11-14T00:00:00Z,37.2755012512207,35.95349884033203
2016-11-15T00:00:00Z,36.5,37.1619987487793
2016-11-16T00:00:00Z,36.99399948120117,37.324501037597656
2016-11-17T00:00:00Z,37.465999603271484,37.81999969482422
2016-11-18T00:00:00Z,38.04999923706055,38.007999420166016
2016-11-21T00:00:00Z,38.29999923706055,39.0
2016-11-22T00:00:00Z,39.40850067138672,39.26649856567383
2016-11-23T00:00:00Z,39.08649826049805,39.00600051879883
2016-11-25T00:00:00Z,39.32500076293945,39.01850128173828
2016-11-28T00:00:00Z,38.8494987487793,38.3385009765625
2016-11-29T00:00:00Z,38.400001525878906,38.125999450683594
2016-11-30T00:00:00Z,38.099998474121094,37.528499603271484
2016-12-01T00:00:00Z,37.62049865722656,37.182498931884766
2016-12-02T00:00:00Z,37.16999816894531,37.016998291015625
2016-12-05T00:00:00Z,37.25,37.96799850463867
2016-12-06T00:00:00Z,38.199501037597656,38.236000061035156
2016-12-07T00:00:00Z,38.227500915527344,38.520999908447266
2016-12-08T00:00:00Z,38.59349822998047,38.36650085449219
2016-12-09T00:00:00Z,38.5,38.43299865722656
2016-12-12T00:00:00Z,38.31999969482422,38.00600051879883
2016-12-13T00:00:00Z,38.24800109863281,38.71699905395508
2016-12-14T00:00:00Z,38.912498474121094,38.441001892089844
2016-12-15T00:00:00Z,38.31399917602539,38.04999923706055
2016-12-16T00:00:00Z,38.25,37.88850021362305
2016-12-19T00:00:00Z,37.94449996948242,38.29999923706055
2016-12-20T00:00:00Z,38.432498931884766,38.56100082397461
2016-12-21T00:00:00Z,38.5,38.529998779296875
2016-12-22T00:00:00Z,38.40599822998047,38.31700134277344
2016-12-23T00:00:00Z,38.227500915527344,38.02949905395508
2016-12-27T00:00:00Z,38.16999816894531,38.56999969482422
2016-12-28T00:00:00Z,38.8125,38.60649871826172
2016-12-29T00:00:00Z,38.619998931884766,38.25749969482422
2016-12-30T00:00:00Z,38.32350158691406,37.493499755859375
2017-01-03T00:00:00Z,37.895999908447266,37.68349838256836
2017-01-04T00:00:00Z,37.919498443603516,37.85900115966797
2017-01-05T00:00:00Z,38.07749938964844,39.022499084472656
2017-01-06T00:00:00Z,39.11800003051758,39.79949951171875
2017-01-09T00:00:00Z,39.900001525878906,39.84600067138672
2017-01-10T00:00:00Z,39.83000183105469,39.79499816894531
2017-01-11T00:00:00Z,39.68299865722656,39.95100021362305
2017-01-12T00:00:00Z,40.015499114990234,40.68199920654297
2017-01-13T00:00:00Z,40.715999603271484,40.856998443603516
2017-01-17T00:00:00Z,40.78499984741211,40.486000061035156
2017-01-18T00:00:00Z,40.474998474121094,40.374000549316406
2017-01-19T00:00:00Z,40.5,40.45199966430664
2017-01-20T00:00:00Z,40.763999938964844,40.416500091552734
2017-01-23T00:00:00Z,40.34000015258789,40.89400100708008
2017-01-24T00:00:00Z,41.099998474121094,41.12200164794922
2017-01-25T00:00:00Z,41.28950119018555,41.82600021362305
2017-01-26T00:00:00Z,41.7765007019043,41.95750045776367
2017-01-27T00:00:00Z,41.95000076293945,41.78850173950195
2017-01-30T00:00:00Z,41.650001525878906,41.51900100708008
2017-01-31T00:00:00Z,41.1875,41.17399978637695
2017-02-01T00:00:00Z,41.46049880981445,41.61750030517578
2017-02-02T00:00:00Z,41.829498291015625,41.997501373291016
2017-02-03T00:00:00Z,40.33599853515625,40.5099983215332
2017-02-06T00:00:00Z,40.4900016784668,40.38199996948242
2017-02-07T00:00:00Z,40.46549987792969,40.625
2017-02-08T00:00:00Z,40.634498596191406,40.98550033569336
2017-02-09T00:00:00Z,41.08000183105469,41.06800079345703
2017-02-10T00:00:00Z,41.191001892089844,41.37300109863281
2017-02-13T00:00:00Z,41.58100128173828,41.826499938964844
2017-02-14T00:00:00Z,41.849998474121094,41.81949996948242
2017-02-15T00:00:00Z,41.70000076293945,42.1349983215332
2017-02-16T00:00:00Z,42.09199905395508,42.207000732421875
2017-02-17T00:00:00Z,42.099998474121094,42.253501892089844
2017-02-21T00:00:00Z,42.44200134277344,42.821998596191406
2017-02-22T00:00:00Z,42.84749984741211,42.78049850463867
2017-02-23T00:00:00Z,42.878501892089844,42.609500885009766
2017-02-24T00:00:00Z,42.234500885009766,42.262001037597656
2017-02-27T00:00:00Z,42.11899948120117,42.43199920654297
2017-02-28T00:00:00Z,42.5724983215332,42.25199890136719
2017-03-01T00:00:00Z,42.65250015258789,42.65399932861328
2017-03-02T00:00:00Z,42.65399932861328,42.445499420166016
2017-03-03T00:00:00Z,42.36000061035156,42.49399948120117
2017-03-06T00:00:00Z,42.26150131225586,42.330501556396484
2017-03-07T00:00:00Z,42.27399826049805,42.30099868774414
2017-03-08T00:00:00Z,42.400001525878906,42.525001525878906
2017-03-09T00:00:00Z,42.54999923706055,42.650001525878906
2017-03-10T00:00:00Z,42.849998474121094,42.62300109863281
2017-03-13T00:00:00Z,42.5885009765625,42.72949981689453
2017-03-14T00:00:00Z,42.6775016784668,42.62649917602539
2017-03-15T00:00:00Z,42.71649932861328,42.64849853515625
2017-03-16T00:00:00Z,42.76499938964844,42.67100143432617
2017-03-17T00:00:00Z,42.67449951171875,42.615501403808594
2017-03-20T00:00:00Z,42.57550048828125,42.8484992980957
2017-03-21T00:00:00Z,42.94200134277344,42.15999984741211
2017-03-22T00:00:00Z,42.02149963378906,42.40299987792969
2017-03-23T00:00:00Z,42.40999984741211,42.36899948120117
2017-03-24T00:00:00Z,42.58399963378906,42.28049850463867
2017-03-27T00:00:00Z,41.903499603271484,42.340999603271484
2017-03-28T00:00:00Z,42.587501525878906,42.79999923706055
2017-03-29T00:00:00Z,42.95249938964844,43.715999603271484
2017-03-30T00:00:00Z,43.747501373291016,43.81700134277344
2017-03-31T00:00:00Z,43.849998474121094,44.32699966430664
2017-04-03T00:00:00Z,44.400001525878906,44.57550048828125
2017-04-04T00:00:00Z,44.57500076293945,45.34149932861328
2017-04-05T00:00:00Z,45.54100036621094,45.4640007019043
2017-04-06T00:00:00Z,45.689998626708984,44.91400146484375
2017-04-07T00:00:00Z,44.98249816894531,44.74399948120117
2017-04-10T00:00:00Z,44.98149871826172,45.35200119018555
2017-04-11T00:00:00Z,45.35200119018555,45.11800003051758
2017-04-12T00:00:00Z,45.15449905395508,44.811500549316406
2017-04-13T00:00:00Z,44.5724983215332,44.23350143432617
2017-04-17T00:00:00Z,44.375,45.0994987487793
2017-04-18T00:00:00Z,45.04949951171875,45.18899917602539
2017-04-19T00:00:00Z,45.391998291015625,44.959999084472656
2017-04-20T00:00:00Z,44.98500061035156,45.10300064086914
2017-04-21T00:00:00Z,45.13349914550781,44.92649841308594
2017-04-24T00:00:00Z,45.433998107910156,45.37049865722656
2017-04-25T00:00:00Z,45.35200119018555,45.38100051879883
2017-04-26T00:00:00Z,45.51499938964844,45.464500427246094
2017-04-27T00:00:00Z,45.71950149536133,45.91899871826172
2017-04-28T00:00:00Z,47.44150161743164,46.2495002746582
2017-05-01T00:00:00Z,46.38999938964844,47.4114990234375
2017-05-02T00:00:00Z,47.33250045776367,47.34700012207031
2017-05-03T00:00:00Z,47.29999923706055,47.05149841308594
2017-05-04T00:00:00Z,47.23749923706055,46.87649917602539
2017-05-05T00:00:00Z,47.0260009765625,46.70750045776367
2017-05-08T00:00:00Z,47.04750061035156,47.45199966430664
2017-05-09T00:00:00Z,47.63999938964844,47.64099884033203
2017-05-10T00:00:00Z,47.67499923706055,47.4474983215332
2017-05-11T00:00:00Z,47.25550079345703,47.38100051879883
2017-05-12T00:00:00Z,47.724998474121094,48.067501068115234
2017-05-15T00:00:00Z,47.936500549316406,47.89849853515625
2017-05-16T00:00:00Z,48.04999923706055,48.30350112915039
2017-05-17T00:00:00Z,47.73500061035156,47.237998962402344
2017-05-18T00:00:00Z,47.2400016784668,47.92449951171875
2017-05-19T00:00:00Z,48.141998291015625,47.992000579833984
2017-05-22T00:00:00Z,48.20000076293945,48.53350067138672
2017-05-23T00:00:00Z,48.750999450683594,48.57699966430664
2017-05-24T00:00:00Z,48.79999923706055,49.01750183105469
2017-05-25T00:00:00Z,49.24250030517578,49.66899871826172
2017-05-26T00:00:00Z,49.75,49.78900146484375
2017-05-30T00:00:00Z,49.82550048828125,49.834999084472656
2017-05-31T00:00:00Z,50.0,49.73099899291992
2017-06-01T00:00:00Z,49.929500579833984,49.79750061035156
2017-06-02T00:00:00Z,49.949501037597656,50.33649826049805
2017-06-05T00:00:00Z,50.36149978637695,50.56700134277344
2017-06-06T00:00:00Z,50.599998474121094,50.150001525878906
2017-06-07T00:00:00Z,50.29750061035156,50.503501892089844
2017-06-08T00:00:00Z,50.60300064086914,50.51350021362305
2017-06-09T00:00:00Z,50.625,48.91550064086914
2017-06-12T00:00:00Z,48.349998474121094,48.24549865722656
2017-06-13T00:00:00Z,48.89950180053711,49.03950119018555
2017-06-14T00:00:00Z,49.429500579833984,48.82350158691406
2017-06-15T00:00:00Z,47.935001373291016,48.208499908447266
2017-06-16T00:00:00Z,49.79999923706055,49.385501861572266
2017-06-19T00:00:00Z,50.849998474121094,49.75849914550781
2017-06-20T00:00:00Z,49.900001525878906,49.62950134277344
2017-06-21T00:00:00Z,49.935001373291016,50.11149978637695
2017-06-22T00:00:00Z,50.11149978637695,50.064998626708984
2017-06-23T00:00:00Z,50.12699890136719,50.1870002746582
2017-06-26T00:00:00Z,50.42499923706055,49.69900131225586
2017-06-27T00:00:00Z,49.53450012207031,48.8390007019043
2017-06-28T00:00:00Z,48.9275016784668,49.51649856567383
2017-06-29T00:00:00Z,48.95000076293945,48.79650115966797
2017-06-30T00:00:00Z,49.00600051879883,48.400001525878906
2017-07-03T00:00:00Z,48.63949966430664,47.68299865722656
2017-07-05T00:00:00Z,48.076499938964844,48.56999969482422
2017-07-06T00:00:00Z,48.233001708984375,48.25699996948242
2017-07-07T00:00:00Z,48.477500915527344,48.9379997253418
2017-07-10T00:00:00Z,49.25,49.82350158691406
2017-07-11T00:00:00Z,49.650001525878906,49.70650100708008
2017-07-12T00:00:00Z,50.032501220703125,50.32550048828125
2017-07-13T00:00:00Z,50.23099899291992,50.03150177001953
2017-07-14T00:00:00Z,50.119998931884766,50.09049987792969
2017-07-17T00:00:00Z,50.234500885009766,50.50199890136719
2017-07-18T00:00:00Z,50.29999923706055,51.22249984741211
2017-07-19T00:00:00Z,51.25,51.34349822998047
2017-07-20T00:00:00Z,51.579498291015625,51.435001373291016
2017-07-21T00:00:00Z,51.06399917602539,51.28350067138672
2017-07-24T00:00:00Z,51.41699981689453,51.9474983215332
2017-07-25T00:00:00Z,51.90250015258789,51.993499755859375
2017-07-26T00:00:00Z,52.15999984741211,52.63999938964844
2017-07-27T00:00:00Z,53.477500915527344,52.29999923706055
2017-07-28T00:00:00Z,50.606998443603516,51.00199890136719
2017-07-31T00:00:00Z,50.95249938964844,49.388999938964844
2017-08-01T00:00:00Z,49.80550003051758,49.80950164794922
2017-08-02T00:00:00Z,50.0885009765625,49.794498443603516
2017-08-03T00:00:00Z,49.9734992980957,49.34600067138672
2017-08-04T00:00:00Z,49.48400115966797,49.37900161743164
2017-08-07T00:00:00Z,49.532501220703125,49.61349868774414
2017-08-08T00:00:00Z,49.717498779296875,49.492000579833984
2017-08-09T00:00:00Z,49.130001068115234,49.10049819946289
2017-08-10T00:00:00Z,48.814998626708984,47.84600067138672
2017-08-11T00:00:00Z,48.0,48.39950180053711
2017-08-14T00:00:00Z,48.920501708984375,49.165000915527344
2017-08-15T00:00:00Z,49.44499969482422,49.137001037597656
2017-08-16T00:00:00Z,49.08250045776367,48.909000396728516
2017-08-17T00:00:00Z,48.891998291015625,48.028499603271484
2017-08-18T00:00:00Z,48.06999969482422,47.923500061035156
2017-08-21T00:00:00Z,47.878501892089844,47.66450119018555
2017-08-22T00:00:00Z,47.7760009765625,48.345001220703125
2017-08-23T00:00:00Z,47.96900177001953,47.900001525878906
2017-08-24T00:00:00Z,47.87099838256836,47.622501373291016
2017-08-25T00:00:00Z,47.79999923706055,47.26300048828125
2017-08-28T00:00:00Z,47.32699966430664,47.30099868774414
2017-08-29T00:00:00Z,47.0,47.702999114990234
2017-08-30T00:00:00Z,47.922000885009766,48.37950134277344
2017-08-31T00:00:00Z,48.73500061035156,49.029998779296875
2017-09-01T00:00:00Z,49.209999084472656,48.912498474121094
2017-09-05T00:00:00Z,48.77000045776367,48.26350021362305
2017-09-06T00:00:00Z,48.41600036621094,48.38999938964844
2017-09-07T00:00:00Z,48.70000076293945,48.9734992980957
2017-09-08T00:00:00Z,48.95500183105469,48.29499816894531
2017-09-11T00:00:00Z,48.722999572753906,48.89799880981445
2017-09-12T00:00:00Z,49.16350173950195,49.12900161743164
2017-09-13T00:00:00Z,49.19850158691406,49.97999954223633
2017-09-14T00:00:00Z,49.84000015258789,49.61050033569336
2017-09-15T00:00:00Z,49.6505012512207,49.339500427246094
2017-09-18T00:00:00Z,49.52000045776367,48.70949935913086
2017-09-19T00:00:00Z,48.86249923706055,48.49300003051758
2017-09-20T00:00:00Z,48.589500427246094,48.660499572753906
2017-09-21T00:00:00Z,48.56549835205078,48.23249816894531
2017-09-22T00:00:00Z,48.050498962402344,47.755001068115234
2017-09-25T00:00:00Z,47.46549987792969,46.989498138427734
2017-09-26T00:00:00Z,47.27450180053711,46.93000030517578
2017-09-27T00:00:00Z,47.400001525878906,47.54349899291992
2017-09-28T00:00:00Z,47.59299850463867,47.81999969482422
2017-09-29T00:00:00Z,48.00550079345703,48.067501068115234
2017-10-02T00:00:00Z,48.20000076293945,47.95949935913086
2017-10-03T00:00:00Z,47.900001525878906,47.85499954223633
2017-10-04T00:00:00Z,47.71049880981445,48.272499084472656
2017-10-05T00:00:00Z,48.5,49.04249954223633
2017-10-06T00:00:00Z,48.78200149536133,49.479000091552734
2017-10-09T00:00:00Z,49.6619987487793,49.54949951171875
2017-10-10T00:00:00Z,49.833499908447266,49.36000061035156
2017-10-11T00:00:00Z,49.563499450683594,49.75
2017-10-12T00:00:00Z,49.84049987792969,50.04650115966797
2017-10-13T00:00:00Z,50.349998474121094,50.14699935913086
2017-10-16T00:00:00Z,50.422000885009766,50.31700134277344
2017-10-17T00:00:00Z,50.27949905395508,50.45650100708008
2017-10-18T00:00:00Z,50.4635009765625,49.849998474121094
2017-10-19T00:00:00Z,49.5,49.330501556396484
2017-10-20T00:00:00Z,49.67649841308594,49.14550018310547
2017-10-23T00:00:00Z,49.33649826049805,48.314998626708984
2017-10-24T00:00:00Z,48.45000076293945,48.79499816894531
2017-10-25T00:00:00Z,48.900001525878906,48.64550018310547
2017-10-26T00:00:00Z,49.01649856567383,48.621498107910156
2017-10-27T00:00:00Z,52.90700149536133,55.04750061035156
2017-10-30T00:00:00Z,54.7504997253418,55.54249954223633
2017-10-31T00:00:00Z,55.45000076293945,55.263999938964844
2017-11-01T00:00:00Z,55.27000045776367,55.183998107910156
2017-11-02T00:00:00Z,54.890499114990234,54.71099853515625
2017-11-03T00:00:00Z,54.557498931884766,55.58000183105469
2017-11-06T00:00:00Z,55.45750045776367,56.03300094604492
2017-11-07T00:00:00Z,56.23699951171875,56.15850067138672
2017-11-08T00:00:00Z,56.14099884033203,56.64400100708008
2017-11-09T00:00:00Z,56.29800033569336,56.45650100708008
2017-11-10T00:00:00Z,56.30500030517578,56.26750183105469
2017-11-13T00:00:00Z,56.150001525878906,56.458499908447266
2017-11-14T00:00:00Z,56.50550079345703,56.84199905395508
2017-11-15T00:00:00Z,56.35049819946289,56.33449935913086
2017-11-16T00:00:00Z,56.507999420166016,56.864498138427734
2017-11-17T00:00:00Z,56.91400146484375,56.49399948120117
2017-11-20T00:00:00Z,56.48849868774414,56.31549835205078
2017-11-21T00:00:00Z,56.643001556396484,56.9744987487793
2017-11-22T00:00:00Z,57.04999923706055,57.80799865722656
2017-11-24T00:00:00Z,58.03499984741211,59.29999923706055
2017-11-27T00:00:00Z,60.132999420166016,59.791500091552734
2017-11-28T00:00:00Z,60.24399948120117,59.68000030517578
2017-11-29T00:00:00Z,59.7400016784668,58.063499450683594
2017-11-30T00:00:00Z,58.35499954223633,58.837501525878906
2017-12-01T00:00:00Z,58.602500915527344,58.11750030517578
2017-12-04T00:00:00Z,58.692501068115234,56.6974983215332
2017-12-05T00:00:00Z,56.41299819946289,57.07849884033203
2017-12-06T00:00:00Z,56.89950180053711,57.61750030517578
2017-12-07T00:00:00Z,57.829498291015625,57.989498138427734
2017-12-08T00:00:00Z,58.52000045776367,58.099998474121094
2017-12-11T00:00:00Z,58.22999954223633,58.44599914550781
2017-12-12T00:00:00Z,58.32550048828125,58.25400161743164
2017-12-13T00:00:00Z,58.5,58.20650100708008
2017-12-14T00:00:00Z,58.18550109863281,58.7130012512207
2017-12-15T00:00:00Z,58.951499938964844,58.957000732421875
2017-12-18T00:00:00Z,59.368499755859375,59.52899932861328
2017-12-19T00:00:00Z,59.45750045776367,59.36899948120117
2017-12-20T00:00:00Z,59.525001525878906,58.88100051879883
2017-12-21T00:00:00Z,58.79499816894531,58.737998962402344
2017-12-22T00:00:00Z,58.604000091552734,58.417999267578125
2017-12-26T00:00:00Z,58.417999267578125,58.8380012512207
2017-12-27T00:00:00Z,58.99549865722656,59.112998962402344
2017-12-28T00:00:00Z,59.45000076293945,59.30500030517578
2017-12-29T00:00:00Z,59.11750030517578,58.4734992980957
2018-01-02T00:00:00Z,58.599998474121094,59.45050048828125
2018-01-03T00:00:00Z,59.415000915527344,60.209999084472656
2018-01-04T00:00:00Z,60.25,60.47949981689453
2018-01-05T00:00:00Z,60.8754997253418,61.457000732421875
2018-01-08T00:00:00Z,61.79999923706055,62.34349822998047
2018-01-09T00:00:00Z,62.845001220703125,62.6349983215332
2018-01-10T00:00:00Z,62.25749969482422,62.71649932861328
2018-01-11T00:00:00Z,62.98699951171875,63.83399963378906
2018-01-12T00:00:00Z,63.669498443603516,65.26000213623047
2018-01-16T00:00:00Z,66.1500015258789,65.24299621582031
2018-01-17T00:00:00Z,65.61199951171875,64.75
2018-01-18T00:00:00Z,64.69750213623047,64.66600036621094
2018-01-19T00:00:00Z,65.5999984741211,64.72899627685547
2018-01-22T00:00:00Z,64.8584976196289,66.3655014038086
2018-01-23T00:00:00Z,66.90450286865234,68.12699890136719
2018-01-24T00:00:00Z,68.74099731445312,67.87550354003906
2018-01-25T00:00:00Z,68.4000015258789,68.89749908447266
2018-01-26T00:00:00Z,69.60050201416016,70.10250091552734
2018-01-29T00:00:00Z,70.45899963378906,70.88400268554688
2018-01-30T00:00:00Z,70.15850067138672,71.89099884033203
2018-01-31T00:00:00Z,72.56500244140625,72.54450225830078
2018-02-01T00:00:00Z,72.25,69.5
2018-02-02T00:00:00Z,73.86949920654297,71.49749755859375
2018-02-05T00:00:00Z,70.13099670410156,69.5
2018-02-06T00:00:00Z,68.072998046875,72.14199829101562
2018-02-07T00:00:00Z,72.44999694824219,70.83899688720703
2018-02-08T00:00:00Z,71.48400115966797,67.5250015258789
2018-02-09T00:00:00Z,68.67449951171875,66.9800033569336
2018-02-12T00:00:00Z,68.2334976196289,69.3115005493164
2018-02-13T00:00:00Z,69.29650115966797,70.72550201416016
2018-02-14T00:00:00Z,70.3125,72.55249786376953
2018-02-15T00:00:00Z,73.34449768066406,73.08799743652344
2018-02-16T00:00:00Z,72.86849975585938,72.43450164794922
2018-02-20T00:00:00Z,72.32450103759766,73.4175033569336
2018-02-21T00:00:00Z,74.25,74.14600372314453
2018-02-22T00:00:00Z,74.76799774169922,74.26699829101562
2018-02-23T00:00:00Z,74.76699829101562,75.0
2018-02-26T00:00:00Z,75.45999908447266,76.09750366210938
2018-02-27T00:00:00Z,76.2249984741211,75.5989990234375
2018-02-28T00:00:00Z,75.97550201416016,75.62249755859375
2018-03-01T00:00:00Z,75.68000030517578,74.67250061035156
2018-03-02T00:00:00Z,73.45500183105469,75.01249694824219
2018-03-05T00:00:00Z,74.71199798583984,76.18049621582031
2018-03-06T00:00:00Z,76.66000366210938,76.88200378417969
2018-03-07T00:00:00Z,76.32599639892578,77.25
2018-03-08T00:00:00Z,77.5,77.59300231933594
2018-03-09T00:00:00Z,78.17500305175781,78.94450378417969
2018-03-12T00:00:00Z,79.62999725341797,79.91950225830078
2018-03-13T00:00:00Z,80.7979965209961,79.40899658203125
2018-03-14T00:00:00Z,79.8499984741211,79.55000305175781
2018-03-15T00:00:00Z,79.75,79.11599731445312
2018-03-16T00:00:00Z,79.17250061035156,78.58399963378906
2018-03-19T00:00:00Z,77.72650146484375,77.24649810791016
2018-03-20T00:00:00Z,77.51699829101562,79.32550048828125
2018-03-21T00:00:00Z,79.32250213623047,79.09300231933594
2018-03-22T00:00:00Z,78.27349853515625,77.24600219726562
2018-03-23T00:00:00Z,76.95050048828125,74.77799987792969
2018-03-26T00:00:00Z,76.5,77.79299926757812
2018-03-27T00:00:00Z,78.62000274658203,74.85250091552734
2018-03-28T00:00:00Z,72.3499984741211,71.57099914550781
2018-03-29T00:00:00Z,70.30000305175781,72.36699676513672
2018-04-02T00:00:00Z,70.88099670410156,68.59950256347656
2018-04-03T00:00:00Z,69.56900024414062,69.60250091552734
2018-04-04T00:00:00Z,67.91200256347656,70.52850341796875
2018-04-05T00:00:00Z,72.09950256347656,72.5875015258789
2018-04-06T00:00:00Z,71.49849700927734,70.2614974975586
2018-04-09T00:00:00Z,71.25150299072266,70.30400085449219
2018-04-10T00:00:00Z,71.59950256347656,71.81099700927734
2018-04-11T00:00:00Z,71.97200012207031,71.35250091552734
2018-04-12T00:00:00Z,71.9749984741211,72.42500305175781
2018-04-13T00:00:00Z,72.45700073242188,71.53949737548828
2018-04-16T00:00:00Z,72.25,72.07499694824219
2018-04-17T00:00:00Z,73.11499786376953,75.19149780273438
2018-04-18T00:00:00Z,75.73249816894531,76.39199829101562
2018-04-19T00:00:00Z,77.16100311279297,77.84549713134766
2018-04-20T00:00:00Z,78.05999755859375,76.37449645996094
2018-04-23T00:00:00Z,77.33450317382812,75.89299774169922
2018-04-24T00:00:00Z,76.79000091552734,73.00450134277344
2018-04-25T00:00:00Z,72.9000015258789,73.00849914550781
2018-04-26T00:00:00Z,74.25050354003906,75.89800262451172
2018-04-27T00:00:00Z,81.70050048828125,78.63099670410156
2018-04-30T00:00:00Z,79.125,78.30650329589844
2018-05-01T00:00:00Z,78.16100311279297,79.11299896240234
2018-05-02T00:00:00Z,79.04900360107422,78.48400115966797
2018-05-03T00:00:00Z,78.00050354003906,78.60399627685547
2018-05-04T00:00:00Z,78.12249755859375,79.04750061035156
2018-05-07T00:00:00Z,79.46700286865234,80.00700378417969
2018-05-08T00:00:00Z,79.75,79.61949920654297
2018-05-09T00:00:00Z,80.0,80.4000015258789
2018-05-10T00:00:00Z,80.42400360107422,80.4540023803711
2018-05-11T00:00:00Z,80.54949951171875,80.14550018310547
2018-05-14T00:00:00Z,80.19999694824219,80.0770034790039
2018-05-15T00:00:00Z,79.38999938964844,78.80599975585938
2018-05-16T00:00:00Z,78.875,79.36399841308594
2018-05-17T00:00:00Z,79.02799987792969,79.08799743652344
2018-05-18T00:00:00Z,79.06649780273438,78.71849822998047
2018-05-21T00:00:00Z,79.25,79.27300262451172
2018-05-22T00:00:00Z,79.49449920654297,79.06999969482422
2018-05-23T00:00:00Z,78.55249786376953,80.09300231933594
2018-05-24T00:00:00Z,79.90149688720703,80.15350341796875
2018-05-25T00:00:00Z,80.1500015258789,80.50749969482422
2018-05-29T00:00:00Z,80.0354995727539,80.64350128173828
2018-05-30T00:00:00Z,80.90499877929688,81.24449920654297
2018-05-31T00:00:00Z,81.1500015258789,81.48100280761719
2018-06-01T00:00:00Z,81.85150146484375,82.0770034790039
2018-06-04T00:00:00Z,82.44499969482422,83.26349639892578
2018-06-05T00:00:00Z,83.64949798583984,84.81749725341797
2018-06-06T00:00:00Z,85.22550201416016,84.7874984741211
2018-06-07T00:00:00Z,84.9280014038086,84.46499633789062
2018-06-08T00:00:00Z,84.05599975585938,84.19950103759766
2018-06-11T00:00:00Z,84.07550048828125,84.45600128173828
2018-06-12T00:00:00Z,84.6500015258789,84.9375
2018-06-13T00:00:00Z,85.1405029296875,85.24299621582031
2018-06-14T00:00:00Z,85.67400360107422,86.19300079345703
2018-06-15T00:00:00Z,85.69999694824219,85.79850006103516
2018-06-18T00:00:00Z,85.31300354003906,86.18949890136719
2018-06-19T00:00:00Z,85.4520034790039,86.73899841308594
2018-06-20T00:00:00Z,87.125,87.50399780273438
2018-06-21T00:00:00Z,88.0,86.51100158691406
2018-06-22T00:00:00Z,87.13099670410156,85.78350067138672
2018-06-25T00:00:00Z,85.12550354003906,83.15750122070312
2018-06-26T00:00:00Z,83.61849975585938,84.55449676513672
2018-06-27T00:00:00Z,85.40550231933594,83.02549743652344
2018-06-28T00:00:00Z,83.62699890136719,85.07250213623047
2018-06-29T00:00:00Z,85.8499984741211,84.98999786376953
2018-07-02T00:00:00Z,84.13500213623047,85.68900299072266
2018-07-03T00:00:00Z,86.197998046875,84.697998046875
2018-07-05T00:00:00Z,85.26899719238281,84.98650360107422
2018-07-06T00:00:00Z,84.80000305175781,85.53150177001953
2018-07-09T00:00:00Z,86.20249938964844,86.95099639892578
2018-07-10T00:00:00Z,86.92649841308594,87.15350341796875
2018-07-11T00:00:00Z,86.89949798583984,87.75
2018-07-12T00:00:00Z,88.22550201416016,89.83100128173828
2018-07-13T00:00:00Z,90.19650268554688,90.65149688720703
2018-07-16T00:00:00Z,91.09750366210938,91.12449645996094
2018-07-17T00:00:00Z,90.5780029296875,92.19650268554688
2018-07-18T00:00:00Z,92.4000015258789,92.14600372314453
2018-07-19T00:00:00Z,91.4729995727539,90.64849853515625
2018-07-20T00:00:00Z,91.25050354003906,90.68499755859375
2018-07-23T00:00:00Z,90.6104965209961,90.0999984741211
2018-07-24T00:00:00Z,91.45050048828125,91.46199798583984
2018-07-25T00:00:00Z,91.46499633789062,93.18049621582031
2018-07-26T00:00:00Z,91.94999694824219,90.4000015258789
2018-07-27T00:00:00Z,93.80249786376953,90.8635025024414
2018-07-30T00:00:00Z,91.36650085449219,88.96099853515625
2018-07-31T00:00:00Z,89.32450103759766,88.87200164794922
2018-08-01T00:00:00Z,89.19999694824219,89.8584976196289
2018-08-02T00:00:00Z,89.4384994506836,91.71649932861328
2018-08-03T00:00:00Z,91.88700103759766,91.16449737548828
2018-08-06T00:00:00Z,91.29049682617188,92.38749694824219
2018-08-07T00:00:00Z,92.72650146484375,93.1240005493164
2018-08-08T00:00:00Z,93.05000305175781,94.32599639892578
2018-08-09T00:00:00Z,94.0999984741211,94.9260025024414
2018-08-10T00:00:00Z,94.42549896240234,94.31500244140625
2018-08-13T00:00:00Z,94.92500305175781,94.80999755859375
2018-08-14T00:00:00Z,95.96949768066406,95.98249816894531
2018-08-15T00:00:00Z,95.47750091552734,94.13099670410156
2018-08-16T00:00:00Z,95.1969985961914,94.32599639892578
2018-08-17T00:00:00Z,94.29000091552734,94.11100006103516
2018-08-20T00:00:00Z,94.52850341796875,93.83550262451172
2018-08-21T00:00:00Z,94.0,94.1709976196289
2018-08-22T00:00:00Z,93.83200073242188,95.24500274658203
2018-08-23T00:00:00Z,95.3584976196289,95.1449966430664
2018-08-24T00:00:00Z,95.52549743652344,95.26950073242188
2018-08-27T00:00:00Z,95.75,96.38400268554688
2018-08-28T00:00:00Z,96.8864974975586,96.64099884033203
2018-08-29T00:00:00Z,97.67250061035156,99.90499877929688
2018-08-30T00:00:00Z,99.87100219726562,100.11900329589844
2018-08-31T00:00:00Z,100.3499984741211,100.635498046875
2018-09-04T00:00:00Z,101.32499694824219,101.97550201416016
2018-09-05T00:00:00Z,101.90550231933594,99.74099731445312
2018-09-06T00:00:00Z,100.32550048828125,97.91549682617188
2018-09-07T00:00:00Z,96.93550109863281,97.60350036621094
2018-09-10T00:00:00Z,98.55000305175781,96.95050048828125
2018-09-11T00:00:00Z,96.41349792480469,99.35749816894531
2018-09-12T00:00:00Z,99.69999694824219,99.5
2018-09-13T00:00:00Z,100.0,99.49349975585938
2018-09-14T00:00:00Z,99.64649963378906,98.5094985961914
2018-09-17T00:00:00Z,97.73650360107422,95.40149688720703
2018-09-18T00:00:00Z,95.93250274658203,97.05249786376953
2018-09-19T00:00:00Z,97.0250015258789,96.32099914550781
2018-09-20T00:00:00Z,96.92900085449219,97.21499633789062
2018-09-21T00:00:00Z,97.71099853515625,95.75050354003906
2018-09-24T00:00:00Z,95.18949890136719,96.71800231933594
2018-09-25T00:00:00Z,97.1449966430664,98.72750091552734
2018-09-26T00:00:00Z,98.42500305175781,98.74250030517578
2018-09-27T00:00:00Z,99.66200256347656,100.64900207519531
2018-09-28T00:00:00Z,100.22049713134766,100.1500015258789
2018-10-01T00:00:00Z,101.09950256347656,100.21800231933594
2018-10-02T00:00:00Z,99.99949645996094,98.56549835205078
2018-10-03T00:00:00Z,99.08499908447266,97.63800048828125
2018-10-04T00:00:00Z,97.44999694824219,95.47100067138672
2018-10-05T00:00:00Z,95.89949798583984,94.48249816894531
2018-10-08T00:00:00Z,93.69999694824219,93.22100067138672
2018-10-09T00:00:00Z,92.99949645996094,93.51599884033203
2018-10-10T00:00:00Z,92.89450073242188,87.76249694824219
2018-10-11T00:00:00Z,86.19999694824219,85.96800231933594
2018-10-12T00:00:00Z,90.4000015258789,89.43049621582031
2018-10-15T00:00:00Z,89.75,88.04750061035156
2018-10-16T00:00:00Z,89.17500305175781,90.99800109863281
2018-10-17T00:00:00Z,92.1395034790039,91.58650207519531
2018-10-18T00:00:00Z,91.07450103759766,88.53600311279297
2018-10-19T00:00:00Z,89.25800323486328,88.20149993896484
2018-10-22T00:00:00Z,89.19999694824219,89.46499633789062
2018-10-23T00:00:00Z,87.11199951171875,88.43499755859375
2018-10-24T00:00:00Z,88.68499755859375,83.20999908447266
2018-10-25T00:00:00Z,85.16699981689453,89.1084976196289
2018-10-26T00:00:00Z,82.47949981689453,82.1405029296875
2018-10-29T00:00:00Z,83.0,76.94400024414062
2018-10-30T00:00:00Z,74.30799865722656,76.52100372314453
2018-10-31T00:00:00Z,78.49949645996094,79.90049743652344
2018-11-01T00:00:00Z,81.17649841308594,83.27649688720703
2018-11-02T00:00:00Z,83.92949676513672,83.27649688720703
2018-11-05T00:00:00Z,82.87850189208984,81.38999938964844
2018-11-06T00:00:00Z,80.9175033569336,82.1405029296875
2018-11-07T00:00:00Z,83.6500015258789,87.77449798583984
2018-11-08T00:00:00Z,87.75,87.74549865722656
2018-11-09T00:00:00Z,86.625,85.62149810791016
2018-11-12T00:00:00Z,84.91200256347656,81.84249877929688
2018-11-13T00:00:00Z,82.4645004272461,81.55850219726562
2018-11-14T00:00:00Z,82.81600189208984,79.95050048828125
2018-11-15T00:00:00Z,79.05049896240234,80.97200012207031
2018-11-16T00:00:00Z,79.375,79.67050170898438
2018-11-19T00:00:00Z,78.85050201416016,75.614501953125
2018-11-20T00:00:00Z,71.875,74.77300262451172
2018-11-21T00:00:00Z,77.14949798583984,75.83650207519531
2018-11-23T00:00:00Z,75.8499984741211,75.10299682617188
2018-11-26T00:00:00Z,76.94999694824219,79.06649780273438
2018-11-27T00:00:00Z,78.79949951171875,79.07099914550781
2018-11-28T00:00:00Z,80.69599914550781,83.88749694824219
2018-11-29T00:00:00Z,83.74949645996094,83.67849731445312
2018-11-30T00:00:00Z,83.9749984741211,84.50849914550781
2018-12-03T00:00:00Z,88.4729995727539,88.61799621582031
2018-12-04T00:00:00Z,87.80000305175781,83.41999816894531
2018-12-06T00:00:00Z,80.74349975585938,84.95950317382812
2018-12-07T00:00:00Z,85.25350189208984,81.45649719238281
2018-12-10T00:00:00Z,81.19200134277344,82.05149841308594
2018-12-11T00:00:00Z,83.9000015258789,82.16200256347656
2018-12-12T00:00:00Z,83.44999694824219,83.177001953125
2018-12-13T00:00:00Z,84.0,82.91899871826172
2018-12-14T00:00:00Z,81.9000015258789,79.59549713134766
2018-12-17T00:00:00Z,78.30000305175781,76.04550170898438
2018-12-18T00:00:00Z,77.0,77.5739974975586
2018-12-19T00:00:00Z,77.15249633789062,74.75399780273438
2018-12-20T00:00:00Z,74.19999694824219,73.04149627685547
2018-12-21T00:00:00Z,73.24949645996094,68.87249755859375
2018-12-24T00:00:00Z,67.30000305175781,67.197998046875
2018-12-26T00:00:00Z,68.44450378417969,73.54499816894531
2018-12-27T00:00:00Z,72.70999908447266,73.08200073242188
2018-12-28T00:00:00Z,73.6675033569336,73.9010009765625
2018-12-31T00:00:00Z,75.54000091552734,75.09850311279297
2019-01-02T00:00:00Z,73.26000213623047,76.95649719238281
2019-01-03T00:00:00Z,76.00050354003906,75.01399993896484
2019-01-04T00:00:00Z,76.5,78.76950073242188
2019-01-07T00:00:00Z,80.1155014038086,81.47550201416016
2019-01-08T00:00:00Z,83.2344970703125,82.8290023803711
2019-01-09T00:00:00Z,82.64900207519531,82.97100067138672
2019-01-10T00:00:00Z,82.05049896240234,82.81099700927734
2019-01-11T00:00:00Z,82.02749633789062,82.02799987792969
2019-01-14T00:00:00Z,80.75,80.8604965209961
2019-01-15T00:00:00Z,81.5999984741211,83.72799682617188
2019-01-16T00:00:00Z,84.21099853515625,84.18900299072266
2019-01-17T00:00:00Z,84.0,84.66100311279297
2019-01-18T00:00:00Z,85.5999984741211,84.80999755859375
2019-01-22T00:00:00Z,84.05000305175781,81.6084976196289
2019-01-23T00:00:00Z,82.80000305175781,82.0009994506836
2019-01-24T00:00:00Z,82.05349731445312,82.74649810791016
2019-01-25T00:00:00Z,83.5250015258789,83.52850341796875
2019-01-28T00:00:00Z,82.17949676513672,81.89450073242188
2019-01-29T00:00:00Z,81.5634994506836,79.69400024414062
2019-01-30T00:00:00Z,81.1500015258789,83.52149963378906
2019-01-31T00:00:00Z,84.64250183105469,85.9365005493164
2019-02-01T00:00:00Z,81.94400024414062,81.3115005493164
2019-02-04T00:00:00Z,81.1500015258789,81.66549682617188
2019-02-05T00:00:00Z,82.16699981689453,82.94049835205078
2019-02-06T00:00:00Z,83.5374984741211,82.01300048828125
2019-02-07T00:00:00Z,81.25,80.71849822998047
2019-02-08T00:00:00Z,79.30000305175781,79.41100311279297
2019-02-11T00:00:00Z,80.04900360107422,79.55000305175781
2019-02-12T00:00:00Z,80.19999694824219,81.90049743652344
2019-02-13T00:00:00Z,82.3499984741211,82.0
2019-02-14T00:00:00Z,81.2249984741211,81.13249969482422
2019-02-15T00:00:00Z,81.39299774169922,80.39749908447266
2019-02-19T00:00:00Z,80.05000305175781,81.37899780273438
2019-02-20T00:00:00Z,81.5,81.1050033569336
2019-02-21T00:00:00Z,80.99250030517578,80.97200012207031
2019-02-22T00:00:00Z,81.17500305175781,81.5780029296875
2019-02-25T00:00:00Z,82.07250213623047,81.6500015258789
2019-02-26T00:00:00Z,81.29900360107422,81.81999969482422
2019-02-27T00:00:00Z,81.40899658203125,82.05449676513672
2019-02-28T00:00:00Z,81.76249694824219,81.99150085449219
2019-03-01T00:00:00Z,82.75650024414062,83.58650207519531
2019-03-04T00:00:00Z,84.25,84.80850219726562
2019-03-05T00:00:00Z,85.14749908447266,84.62149810791016
2019-03-06T00:00:00Z,84.79850006103516,83.44750213623047
2019-03-07T00:00:00Z,83.36849975585938,81.29750061035156
2019-03-08T00:00:00Z,80.20050048828125,81.04000091552734
2019-03-11T00:00:00Z,81.30599975585938,83.53099822998047
2019-03-12T00:00:00Z,83.44999694824219,83.65499877929688
2019-03-13T00:00:00Z,84.1500015258789,84.54049682617188
2019-03-14T00:00:00Z,84.55999755859375,84.31099700927734
2019-03-15T00:00:00Z,85.1500015258789,85.61799621582031
2019-03-18T00:00:00Z,85.63500213623047,87.10749816894531
2019-03-19T00:00:00Z,87.67549896240234,88.09249877929688
2019-03-20T00:00:00Z,88.49700164794922,89.8635025024414
2019-03-21T00:00:00Z,89.81300354003906,90.96299743652344
2019-03-22T00:00:00Z,90.50849914550781,88.2385025024414
2019-03-25T00:00:00Z,87.8895034790039,88.71299743652344
2019-03-26T00:00:00Z,89.6500015258789,89.18800354003906
2019-03-27T00:00:00Z,89.20649719238281,88.28500366210938
2019-03-28T00:00:00Z,88.5,88.6709976196289
2019-03-29T00:00:00Z,89.3290023803711,89.0374984741211
2019-04-01T00:00:00Z,90.00550079345703,90.70950317382812
2019-04-02T00:00:00Z,90.5510025024414,90.6989974975586
2019-04-03T00:00:00Z,91.33599853515625,91.03500366210938
2019-04-04T00:00:00Z,91.03250122070312,90.94300079345703
2019-04-05T00:00:00Z,91.44999694824219,91.86399841308594
2019-04-08T00:00:00Z,91.6614990234375,92.49299621582031
2019-04-09T00:00:00Z,92.27449798583984,91.79199981689453
2019-04-10T00:00:00Z,92.05000305175781,92.36650085449219
2019-04-11T00:00:00Z,92.43499755859375,92.20349884033203
2019-04-12T00:00:00Z,92.41999816894531,92.15299987792969
2019-04-15T00:00:00Z,92.0999984741211,92.24349975585938
2019-04-16T00:00:00Z,92.56749725341797,93.1520004272461
2019-04-17T00:00:00Z,93.64949798583984,93.24099731445312
2019-04-18T00:00:00Z,93.43949890136719,93.08450317382812
2019-04-22T00:00:00Z,92.7699966430664,94.3655014038086
2019-04-23T00:00:00Z,94.55999755859375,96.1884994506836
2019-04-24T00:00:00Z,96.25,95.0875015258789
2019-04-25T00:00:00Z,95.8499984741211,95.11250305175781
2019-04-26T00:00:00Z,96.44999694824219,97.53150177001953
2019-04-29T00:00:00Z,97.44999694824219,96.92150115966797
2019-04-30T00:00:00Z,96.50499725341797,96.32599639892578
2019-05-01T00:00:00Z,96.65450286865234,95.57599639892578
2019-05-02T00:00:00Z,95.66649627685547,95.04100036621094
2019-05-03T00:00:00Z,97.44999694824219,98.12300109863281
2019-05-06T00:00:00Z,95.89900207519531,97.52749633789062
2019-05-07T00:00:00Z,96.99949645996094,96.05000305175781
2019-05-08T00:00:00Z,95.94349670410156,95.88849639892578
2019-05-09T00:00:00Z,95.0,94.99349975585938
2019-05-10T00:00:00Z,94.9000015258789,94.4990005493164
2019-05-13T00:00:00Z,91.8280029296875,91.13400268554688
2019-05-14T00:00:00Z,91.9749984741211,92.00599670410156
2019-05-15T00:00:00Z,91.39749908447266,93.55750274658203
2019-05-16T00:00:00Z,94.2969970703125,95.37850189208984
2019-05-17T00:00:00Z,94.65249633789062,93.44999694824219
2019-05-20T00:00:00Z,92.6344985961914,92.94850158691406
2019-05-21T00:00:00Z,93.739501953125,92.8759994506836
2019-05-22T00:00:00Z,92.58899688720703,92.98400115966797
2019-05-23T00:00:00Z,91.82949829101562,90.77400207519531
2019-05-24T00:00:00Z,91.79450225830078,91.16400146484375
2019-05-28T00:00:00Z,91.63749694824219,91.82150268554688
2019-05-29T00:00:00Z,91.15599822998047,90.95950317382812
2019-05-30T00:00:00Z,91.27449798583984,90.81600189208984
2019-05-31T00:00:00Z,89.50050354003906,88.75350189208984
2019-06-03T00:00:00Z,88.00050354003906,84.6344985961914
2019-06-04T00:00:00Z,84.96199798583984,86.47799682617188
2019-06-05T00:00:00Z,87.4800033569336,86.92500305175781
2019-06-06T00:00:00Z,86.885498046875,87.71800231933594
2019-06-07T00:00:00Z,88.18499755859375,90.20149993896484
2019-06-10T00:00:00Z,91.0999984741211,93.03150177001953
2019-06-11T00:00:00Z,94.1624984741211,93.18499755859375
2019-06-12T00:00:00Z,92.6989974975586,92.76599884033203
2019-06-13T00:00:00Z,93.33599853515625,93.51499938964844
2019-06-14T00:00:00Z,93.19999694824219,93.4834976196289
2019-06-17T00:00:00Z,93.82499694824219,94.30149841308594
2019-06-18T00:00:00Z,95.06749725341797,95.06849670410156
2019-06-19T00:00:00Z,95.39199829101562,95.43949890136719
2019-06-20T00:00:00Z,96.66649627685547,95.90950012207031
2019-06-21T00:00:00Z,95.80500030517578,95.56500244140625
2019-06-24T00:00:00Z,95.63300323486328,95.69499969482422
2019-06-25T00:00:00Z,95.59200286865234,93.91349792480469
2019-06-26T00:00:00Z,94.6240005493164,94.8915023803711
2019-06-27T00:00:00Z,95.0999984741211,95.21399688720703
2019-06-28T00:00:00Z,95.45500183105469,94.68150329589844
2019-07-01T00:00:00Z,96.14900207519531,96.1094970703125
2019-07-02T00:00:00Z,95.96900177001953,96.71549987792969
2019-07-03T00:00:00Z,96.79450225830078,96.94999694824219
2019-07-05T00:00:00Z,96.43000030517578,97.14550018310547
2019-07-08T00:00:00Z,96.70600128173828,97.61599731445312
2019-07-09T00:00:00Z,97.38999938964844,99.41500091552734
2019-07-10T00:00:00Z,99.82550048828125,100.87049865722656
2019-07-11T00:00:00Z,101.28099822998047,100.05349731445312
2019-07-12T00:00:00Z,100.41349792480469,100.55000305175781
2019-07-15T00:00:00Z,101.06999969482422,101.04949951171875
2019-07-16T00:00:00Z,100.52899932861328,100.49500274658203
2019-07-17T00:00:00Z,100.35250091552734,99.60150146484375
2019-07-18T00:00:00Z,99.00050354003906,98.8949966430664
2019-07-19T00:00:00Z,99.56050109863281,98.22599792480469
2019-07-22T00:00:00Z,98.55699920654297,99.28150177001953
2019-07-23T00:00:00Z,99.79949951171875,99.72450256347656
2019-07-24T00:00:00Z,98.46499633789062,100.04049682617188
2019-07-25T00:00:00Z,100.05000305175781,98.69100189208984
2019-07-26T00:00:00Z,97.0999984741211,97.15249633789062
2019-07-29T00:00:00Z,96.5,95.62249755859375
2019-07-30T00:00:00Z,94.55599975585938,94.92649841308594
2019-07-31T00:00:00Z,94.90550231933594,93.33899688720703
2019-08-01T00:00:00Z,93.58599853515625,92.76599884033203
2019-08-02T00:00:00Z,92.25350189208984,91.16200256347656
2019-08-05T00:00:00Z,88.51100158691406,88.25650024414062
2019-08-06T00:00:00Z,89.61150360107422,89.3915023803711
2019-08-07T00:00:00Z,88.69950103759766,89.66999816894531
2019-08-08T00:00:00Z,90.30000305175781,91.64450073242188
2019-08-09T00:00:00Z,91.44750213623047,90.37899780273438
2019-08-12T00:00:00Z,89.79949951171875,89.24600219726562
2019-08-13T00:00:00Z,89.1500015258789,91.21700286865234
2019-08-14T00:00:00Z,89.65049743652344,88.14800262451172
2019-08-15T00:00:00Z,89.09950256347656,88.80599975585938
2019-08-16T00:00:00Z,89.64450073242188,89.62850189208984
2019-08-19T00:00:00Z,90.90399932861328,90.80599975585938
2019-08-20T00:00:00Z,90.7249984741211,90.06900024414062
2019-08-21T00:00:00Z,90.96949768066406,91.177001953125
2019-08-22T00:00:00Z,91.4000015258789,90.23300170898438
2019-08-23T00:00:00Z,89.65149688720703,87.48100280761719
2019-08-26T00:00:00Z,88.34549713134766,88.44349670410156
2019-08-27T00:00:00Z,88.7864990234375,88.09149932861328
2019-08-28T00:00:00Z,87.75,88.2125015258789
2019-08-29T00:00:00Z,89.1500015258789,89.31999969482422
2019-08-30T00:00:00Z,89.87449645996094,88.81449890136719
2019-09-03T00:00:00Z,88.5,89.49199676513672
2019-09-04T00:00:00Z,90.25,90.03099822998047
2019-09-05T00:00:00Z,91.09750366210938,92.03600311279297
2019-09-06T00:00:00Z,91.91100311279297,91.67549896240234
2019-09-09T00:00:00Z,92.05000305175781,91.56749725341797
2019-09-10T00:00:00Z,91.13749694824219,91.02749633789062
2019-09-11T00:00:00Z,90.60700225830078,91.14949798583984
2019-09-12T00:00:00Z,91.88150024414062,92.17749786376953
2019-09-13T00:00:00Z,92.10050201416016,91.96700286865234
2019-09-16T00:00:00Z,91.20099639892578,90.39199829101562
2019-09-17T00:00:00Z,90.35399627685547,91.12750244140625
2019-09-18T00:00:00Z,90.85199737548828,90.87300109863281
2019-09-19T00:00:00Z,91.0510025024414,91.07499694824219
2019-09-20T00:00:00Z,91.08550262451172,89.70800018310547
2019-09-23T00:00:00Z,88.8499984741211,89.26499938964844
2019-09-24T00:00:00Z,89.53050231933594,87.08049774169922
2019-09-25T00:00:00Z,87.36799621582031,88.41649627685547
2019-09-26T00:00:00Z,88.1395034790039,86.99199676513672
2019-09-27T00:00:00Z,87.4000015258789,86.27249908447266
2019-09-30T00:00:00Z,86.34950256347656,86.79550170898438
2019-10-01T00:00:00Z,87.30000305175781,86.78250122070312
2019-10-02T00:00:00Z,86.38700103759766,85.6614990234375
2019-10-03T00:00:00Z,85.6500015258789,86.22100067138672
2019-10-04T00:00:00Z,86.3010025024414,86.98249816894531
2019-10-07T00:00:00Z,86.58149719238281,86.63300323486328
2019-10-08T00:00:00Z,86.12449645996094,85.27549743652344
2019-10-09T00:00:00Z,85.98049926757812,86.09950256347656
2019-10-10T00:00:00Z,86.26200103759766,86.01300048828125
2019-10-11T00:00:00Z,87.14600372314453,86.59600067138672
2019-10-14T00:00:00Z,86.44550323486328,86.82150268554688
2019-10-15T00:00:00Z,87.10700225830078,88.36900329589844
2019-10-16T00:00:00Z,88.66649627685547,88.87149810791016
2019-10-17T00:00:00Z,89.82450103759766,89.3740005493164
2019-10-18T00:00:00Z,89.38999938964844,87.87550354003906
2019-10-21T00:00:00Z,88.48300170898438,89.28299713134766
2019-10-22T00:00:00Z,89.40750122070312,88.2864990234375
2019-10-23T00:00:00Z,88.06500244140625,88.1084976196289
2019-10-24T00:00:00Z,88.55449676513672,89.03900146484375
2019-10-25T00:00:00Z,84.87750244140625,88.06649780273438
2019-10-28T00:00:00Z,87.40299987792969,88.85399627685547
2019-10-29T00:00:00Z,88.7405014038086,88.135498046875
2019-10-30T00:00:00Z,88.01200103759766,88.99949645996094
2019-10-31T00:00:00Z,88.79949951171875,88.83300018310547
2019-11-01T00:00:00Z,89.40049743652344,89.5719985961914
2019-11-04T00:00:00Z,90.05049896240234,90.23300170898438
2019-11-05T00:00:00Z,90.45800018310547,90.08550262451172
2019-11-06T00:00:00Z,90.05000305175781,89.78849792480469
2019-11-07T00:00:00Z,90.18800354003906,89.41000366210938
2019-11-08T00:00:00Z,89.39450073242188,89.29399871826172
2019-11-11T00:00:00Z,88.9000015258789,88.5824966430664
2019-11-12T00:00:00Z,88.73300170898438,88.9000015258789
2019-11-13T00:00:00Z,88.66950225830078,87.65550231933594
2019-11-14T00:00:00Z,87.57150268554688,87.7300033569336
2019-11-15T00:00:00Z,88.00250244140625,86.97450256347656
2019-11-18T00:00:00Z,86.91500091552734,87.62650299072266
2019-11-19T00:00:00Z,87.84950256347656,87.6395034790039
2019-11-20T00:00:00Z,87.45700073242188,87.27649688720703
2019-11-21T00:00:00Z,87.1500015258789,86.7354965209961
2019-11-22T00:00:00Z,86.95099639892578,87.28600311279297
2019-11-25T00:00:00Z,87.6624984741211,88.69200134277344
2019-11-26T00:00:00Z,88.99600219726562,89.84700012207031
2019-11-27T00:00:00Z,90.05000305175781,90.92549896240234
2019-11-29T00:00:00Z,90.88899993896484,90.04000091552734
2019-12-02T00:00:00Z,90.22000122070312,89.08000183105469
2019-12-03T00:00:00Z,88.0,88.49800109863281
2019-12-04T00:00:00Z,88.70050048828125,88.03450012207031
2019-12-05T00:00:00Z,88.17500305175781,87.02400207519531
2019-12-06T00:00:00Z,87.55999755859375,87.58000183105469
2019-12-09T00:00:00Z,87.53299713134766,87.47550201416016
2019-12-10T00:00:00Z,87.37000274658203,86.96050262451172
2019-12-11T00:00:00Z,87.08350372314453,87.43599700927734
2019-12-12T00:00:00Z,87.5,88.0165023803711
2019-12-13T00:00:00Z,88.25,88.0469970703125
2019-12-16T00:00:00Z,88.3499984741211,88.46050262451172
2019-12-17T00:00:00Z,88.90049743652344,89.53299713134766
2019-12-18T00:00:00Z,89.7509994506836,89.20149993896484
2019-12-19T00:00:00Z,89.0250015258789,89.61399841308594
2019-12-20T00:00:00Z,89.98100280761719,89.32499694824219
2019-12-23T00:00:00Z,89.41300201416016,89.6500015258789
2019-12-24T00:00:00Z,89.69049835205078,89.46050262451172
2019-12-26T00:00:00Z,90.05049896240234,93.4384994506836
2019-12-27T00:00:00Z,94.14600372314453,93.48999786376953
2019-12-30T00:00:00Z,93.69999694824219,92.34449768066406
2019-12-31T00:00:00Z,92.0999984741211,92.39199829101562
2020-01-02T00:00:00Z,93.75,94.90049743652344
2020-01-03T00:00:00Z,93.2249984741211,93.74849700927734
2020-01-06T00:00:00Z,93.0,95.14399719238281
2020-01-07T00:00:00Z,95.2249984741211,95.34300231933594
2020-01-08T00:00:00Z,94.9020004272461,94.59850311279297
2020-01-09T00:00:00Z,95.49449920654297,95.05249786376953
2020-01-10T00:00:00Z,95.26850128173828,94.15799713134766
2020-01-13T00:00:00Z,94.56549835205078,94.56500244140625
2020-01-14T00:00:00Z,94.29399871826172,93.47200012207031
2020-01-15T00:00:00Z,93.61250305175781,93.10099792480469
2020-01-16T00:00:00Z,94.14949798583984,93.89700317382812
2020-01-17T00:00:00Z,94.29450225830078,93.23600006103516
2020-01-21T00:00:00Z,93.25,94.5999984741211
2020-01-22T00:00:00Z,94.80449676513672,94.37300109863281
2020-01-23T00:00:00Z,94.25550079345703,94.22899627685547
2020-01-24T00:00:00Z,94.56849670410156,93.08200073242188
2020-01-27T00:00:00Z,91.0,91.41699981689453
2020-01-28T00:00:00Z,92.0250015258789,92.6624984741211
2020-01-29T00:00:00Z,93.19999694824219,92.9000015258789
2020-01-30T00:00:00Z,92.9000015258789,93.53399658203125
2020-01-31T00:00:00Z,102.57350158691406,100.43599700927734
2020-02-03T00:00:00Z,100.52999877929688,100.20999908447266
2020-02-04T00:00:00Z,101.49400329589844,102.4834976196289
2020-02-05T00:00:00Z,103.5510025024414,101.99349975585938
2020-02-06T00:00:00Z,102.0510025024414,102.5114974975586
2020-02-07T00:00:00Z,102.09950256347656,103.96399688720703
2020-02-10T00:00:00Z,104.25050354003906,106.69550323486328
2020-02-11T00:00:00Z,107.54499816894531,107.54000091552734
2020-02-12T00:00:00Z,108.16000366210938,108.0
2020-02-13T00:00:00Z,107.24949645996094,107.49349975585938
2020-02-14T00:00:00Z,107.78399658203125,106.74349975585938
2020-02-18T00:00:00Z,106.2509994506836,107.78350067138672
2020-02-19T00:00:00Z,108.38999938964844,108.51100158691406
2020-02-20T00:00:00Z,108.65350341796875,107.65499877929688
2020-02-21T00:00:00Z,107.10749816894531,104.79850006103516
2020-02-24T00:00:00Z,100.15899658203125,100.4645004272461
2020-02-25T00:00:00Z,101.32099914550781,98.63700103759766
2020-02-26T00:00:00Z,98.51399993896484,98.97949981689453
2020-02-27T00:00:00Z,96.71900177001953,94.21499633789062
2020-02-28T00:00:00Z,90.73149871826172,94.1875
2020-03-02T00:00:00Z,95.32450103759766,97.69750213623047
2020-03-03T00:00:00Z,98.76850128173828,95.44950103759766
2020-03-04T00:00:00Z,97.32849884033203,98.79149627685547
2020-03-05T00:00:00Z,96.6500015258789,96.20149993896484
2020-03-06T00:00:00Z,93.75,95.05449676513672
2020-03-09T00:00:00Z,88.69300079345703,90.03050231933594
2020-03-10T00:00:00Z,93.54399871826172,94.59100341796875
2020-03-11T00:00:00Z,92.89250183105469,91.04299926757812
2020-03-12T00:00:00Z,86.0989990234375,83.83049774169922
2020-03-13T00:00:00Z,87.75,89.25
2020-03-16T00:00:00Z,82.07550048828125,84.4574966430664
2020-03-17T00:00:00Z,88.77349853515625,90.39199829101562
2020-03-18T00:00:00Z,87.5,91.5
2020-03-19T00:00:00Z,93.0,94.04650115966797
2020-03-20T00:00:00Z,96.31549835205078,92.30449676513672
2020-03-23T00:00:00Z,91.38749694824219,95.1415023803711
2020-03-24T00:00:00Z,97.57499694824219,97.00499725341797
2020-03-25T00:00:00Z,96.03450012207031,94.29199981689453
2020-03-26T00:00:00Z,95.0999984741211,97.77449798583984
2020-03-27T00:00:00Z,96.54299926757812,95.00499725341797
2020-03-30T00:00:00Z,96.1415023803711,98.19750213623047
2020-03-31T00:00:00Z,98.21749877929688,97.48600006103516
2020-04-01T00:00:00Z,96.64849853515625,95.38500213623047
2020-04-02T00:00:00Z,95.08200073242188,95.94149780273438
2020-04-03T00:00:00Z,95.55750274658203,95.32949829101562
2020-04-06T00:00:00Z,96.80000305175781,99.87950134277344
2020-04-07T00:00:00Z,100.85549926757812,100.58000183105469
2020-04-08T00:00:00Z,101.05000305175781,102.1500015258789
2020-04-09T00:00:00Z,102.21499633789062,102.13800048828125
2020-04-13T00:00:00Z,102.0,108.44349670410156
2020-04-14T00:00:00Z,110.02349853515625,114.16600036621094
2020-04-15T00:00:00Z,112.88400268554688,115.38400268554688
2020-04-16T00:00:00Z,117.30000305175781,120.40950012207031
2020-04-17T00:00:00Z,118.61650085449219,118.75
2020-04-20T00:00:00Z,119.49749755859375,119.68049621582031
2020-04-21T00:00:00Z,120.83049774169922,116.40599822998047
2020-04-22T00:00:00Z,118.44999694824219,118.17449951171875
2020-04-23T00:00:00Z,119.9990005493164,119.97250366210938
2020-04-24T00:00:00Z,120.8499984741211,120.51100158691406
2020-04-27T00:00:00Z,122.16000366210938,118.80000305175781
2020-04-28T00:00:00Z,118.6050033569336,115.7040023803711
2020-04-29T00:00:00Z,116.50050354003906,118.635498046875
2020-04-30T00:00:00Z,120.99199676513672,123.69999694824219
2020-05-01T00:00:00Z,116.83999633789062,114.302001953125
2020-05-04T00:00:00Z,112.81900024414062,115.79949951171875
2020-05-05T00:00:00Z,117.0,115.88999938964844
2020-05-06T00:00:00Z,116.47200012207031,117.56300354003906
2020-05-07T00:00:00Z,118.73899841308594,118.38050079345703
2020-05-08T00:00:00Z,118.60700225830078,118.98049926757812
2020-05-11T00:00:00Z,118.73500061035156,120.44999694824219
2020-05-12T00:00:00Z,120.59249877929688,117.84750366210938
2020-05-13T00:00:00Z,118.33999633789062,118.39600372314453
2020-05-14T00:00:00Z,118.05049896240234,119.44249725341797
2020-05-15T00:00:00Z,118.4260025024414,120.48899841308594
2020-05-18T00:00:00Z,120.21749877929688,121.31300354003906
2020-05-19T00:00:00Z,121.49150085449219,122.46649932861328
2020-05-20T00:00:00Z,123.89350128173828,124.89700317382812
2020-05-21T00:00:00Z,125.0,122.33699798583984
2020-05-22T00:00:00Z,122.75050354003906,121.84400177001953
2020-05-26T00:00:00Z,122.9000015258789,121.09300231933594
2020-05-27T00:00:00Z,120.24949645996094,120.51950073242188
2020-05-28T00:00:00Z,119.21649932861328,120.05500030517578
2020-05-29T00:00:00Z,120.7969970703125,122.11849975585938
2020-06-01T00:00:00Z,122.4000015258789,123.552001953125
2020-06-02T00:00:00Z,123.3499984741211,123.62049865722656
2020-06-03T00:00:00Z,123.40049743652344,123.91999816894531
2020-06-04T00:00:00Z,123.87149810791016,123.02999877929688
2020-06-05T00:00:00Z,122.22550201416016,124.1500015258789
2020-06-08T00:00:00Z,125.01000213623047,126.2030029296875
2020-06-09T00:00:00Z,126.47200012207031,130.04299926757812
2020-06-10T00:00:00Z,132.25,132.37249755859375
2020-06-11T00:00:00Z,130.1750030517578,127.89800262451172
2020-06-12T00:00:00Z,130.0605010986328,127.2509994506836
2020-06-15T00:00:00Z,126.33000183105469,128.63400268554688
2020-06-16T00:00:00Z,131.0,130.7635040283203
2020-06-17T00:00:00Z,132.375,132.0489959716797
2020-06-18T00:00:00Z,132.35049438476562,132.69900512695312
2020-06-19T00:00:00Z,133.9040069580078,133.75050354003906
2020-06-22T00:00:00Z,134.22500610351562,135.6909942626953
2020-06-23T00:00:00Z,136.30099487304688,138.2205047607422
2020-06-24T00:00:00Z,139.0,136.72000122070312
2020-06-25T00:00:00Z,136.9774932861328,137.72900390625
2020-06-26T00:00:00Z,138.7530059814453,134.64349365234375
2020-06-29T00:00:00Z,134.50050354003906,134.0189971923828
2020-06-30T00:00:00Z,134.2534942626953,137.9409942626953
2020-07-01T00:00:00Z,137.89950561523438,143.93499755859375
2020-07-02T00:00:00Z,145.60049438476562,144.51499938964844
2020-07-06T00:00:00Z,146.74850463867188,152.8520050048828
2020-07-07T00:00:00Z,152.92750549316406,150.00599670410156
2020-07-08T00:00:00Z,151.1304931640625,154.0554962158203
2020-07-09T00:00:00Z,155.79949951171875,159.13150024414062
2020-07-10T00:00:00Z,159.58799743652344,160.0
2020-07-13T00:00:00Z,162.55299377441406,155.1999969482422
2020-07-14T00:00:00Z,154.4499969482422,154.1999969482422
2020-07-15T00:00:00Z,154.01150512695312,150.44349670410156
2020-07-16T00:00:00Z,148.55299377441406,149.9949951171875
2020-07-17T00:00:00Z,150.4499969482422,148.09849548339844
2020-07-20T00:00:00Z,150.00999450683594,159.8419952392578
2020-07-21T00:00:00Z,161.62449645996094,156.9145050048828
2020-07-22T00:00:00Z,156.25,154.99549865722656
2020-07-23T00:00:00Z,154.9134979248047,149.32749938964844
2020-07-24T00:00:00Z,146.5,150.44549560546875
2020-07-27T00:00:00Z,153.10000610351562,152.760498046875
2020-07-28T00:00:00Z,152.7135009765625,150.01649475097656
2020-07-29T00:00:00Z,151.54949951171875,151.67649841308594
2020-07-30T00:00:00Z,150.6999969482422,152.593994140625
2020-07-31T00:00:00Z,162.1999969482422,158.23399353027344
2020-08-03T00:00:00Z,159.02549743652344,155.59449768066406
2020-08-04T00:00:00Z,155.0605010986328,156.94149780273438
2020-08-05T00:00:00Z,157.18850708007812,160.25149536132812
2020-08-06T00:00:00Z,159.71800231933594,161.25
2020-08-07T00:00:00Z,161.20050048828125,158.3730010986328
2020-08-10T00:00:00Z,158.5155029296875,157.4080047607422
2020-08-11T00:00:00Z,155.66000366210938,154.0334930419922
2020-08-12T00:00:00Z,155.39999389648438,158.11199951171875
2020-08-13T00:00:00Z,159.14950561523438,158.05099487304688
2020-08-14T00:00:00Z,158.90899658203125,157.4010009765625
2020-08-17T00:00:00Z,158.656005859375,159.12049865722656
2020-08-18T00:00:00Z,160.60000610351562,165.62449645996094
2020-08-19T00:00:00Z,165.15049743652344,163.0240020751953
2020-08-20T00:00:00Z,162.60000610351562,164.86849975585938
2020-08-21T00:00:00Z,164.75,164.23599243164062
2020-08-24T00:00:00Z,165.50750732421875,165.3730010986328
2020-08-25T00:00:00Z,164.74949645996094,167.32449340820312
2020-08-26T00:00:00Z,167.5554962158203,172.09249877929688
2020-08-27T00:00:00Z,172.50250244140625,170.0
2020-08-28T00:00:00Z,171.14999389648438,170.08999633789062
2020-08-31T00:00:00Z,170.44949340820312,172.54800415039062
2020-09-01T00:00:00Z,174.47900390625,174.95599365234375
2020-09-02T00:00:00Z,177.35000610351562,176.57249450683594
2020-09-03T00:00:00Z,174.25,168.39999389648438
2020-09-04T00:00:00Z,165.89999389648438,164.7310028076172
2020-09-08T00:00:00Z,157.1999969482422,157.49200439453125
2020-09-09T00:00:00Z,160.14950561523438,163.4304962158203
2020-09-10T00:00:00Z,165.36099243164062,158.7554931640625
2020-09-11T00:00:00Z,160.4344940185547,155.81100463867188
2020-09-14T00:00:00Z,158.64700317382812,155.14849853515625
2020-09-15T00:00:00Z,156.80799865722656,157.80650329589844
2020-09-16T00:00:00Z,158.99949645996094,153.90499877929688
2020-09-17T00:00:00Z,150.46249389648438,150.43649291992188
2020-09-18T00:00:00Z,151.58700561523438,147.74549865722656
2020-09-21T00:00:00Z,145.3249969482422,148.02349853515625
2020-09-22T00:00:00Z,151.69200134277344,156.44949340820312
2020-09-23T00:00:00Z,156.02149963378906,149.9929962158203
2020-09-24T00:00:00Z,148.88949584960938,150.989501953125
2020-09-25T00:00:00Z,152.7429962158203,154.75650024414062
2020-09-28T00:00:00Z,157.4425048828125,158.70249938964844
2020-09-29T00:00:00Z,158.76950073242188,157.24400329589844
2020-09-30T00:00:00Z,157.0570068359375,157.43649291992188
2020-10-01T00:00:00Z,160.39999389648438,161.06300354003906
2020-10-02T00:00:00Z,157.68150329589844,156.25
2020-10-05T00:00:00Z,157.29200744628906,159.9600067138672
2020-10-06T00:00:00Z,158.25,154.9980010986328
2020-10-07T00:00:00Z,156.75,159.7845001220703
2020-10-08T00:00:00Z,161.24949645996094,159.52749633789062
2020-10-09T00:00:00Z,160.5,164.33250427246094
2020-10-12T00:00:00Z,167.4969940185547,172.14649963378906
2020-10-13T00:00:00Z,173.39950561523438,172.18150329589844
2020-10-14T00:00:00Z,172.35000610351562,168.1855010986328
2020-10-15T00:00:00Z,164.60049438476562,166.9324951171875
2020-10-16T00:00:00Z,168.1614990234375,163.635498046875
2020-10-19T00:00:00Z,164.98049926757812,160.36050415039062
2020-10-20T00:00:00Z,161.11399841308594,160.85049438476562
2020-10-21T00:00:00Z,160.625,159.2469940185547
2020-10-22T00:00:00Z,159.49349975585938,158.82000732421875
2020-10-23T00:00:00Z,159.5500030517578,160.22000122070312
2020-10-26T00:00:00Z,159.93699645996094,160.3520050048828
2020-10-27T00:00:00Z,161.2469940185547,164.31649780273438
2020-10-28T00:00:00Z,162.46499633789062,158.13900756835938
2020-10-29T00:00:00Z,160.06350708007812,160.55050659179688
2020-10-30T00:00:00Z,157.8874969482422,151.8074951171875
2020-11-02T00:00:00Z,153.08700561523438,150.2239990234375
2020-11-03T00:00:00Z,150.92649841308594,152.42050170898438
2020-11-04T00:00:00Z,157.99949645996094,162.05799865722656
2020-11-05T00:00:00Z,165.99850463867188,166.10000610351562
2020-11-06T00:00:00Z,165.23199462890625,165.56849670410156
2020-11-09T00:00:00Z,161.55149841308594,157.18699645996094
2020-11-10T00:00:00Z,154.75100708007812,151.75100708007812
2020-11-11T00:00:00Z,153.08900451660156,156.8695068359375
2020-11-12T00:00:00Z,157.99749755859375,155.51400756835938
2020-11-13T00:00:00Z,156.10000610351562,156.4405059814453
2020-11-16T00:00:00Z,154.66000366210938,156.55299377441406
2020-11-17T00:00:00Z,159.177001953125,156.7830047607422
2020-11-18T00:00:00Z,156.6999969482422,155.2729949951172
2020-11-19T00:00:00Z,155.2655029296875,155.8509979248047
2020-11-20T00:00:00Z,155.8509979248047,154.97000122070312
2020-11-23T00:00:00Z,155.8350067138672,154.91949462890625
2020-11-24T00:00:00Z,155.02499389648438,155.9029998779297
2020-11-25T00:00:00Z,157.093505859375,159.2534942626953
2020-11-27T00:00:00Z,160.56300354003906,159.76699829101562
2020-11-30T00:00:00Z,160.4239959716797,158.40199279785156
2020-12-01T00:00:00Z,159.4250030517578,161.00399780273438
2020-12-02T00:00:00Z,161.08250427246094,160.17649841308594
2020-12-03T00:00:00Z,160.2729949951172,159.3365020751953
2020-12-04T00:00:00Z,159.91050720214844,158.12899780273438
2020-12-07T00:00:00Z,157.82400512695312,157.89999389648438
2020-12-08T00:00:00Z,157.94500732421875,158.864501953125
2020-12-09T00:00:00Z,158.39450073242188,155.2100067138672
2020-12-10T00:00:00Z,154.44949340820312,155.07449340820312
2020-12-11T00:00:00Z,154.83299255371094,155.8209991455078
2020-12-14T00:00:00Z,157.14999389648438,157.84849548339844
2020-12-15T00:00:00Z,159.05050659179688,158.25599670410156
2020-12-16T00:00:00Z,158.80050659179688,162.04800415039062
2020-12-17T00:00:00Z,162.5,161.8040008544922
2020-12-18T00:00:00Z,162.19949340820312,160.08250427246094
2020-12-21T00:00:00Z,160.00050354003906,160.3090057373047
2020-12-22T00:00:00Z,160.14199829101562,160.3260040283203
2020-12-23T00:00:00Z,160.25,159.2635040283203
2020-12-24T00:00:00Z,159.69500732421875,158.63450622558594
2020-12-28T00:00:00Z,159.6999969482422,164.197998046875
2020-12-29T00:00:00Z,165.4969940185547,166.10000610351562
2020-12-30T00:00:00Z,167.0500030517578,164.29249572753906
2020-12-31T00:00:00Z,163.75,162.84649658203125
2021-01-04T00:00:00Z,163.5,159.3314971923828
2021-01-05T00:00:00Z,158.30050659179688,160.92550659179688
2021-01-06T00:00:00Z,157.32400512695312,156.91900634765625
2021-01-07T00:00:00Z,157.85000610351562,158.10800170898438
2021-01-08T00:00:00Z,159.0,159.13499450683594
2021-01-11T00:00:00Z,157.40049743652344,155.7104949951172
2021-01-12T00:00:00Z,156.0,156.04150390625
2021-01-13T00:00:00Z,156.4219970703125,158.29449462890625
2021-01-14T00:00:00Z,158.37600708007812,156.37350463867188
2021-01-15T00:00:00Z,156.1510009765625,155.21249389648438
2021-01-19T00:00:00Z,155.35000610351562,156.03799438476562
2021-01-20T00:00:00Z,159.09950256347656,163.16900634765625
2021-01-21T00:00:00Z,164.64999389648438,165.34950256347656
2021-01-22T00:00:00Z,165.2154998779297,164.6114959716797
2021-01-25T00:00:00Z,166.4250030517578,164.6999969482422
2021-01-26T00:00:00Z,164.8179931640625,166.30650329589844
2021-01-27T00:00:00Z,167.07449340820312,161.62899780273438
2021-01-28T00:00:00Z,161.7519989013672,161.88099670410156
2021-01-29T00:00:00Z,161.5,160.30999755859375
2021-02-01T00:00:00Z,162.1179962158203,167.1439971923828
2021-02-02T00:00:00Z,169.0,169.0
2021-02-03T00:00:00Z,171.25050354003906,165.62649536132812
2021-02-04T00:00:00Z,166.5,166.5500030517578
2021-02-05T00:00:00Z,165.9499969482422,167.6074981689453
2021-02-08T00:00:00Z,167.9250030517578,166.14700317382812
2021-02-09T00:00:00Z,165.62449645996094,165.25
2021-02-10T00:00:00Z,165.6999969482422,164.32899475097656
2021-02-11T00:00:00Z,164.60000610351562,163.10650634765625
2021-02-12T00:00:00Z,162.5,163.885498046875
2021-02-16T00:00:00Z,162.70249938964844,163.44749450683594
2021-02-17T00:00:00Z,163.17999267578125,165.4320068359375
2021-02-18T00:00:00Z,164.12100219726562,166.4114990234375
2021-02-19T00:00:00Z,166.4114990234375,162.4949951171875
2021-02-22T00:00:00Z,160.406494140625,159.03700256347656
2021-02-23T00:00:00Z,156.35150146484375,159.72500610351562
2021-02-24T00:00:00Z,158.33749389648438,157.97650146484375
2021-02-25T00:00:00Z,156.83700561523438,152.85800170898438
2021-02-26T00:00:00Z,154.75999450683594,154.64649963378906
2021-03-01T00:00:00Z,156.39450073242188,157.3070068359375
2021-03-02T00:00:00Z,157.17349243164062,154.72650146484375
2021-03-03T00:00:00Z,154.0590057373047,150.25
2021-03-04T00:00:00Z,150.60000610351562,148.8784942626953
2021-03-05T00:00:00Z,150.25,150.0229949951172
2021-03-08T00:00:00Z,150.75,147.59750366210938
2021-03-09T00:00:00Z,150.89950561523438,153.1425018310547
2021-03-10T00:00:00Z,154.92250061035156,152.8820037841797
2021-03-11T00:00:00Z,155.20050048828125,155.67950439453125
2021-03-12T00:00:00Z,153.75,154.47450256347656
2021-03-15T00:00:00Z,153.72850036621094,154.08399963378906
2021-03-16T00:00:00Z,155.24850463867188,154.59300231933594
2021-03-17T00:00:00Z,153.66099548339844,156.7864990234375
2021-03-18T00:00:00Z,155.0500030517578,151.39950561523438
2021-03-19T00:00:00Z,151.4615020751953,153.7480010986328
2021-03-22T00:00:00Z,153.3925018310547,155.5435028076172
2021-03-23T00:00:00Z,156.35000610351562,156.875
2021-03-24T00:00:00Z,157.552001953125,154.35350036621094
2021-03-25T00:00:00Z,153.64950561523438,152.31300354003906
2021-03-26T00:00:00Z,152.2030029296875,152.60150146484375
2021-03-29T00:00:00Z,152.77200317382812,153.7864990234375
2021-03-30T00:00:00Z,153.50050354003906,152.76449584960938
2021-03-31T00:00:00Z,153.2030029296875,154.70399475097656
2021-04-01T00:00:00Z,155.89700317382812,158.0500030517578
2021-04-05T00:00:00Z,158.64999389648438,161.3365020751953
2021-04-06T00:00:00Z,161.1875,161.1909942626953
2021-04-07T00:00:00Z,161.69000244140625,163.96949768066406
2021-04-08T00:00:00Z,165.5449981689453,164.96499633789062
2021-04-09T00:00:00Z,165.23500061035156,168.61000061035156
2021-04-12T00:00:00Z,167.760498046875,168.96949768066406
2021-04-13T00:00:00Z,170.04249572753906,170.0
2021-04-14T00:00:00Z,170.20199584960938,166.64999389648438
2021-04-15T00:00:00Z,168.5500030517578,168.95449829101562
2021-04-16T00:00:00Z,169.0,169.9720001220703
2021-04-19T00:00:00Z,169.51649475097656,168.60049438476562
2021-04-20T00:00:00Z,168.67999267578125,166.7344970703125
2021-04-21T00:00:00Z,165.8000030517578,168.1009979248047
2021-04-22T00:00:00Z,168.58399963378906,165.45199584960938
2021-04-23T00:00:00Z,165.9550018310547,167.04400634765625
2021-04-26T00:00:00Z,167.39999389648438,170.4499969482422
2021-04-27T00:00:00Z,172.17349243164062,170.8715057373047
2021-04-28T00:00:00Z,171.74000549316406,172.9250030517578
2021-04-29T00:00:00Z,175.2550048828125,173.5655059814453
2021-04-30T00:00:00Z,176.25599670410156,173.37100219726562
2021-05-03T00:00:00Z,174.2364959716797,169.32449340820312
2021-05-04T00:00:00Z,167.8094940185547,165.593505859375
2021-05-05T00:00:00Z,166.9429931640625,163.52699279785156
2021-05-06T00:00:00Z,163.5,165.31849670410156
2021-05-07T00:00:00Z,165.95449829101562,164.58050537109375
2021-05-10T00:00:00Z,164.11599731445312,159.52450561523438
2021-05-11T00:00:00Z,156.81399536132812,161.19549560546875
2021-05-12T00:00:00Z,159.25,157.5970001220703
2021-05-13T00:00:00Z,159.27349853515625,158.07350158691406
2021-05-14T00:00:00Z,159.2779998779297,161.14500427246094
2021-05-17T00:00:00Z,162.29649353027344,163.51950073242188
2021-05-18T00:00:00Z,164.62899780273438,161.61399841308594
2021-05-19T00:00:00Z,159.75,161.58999633789062
2021-05-20T00:00:00Z,162.22000122070312,162.38400268554688
2021-05-21T00:00:00Z,162.5,160.1540069580078
2021-05-24T00:00:00Z,160.77499389648438,162.24949645996094
2021-05-25T00:00:00Z,163.33349609375,162.95249938964844
2021-05-26T00:00:00Z,163.72950744628906,163.25799560546875
2021-05-27T00:00:00Z,162.8000030517578,161.5054931640625
2021-05-28T00:00:00Z,162.10000610351562,161.15350341796875
2021-06-01T00:00:00Z,162.1750030517578,160.9324951171875
2021-06-02T00:00:00Z,161.15499877929688,161.69949340820312
2021-06-03T00:00:00Z,160.2115020751953,159.35049438476562
2021-06-04T00:00:00Z,160.60000610351562,160.31100463867188
2021-06-07T00:00:00Z,159.8665008544922,159.90049743652344
2021-06-08T00:00:00Z,161.1304931640625,163.20550537109375
2021-06-09T00:00:00Z,163.64349365234375,164.0574951171875
2021-06-10T00:00:00Z,164.10049438476562,167.4824981689453
2021-06-11T00:00:00Z,167.4824981689453,167.3415069580078
2021-06-14T00:00:00Z,167.3415069580078,169.19349670410156
2021-06-15T00:00:00Z,169.1999969482422,169.156494140625
2021-06-16T00:00:00Z,169.60000610351562,170.7624969482422
2021-06-17T00:00:00Z,170.15899658203125,174.46200561523438
2021-06-18T00:00:00Z,173.99949645996094,174.34500122070312
2021-06-21T00:00:00Z,173.8209991455078,172.697998046875
2021-06-22T00:00:00Z,172.9029998779297,175.27200317382812
2021-06-23T00:00:00Z,175.25,175.1909942626953
2021-06-24T00:00:00Z,175.3820037841797,172.45399475097656
2021-06-25T00:00:00Z,173.1999969482422,170.072998046875
2021-06-28T00:00:00Z,170.8000030517578,172.1945037841797
2021-06-29T00:00:00Z,171.9409942626953,172.40699768066406
2021-06-30T00:00:00Z,172.05299377441406,172.00799560546875
2021-07-01T00:00:00Z,171.73049926757812,171.64849853515625
2021-07-02T00:00:00Z,172.58200073242188,175.5489959716797
2021-07-06T00:00:00Z,176.5054931640625,183.78700256347656
2021-07-07T00:00:00Z,185.86900329589844,184.82899475097656
2021-07-08T00:00:00Z,182.17799377441406,186.57049560546875
2021-07-09T00:00:00Z,186.12600708007812,185.9669952392578
2021-07-12T00:00:00Z,187.1999969482422,185.92750549316406
2021-07-13T00:00:00Z,185.10499572753906,183.8679962158203
2021-07-14T00:00:00Z,185.4425048828125,184.08399963378906
2021-07-15T00:00:00Z,184.7100067138672,181.55999755859375
2021-07-16T00:00:00Z,181.66549682617188,178.68150329589844
2021-07-19T00:00:00Z,176.62899780273438,177.47950744628906
2021-07-20T00:00:00Z,178.36599731445312,178.6595001220703
2021-07-21T00:00:00Z,178.81900024414062,179.25999450683594
2021-07-22T00:00:00Z,179.3614959716797,181.90150451660156
2021-07-23T00:00:00Z,182.0,182.83200073242188
2021-07-26T00:00:00Z,183.6584930419922,184.99099731445312
2021-07-27T00:00:00Z,184.9250030517578,181.3195037841797
2021-07-28T00:00:00Z,181.68899536132812,181.51600646972656
2021-07-29T00:00:00Z,181.3874969482422,179.99600219726562
2021-07-30T00:00:00Z,167.3975067138672,166.37950134277344
2021-08-02T00:00:00Z,167.65499877929688,166.57400512695312
2021-08-03T00:00:00Z,167.03599548339844,168.31199645996094
2021-08-04T00:00:00Z,168.96749877929688,167.73599243164062
2021-08-05T00:00:00Z,167.81100463867188,168.79949951171875
2021-08-06T00:00:00Z,168.75,167.2469940185547
2021-08-09T00:00:00Z,167.1804962158203,167.093505859375
2021-08-10T00:00:00Z,167.25050354003906,166.03399658203125
2021-08-11T00:00:00Z,166.57249450683594,164.60549926757812
2021-08-12T00:00:00Z,164.5,165.1750030517578
2021-08-13T00:00:00Z,165.2834930419922,164.69850158691406
2021-08-16T00:00:00Z,164.14999389648438,164.94949340820312
2021-08-17T00:00:00Z,163.875,162.09800720214844
2021-08-18T00:00:00Z,162.09950256347656,160.06100463867188
2021-08-19T00:00:00Z,159.7010040283203,159.3874969482422
2021-08-20T00:00:00Z,160.19349670410156,159.99749755859375
2021-08-23T00:00:00Z,160.59500122070312,163.2935028076172
2021-08-24T00:00:00Z,164.0,165.28900146484375
2021-08-25T00:00:00Z,165.49349975585938,164.95899963378906
2021-08-26T00:00:00Z,164.9499969482422,165.8000030517578
2021-08-27T00:00:00Z,166.6614990234375,167.48150634765625
2021-08-30T00:00:00Z,167.8715057373047,171.07850646972656
2021-08-31T00:00:00Z,171.24000549316406,173.5395050048828
2021-09-01T00:00:00Z,174.82000732421875,173.9499969482422
2021-09-02T00:00:00Z,174.73800659179688,173.156005859375
2021-09-03T00:00:00Z,172.60000610351562,173.90249633789062
2021-09-07T00:00:00Z,173.89999389648438,175.46449279785156
2021-09-08T00:00:00Z,175.58250427246094,176.27499389648438
2021-09-09T00:00:00Z,176.30099487304688,174.20799255371094
2021-09-10T00:00:00Z,175.0915069580078,173.45750427246094
2021-09-13T00:00:00Z,174.13999938964844,172.85850524902344
2021-09-14T00:00:00Z,173.77749633789062,172.5
2021-09-15T00:00:00Z,172.12600708007812,173.7895050048828
2021-09-16T00:00:00Z,172.9980010986328,174.41200256347656
2021-09-17T00:00:00Z,174.42050170898438,173.12600708007812
2021-09-20T00:00:00Z,169.8000030517578,167.7864990234375
2021-09-21T00:00:00Z,168.75,167.18150329589844
2021-09-22T00:00:00Z,167.5500030517578,169.00250244140625
2021-09-23T00:00:00Z,169.00250244140625,170.8000030517578
2021-09-24T00:00:00Z,170.10049438476562,171.2760009765625
2021-09-27T00:00:00Z,168.5749969482422,170.2899932861328
2021-09-28T00:00:00Z,167.885498046875,165.79800415039062
2021-09-29T00:00:00Z,166.10549926757812,165.05599975585938
2021-09-30T00:00:00Z,165.8000030517578,164.2519989013672
2021-10-01T00:00:00Z,164.45050048828125,164.16299438476562
2021-10-04T00:00:00Z,163.96949768066406,159.48899841308594
2021-10-05T00:00:00Z,160.22500610351562,161.0500030517578
2021-10-06T00:00:00Z,160.67649841308594,163.10049438476562
2021-10-07T00:00:00Z,164.57699584960938,165.1215057373047
2021-10-08T00:00:00Z,165.85000610351562,164.43099975585938
2021-10-11T00:00:00Z,163.75,162.31500244140625
2021-10-12T00:00:00Z,162.85000610351562,162.3665008544922
2021-10-13T00:00:00Z,163.48550415039062,164.21400451660156
2021-10-14T00:00:00Z,165.12249755859375,164.9929962158203
2021-10-15T00:00:00Z,165.5709991455078,170.4510040283203
2021-10-18T00:00:00Z,169.41799926757812,172.33700561523438
2021-10-19T00:00:00Z,171.71449279785156,172.20750427246094
2021-10-20T00:00:00Z,172.63299560546875,170.7530059814453
2021-10-21T00:00:00Z,170.71249389648438,171.75050354003906
2021-10-22T00:00:00Z,171.0500030517578,166.77749633789062
2021-10-25T00:00:00Z,166.75,166.01849365234375
2021-10-26T00:00:00Z,167.47549438476562,168.80349731445312
2021-10-27T00:00:00Z,169.39999389648438,169.62449645996094
2021-10-28T00:00:00Z,170.10499572753906,172.32850646972656
2021-10-29T00:00:00Z,165.00100708007812,168.6215057373047
2021-11-01T00:00:00Z,168.08999633789062,165.90550231933594
2021-11-02T00:00:00Z,165.75050354003906,165.6374969482422
2021-11-03T00:00:00Z,165.4499969482422,169.1999969482422
2021-11-04T00:00:00Z,168.5,173.85000610351562
2021-11-05T00:00:00Z,173.85000610351562,175.94949340820312
2021-11-08T00:00:00Z,176.16200256347656,174.44900512695312
2021-11-09T00:00:00Z,175.7624969482422,178.81149291992188
2021-11-10T00:00:00Z,178.19349670410156,174.1024932861328
2021-11-11T00:00:00Z,175.64999389648438,173.625
2021-11-12T00:00:00Z,174.25,176.25750732421875
2021-11-15T00:00:00Z,176.85000610351562,177.28399658203125
2021-11-16T00:00:00Z,176.9499969482422,177.03500366210938
2021-11-17T00:00:00Z,178.23599243164062,177.4499969482422
2021-11-18T00:00:00Z,178.3175048828125,184.80299377441406
2021-11-19T00:00:00Z,185.63450622558594,183.82850646972656
2021-11-22T00:00:00Z,183.81900024414062,178.6284942626953
2021-11-23T00:00:00Z,179.2519989013672,179.0019989013672
2021-11-24T00:00:00Z,178.1334991455078,179.02049255371094
2021-11-26T00:00:00Z,180.10499572753906,175.22799682617188
2021-11-29T00:00:00Z,177.3820037841797,178.07850646972656
2021-11-30T00:00:00Z,178.1750030517578,175.35350036621094
2021-12-01T00:00:00Z,177.25,172.18600463867188
2021-12-02T00:00:00Z,173.0,171.8679962158203
2021-12-03T00:00:00Z,172.75,169.489501953125
2021-12-06T00:00:00Z,169.64999389648438,171.36849975585938
2021-12-07T00:00:00Z,174.60000610351562,176.1645050048828
2021-12-08T00:00:00Z,176.15049743652344,176.1580047607422
2021-12-09T00:00:00Z,175.75,174.17100524902344
2021-12-10T00:00:00Z,175.41700744628906,172.21200561523438
2021-12-13T00:00:00Z,172.0,169.5675048828125
2021-12-14T00:00:00Z,167.5500030517578,169.0915069580078
2021-12-15T00:00:00Z,168.59800720214844,173.31500244140625
2021-12-16T00:00:00Z,173.36849975585938,168.87100219726562
2021-12-17T00:00:00Z,167.7104949951172,170.0175018310547
2021-12-20T00:00:00Z,166.85000610351562,167.07899475097656
2021-12-21T00:00:00Z,167.85049438476562,170.41700744628906
2021-12-22T00:00:00Z,169.27000427246094,171.03700256347656
2021-12-23T00:00:00Z,170.42799377441406,171.06849670410156
2021-12-27T00:00:00Z,171.03700256347656,169.66949462890625
2021-12-28T00:00:00Z,170.1824951171875,170.66099548339844
2021-12-29T00:00:00Z,170.83999633789062,169.2010040283203
2021-12-30T00:00:00Z,169.6999969482422,168.64450073242188
2021-12-31T00:00:00Z,168.95599365234375,166.7169952392578
2022-01-03T00:00:00Z,167.5500030517578,170.4044952392578
2022-01-04T00:00:00Z,170.43800354003906,167.52200317382812
2022-01-05T00:00:00Z,166.88299560546875,164.35699462890625
2022-01-06T00:00:00Z,163.45050048828125,163.25399780273438
2022-01-07T00:00:00Z,163.83900451660156,162.5540008544922
2022-01-10T00:00:00Z,160.5854949951172,161.48599243164062
2022-01-11T00:00:00Z,161.5,165.36199951171875
2022-01-12T00:00:00Z,166.5749969482422,165.20700073242188
2022-01-13T00:00:00Z,165.25050354003906,161.21400451660156
2022-01-14T00:00:00Z,160.14999389648438,162.13800048828125
2022-01-18T00:00:00Z,159.10499572753906,158.91749572753906
2022-01-19T00:00:00Z,158.76199340820312,156.2989959716797
2022-01-20T00:00:00Z,156.76600646972656,151.66749572753906
2022-01-21T00:00:00Z,149.9499969482422,142.64300537109375
2022-01-24T00:00:00Z,139.0,144.54400634765625
2022-01-25T00:00:00Z,142.24249267578125,139.98599243164062
2022-01-26T00:00:00Z,144.75,138.87249755859375
2022-01-27T00:00:00Z,140.8000030517578,139.6374969482422
2022-01-28T00:00:00Z,140.86050415039062,143.97799682617188
2022-01-31T00:00:00Z,144.75,149.57350158691406
2022-02-01T00:00:00Z,150.0,151.19349670410156
2022-02-02T00:00:00Z,155.05050659179688,150.6125030517578
2022-02-03T00:00:00Z,141.7375030517578,138.8455047607422
2022-02-04T00:00:00Z,155.60650634765625,157.63949584960938
2022-02-07T00:00:00Z,158.52000427246094,157.9355010986328
2022-02-08T00:00:00Z,156.75050354003906,161.4134979248047
2022-02-09T00:00:00Z,162.87350463867188,161.1894989013672
2022-02-10T00:00:00Z,158.35000610351562,159.0034942626953
2022-02-11T00:00:00Z,158.13450622558594,153.2935028076172
2022-02-14T00:00:00Z,151.75100708007812,155.16700744628906
2022-02-15T00:00:00Z,157.60549926757812,156.510498046875
2022-02-16T00:00:00Z,155.79049682617188,158.10049438476562
2022-02-17T00:00:00Z,158.14599609375,154.65249633789062
2022-02-18T00:00:00Z,155.49949645996094,152.60150146484375
2022-02-22T00:00:00Z,150.47850036621094,150.19749450683594
2022-02-23T00:00:00Z,151.65049743652344,144.82699584960938
2022-02-24T00:00:00Z,139.83749389648438,151.35800170898438
2022-02-25T00:00:00Z,150.5500030517578,153.7884979248047
2022-02-28T00:00:00Z,152.4250030517578,153.56300354003906
2022-03-01T00:00:00Z,152.7324981689453,151.14199829101562
2022-03-02T00:00:00Z,150.8489990234375,152.05250549316406
2022-03-03T00:00:00Z,153.531494140625,147.89849853515625
2022-03-04T00:00:00Z,147.15899658203125,145.64100646972656
2022-03-07T00:00:00Z,145.44349670410156,137.4530029296875
2022-03-08T00:00:00Z,136.68350219726562,136.01449584960938
2022-03-09T00:00:00Z,139.5,139.2790069580078
2022-03-10T00:00:00Z,145.68499755859375,146.8175048828125
2022-03-11T00:00:00Z,149.57449340820312,145.52450561523438
2022-03-14T00:00:00Z,145.9810028076172,141.85299682617188
2022-03-15T00:00:00Z,142.85000610351562,147.3665008544922
2022-03-16T00:00:00Z,148.5,153.10400390625
2022-03-17T00:00:00Z,152.6405029296875,157.23899841308594
2022-03-18T00:00:00Z,156.81300354003906,161.25050354003906
2022-03-21T00:00:00Z,161.12100219726562,161.4915008544922
2022-03-22T00:00:00Z,161.8054962158203,164.88900756835938
2022-03-23T00:00:00Z,163.7050018310547,163.4080047607422
2022-03-24T00:00:00Z,163.74949645996094,163.64950561523438
2022-03-25T00:00:00Z,164.0,164.77349853515625
2022-03-28T00:00:00Z,164.97500610351562,168.99049377441406
2022-03-29T00:00:00Z,170.38400268554688,169.31500244140625
2022-03-30T00:00:00Z,168.50950622558594,166.30099487304688
2022-03-31T00:00:00Z,166.44500732421875,162.99749755859375
2022-04-01T00:00:00Z,164.14950561523438,163.55999755859375
2022-04-04T00:00:00Z,164.125,168.34649658203125
2022-04-05T00:00:00Z,167.7415008544922,164.05499267578125
2022-04-06T00:00:00Z,161.65049743652344,158.75599670410156
2022-04-07T00:00:00Z,158.39999389648438,157.7845001220703
2022-04-08T00:00:00Z,156.75,154.4604949951172
2022-04-11T00:00:00Z,152.71299743652344,151.1219940185547
2022-04-12T00:00:00Z,153.6925048828125,150.78750610351562
2022-04-13T00:00:00Z,150.01849365234375,155.54100036621094
2022-04-14T00:00:00Z,155.38999938964844,151.7064971923828
2022-04-18T00:00:00Z,151.52349853515625,152.78500366210938
2022-04-19T00:00:00Z,152.0294952392578,158.11549377441406
2022-04-20T00:00:00Z,157.6024932861328,153.9980010986328
2022-04-21T00:00:00Z,154.71400451660156,148.29600524902344
2022-04-22T00:00:00Z,148.25,144.35000610351562
2022-04-25T00:00:00Z,144.0229949951172,146.07400512695312
2022-04-26T00:00:00Z,144.8000030517578,139.39100646972656
2022-04-27T00:00:00Z,140.19149780273438,138.16700744628906
2022-04-28T00:00:00Z,142.17799377441406,144.59649658203125
2022-04-29T00:00:00Z,129.8489990234375,124.28150177001953
2022-05-02T00:00:00Z,122.4010009765625,124.5
2022-05-03T00:00:00Z,124.05349731445312,124.25350189208984
2022-05-04T00:00:00Z,123.5999984741211,125.92849731445312
2022-05-05T00:00:00Z,123.0,116.40699768066406
2022-05-06T00:00:00Z,114.8499984741211,114.77249908447266
2022-05-09T00:00:00Z,111.3125,108.78900146484375
2022-05-10T00:00:00Z,111.25,108.85900115966797
2022-05-11T00:00:00Z,108.10350036621094,105.37200164794922
2022-05-12T00:00:00Z,102.75,106.93049621582031
2022-05-13T00:00:00Z,109.06900024414062,113.05500030517578
2022-05-16T00:00:00Z,113.0999984741211,110.81050109863281
2022-05-17T00:00:00Z,113.2750015258789,115.36849975585938
2022-05-18T00:00:00Z,111.43949890136719,107.11250305175781
2022-05-19T00:00:00Z,106.28050231933594,107.31900024414062
2022-05-20T00:00:00Z,109.56849670410156,107.59100341796875
2022-05-23T00:00:00Z,108.46099853515625,107.55699920654297
2022-05-24T00:00:00Z,104.0250015258789,104.0999984741211
2022-05-25T00:00:00Z,103.65550231933594,106.7750015258789
2022-05-26T00:00:00Z,107.97000122070312,111.07749938964844
2022-05-27T00:00:00Z,113.55000305175781,115.14649963378906
2022-05-31T00:00:00Z,116.27999877929688,120.20950317382812
2022-06-01T00:00:00Z,122.25599670410156,121.68399810791016
2022-06-02T00:00:00Z,121.68399810791016,125.51100158691406
2022-06-03T00:00:00Z,124.19999694824219,122.3499984741211
2022-06-06T00:00:00Z,125.25,124.79000091552734
2022-06-07T00:00:00Z,122.01000213623047,123.0
2022-06-08T00:00:00Z,122.61000061035156,121.18000030517578
2022-06-09T00:00:00Z,119.98999786376953,116.1500015258789
2022-06-10T00:00:00Z,113.41999816894531,109.6500015258789
2022-06-13T00:00:00Z,104.19000244140625,103.66999816894531
2022-06-14T00:00:00Z,104.19000244140625,102.30999755859375
2022-06-15T00:00:00Z,103.86000061035156,107.66999816894531
2022-06-16T00:00:00Z,104.47000122070312,103.66000366210938
2022-06-17T00:00:00Z,102.80000305175781,106.22000122070312
2022-06-21T00:00:00Z,108.19999694824219,108.68000030517578
2022-06-22T00:00:00Z,107.43000030517578,108.94999694824219
2022-06-23T00:00:00Z,110.38999938964844,112.44000244140625
2022-06-24T00:00:00Z,112.37999725341797,116.45999908447266
2022-06-27T00:00:00Z,117.08999633789062,113.22000122070312
2022-06-28T00:00:00Z,113.5,107.4000015258789
2022-06-29T00:00:00Z,107.37999725341797,108.91999816894531
2022-06-30T00:00:00Z,108.11000061035156,106.20999908447266
2022-07-01T00:00:00Z,106.29000091552734,109.55999755859375
2022-07-05T00:00:00Z,107.5999984741211,113.5
2022-07-06T00:00:00Z,113.20999908447266,114.33000183105469
2022-07-07T00:00:00Z,113.8499984741211,116.33000183105469
2022-07-08T00:00:00Z,114.5999984741211,115.54000091552734
2022-07-11T00:00:00Z,114.08000183105469,111.75
2022-07-12T00:00:00Z,112.16000366210938,109.22000122070312
2022-07-13T00:00:00Z,107.02999877929688,110.4000015258789
2022-07-14T00:00:00Z,110.23999786376953,110.62999725341797
2022-07-15T00:00:00Z,112.5,113.55000305175781
2022-07-18T00:00:00Z,115.0,113.76000213623047
2022-07-19T00:00:00Z,115.69999694824219,118.20999908447266
2022-07-20T00:00:00Z,118.62000274658203,122.7699966430664
2022-07-21T00:00:00Z,123.19999694824219,124.62999725341797
2022-07-22T00:00:00Z,125.01000213623047,122.41999816894531
2022-07-25T00:00:00Z,122.69999694824219,121.13999938964844
2022-07-26T00:00:00Z,115.79000091552734,114.80999755859375
2022-07-27T00:00:00Z,117.30999755859375,120.97000122070312
2022-07-28T00:00:00Z,121.56999969482422,122.27999877929688
2022-07-29T00:00:00Z,134.89999389648438,134.9499969482422
2022-08-01T00:00:00Z,134.9600067138672,135.38999938964844
2022-08-02T00:00:00Z,134.72000122070312,134.16000366210938
2022-08-03T00:00:00Z,136.2100067138672,139.52000427246094
2022-08-04T00:00:00Z,140.5800018310547,142.57000732421875
2022-08-05T00:00:00Z,140.10000610351562,140.8000030517578
2022-08-08T00:00:00Z,142.0500030517578,139.41000366210938
2022-08-09T00:00:00Z,138.0500030517578,137.8300018310547
2022-08-10T00:00:00Z,142.89999389648438,142.69000244140625
2022-08-11T00:00:00Z,143.86000061035156,140.63999938964844
2022-08-12T00:00:00Z,142.0500030517578,143.5500030517578
2022-08-15T00:00:00Z,142.8000030517578,143.17999267578125
2022-08-16T00:00:00Z,143.91000366210938,144.77999877929688
2022-08-17T00:00:00Z,142.69000244140625,142.10000610351562
2022-08-18T00:00:00Z,141.32000732421875,142.3000030517578
2022-08-19T00:00:00Z,140.47000122070312,138.22999572753906
2022-08-22T00:00:00Z,135.72000122070312,133.22000122070312
2022-08-23T00:00:00Z,133.41000366210938,133.6199951171875
2022-08-24T00:00:00Z,132.75,133.8000030517578
2022-08-25T00:00:00Z,135.25999450683594,137.27999877929688
2022-08-26T00:00:00Z,136.5500030517578,130.75
2022-08-29T00:00:00Z,129.89999389648438,129.7899932861328
2022-08-30T00:00:00Z,131.25,128.72999572753906
2022-08-31T00:00:00Z,129.4499969482422,126.7699966430664
2022-09-01T00:00:00Z,126.0,127.81999969482422
2022-09-02T00:00:00Z,129.5,127.51000213623047
2022-09-06T00:00:00Z,127.91999816894531,126.11000061035156
2022-09-07T00:00:00Z,126.12000274658203,129.47999572753906
2022-09-08T00:00:00Z,127.72000122070312,129.82000732421875
2022-09-09T00:00:00Z,130.91000366210938,133.27000427246094
2022-09-12T00:00:00Z,134.10000610351562,136.4499969482422
2022-09-13T00:00:00Z,131.00999450683594,126.81999969482422
2022-09-14T00:00:00Z,127.36000061035156,128.5500030517578
2022-09-15T00:00:00Z,127.37999725341797,126.27999877929688
2022-09-16T00:00:00Z,122.77999877929688,123.52999877929688
2022-09-19T00:00:00Z,122.16000366210938,124.66000366210938
2022-09-20T00:00:00Z,123.3499984741211,122.19000244140625
2022-09-21T00:00:00Z,122.48999786376953,118.54000091552734
2022-09-22T00:00:00Z,117.08000183105469,117.30999755859375
2022-09-23T00:00:00Z,116.0,113.77999877929688
2022-09-26T00:00:00Z,113.30000305175781,115.1500015258789
2022-09-27T00:00:00Z,117.19999694824219,114.41000366210938
2022-09-28T00:00:00Z,114.37999725341797,118.01000213623047
2022-09-29T00:00:00Z,115.5999984741211,114.80000305175781
2022-09-30T00:00:00Z,114.08000183105469,113.0
2022-10-03T00:00:00Z,113.58000183105469,115.87999725341797
2022-10-04T00:00:00Z,119.88999938964844,121.08999633789062
2022-10-05T00:00:00Z,118.58000183105469,120.94999694824219
2022-10-06T00:00:00Z,120.7699966430664,120.30000305175781
2022-10-07T00:00:00Z,118.0,114.55999755859375
2022-10-10T00:00:00Z,115.0999984741211,113.66999816894531
2022-10-11T00:00:00Z,112.70999908447266,112.20999908447266
2022-10-12T00:00:00Z,112.48999786376953,112.9000015258789
2022-10-13T00:00:00Z,107.87999725341797,112.52999877929688
2022-10-14T00:00:00Z,114.0999984741211,106.9000015258789
2022-10-17T00:00:00Z,110.11000061035156,113.79000091552734
2022-10-18T00:00:00Z,119.05999755859375,116.36000061035156
2022-10-19T00:00:00Z,114.70999908447266,115.06999969482422
2022-10-20T00:00:00Z,113.83000183105469,115.25
2022-10-21T00:00:00Z,114.79000091552734,119.31999969482422
2022-10-24T00:00:00Z,119.9800033569336,119.81999969482422
2022-10-25T00:00:00Z,119.6500015258789,120.5999984741211
2022-10-26T00:00:00Z,116.0,115.66000366210938
2022-10-27T00:00:00Z,113.91999816894531,110.95999908447266
2022-10-28T00:00:00Z,97.91000366210938,103.41000366210938
2022-10-31T00:00:00Z,103.55999755859375,102.44000244140625
2022-11-01T00:00:00Z,103.98999786376953,96.79000091552734
2022-11-02T00:00:00Z,97.31999969482422,92.12000274658203
2022-11-03T00:00:00Z,92.47000122070312,89.30000305175781
2022-11-04T00:00:00Z,91.48999786376953,90.9800033569336
2022-11-07T00:00:00Z,91.94999694824219,90.52999877929688
2022-11-08T00:00:00Z,90.79000091552734,89.9800033569336
2022-11-09T00:00:00Z,89.47000122070312,86.13999938964844
2022-11-10T00:00:00Z,92.94000244140625,96.62999725341797
2022-11-11T00:00:00Z,97.87999725341797,100.79000091552734
2022-11-14T00:00:00Z,98.7699966430664,98.48999786376953
2022-11-15T00:00:00Z,103.20999908447266,98.94000244140625
2022-11-16T00:00:00Z,96.8499984741211,97.12000274658203
2022-11-17T00:00:00Z,95.37000274658203,94.8499984741211
2022-11-18T00:00:00Z,95.94999694824219,94.13999938964844
2022-11-21T00:00:00Z,93.97000122070312,92.45999908447266
2022-11-22T00:00:00Z,92.62000274658203,93.19999694824219
2022-11-23T00:00:00Z,93.23999786376953,94.12999725341797
2022-11-25T00:00:00Z,93.79000091552734,93.41000366210938
2022-11-28T00:00:00Z,93.93000030517578,93.94999694824219
2022-11-29T00:00:00Z,94.04000091552734,92.41999816894531
2022-11-30T00:00:00Z,92.47000122070312,96.54000091552734
2022-12-01T00:00:00Z,96.98999786376953,95.5
2022-12-02T00:00:00Z,94.4800033569336,94.12999725341797
2022-12-05T00:00:00Z,93.05000305175781,91.01000213623047
2022-12-06T00:00:00Z,90.5,88.25
2022-12-07T00:00:00Z,88.33999633789062,88.45999908447266
2022-12-08T00:00:00Z,89.23999786376953,90.3499984741211
2022-12-09T00:00:00Z,88.9000015258789,89.08999633789062
2022-12-12T00:00:00Z,89.20999908447266,90.55000305175781
2022-12-13T00:00:00Z,95.2300033569336,92.48999786376953
2022-12-14T00:00:00Z,92.5,91.58000183105469
2022-12-15T00:00:00Z,89.88999938964844,88.44999694824219
2022-12-16T00:00:00Z,88.2699966430664,87.86000061035156
2022-12-19T00:00:00Z,87.51000213623047,84.91999816894531
2022-12-20T00:00:00Z,85.33000183105469,85.19000244140625
2022-12-21T00:00:00Z,86.18000030517578,86.7699966430664
2022-12-22T00:00:00Z,85.5199966430664,83.79000091552734
2022-12-23T00:00:00Z,83.25,85.25
2022-12-27T00:00:00Z,84.97000122070312,83.04000091552734
2022-12-28T00:00:00Z,82.80000305175781,81.81999969482422
2022-12-29T00:00:00Z,82.87000274658203,84.18000030517578
2022-12-30T00:00:00Z,83.12000274658203,84.0
2023-01-03T00:00:00Z,85.45999908447266,85.81999969482422
2023-01-04T00:00:00Z,86.55000305175781,85.13999938964844
2023-01-05T00:00:00Z,85.33000183105469,83.12000274658203
2023-01-06T00:00:00Z,83.02999877929688,86.08000183105469
2023-01-09T00:00:00Z,87.45999908447266,87.36000061035156
2023-01-10T00:00:00Z,87.56999969482422,89.87000274658203
2023-01-11T00:00:00Z,90.93000030517578,95.08999633789062
2023-01-12T00:00:00Z,96.93000030517578,95.2699966430664
2023-01-13T00:00:00Z,94.18000030517578,98.12000274658203
2023-01-17T00:00:00Z,98.68000030517578,96.05000305175781
2023-01-18T00:00:00Z,97.25,95.45999908447266
2023-01-19T00:00:00Z,94.73999786376953,93.68000030517578
2023-01-20T00:00:00Z,93.86000061035156,97.25
2023-01-23T00:00:00Z,97.55999755859375,97.5199966430664
2023-01-24T00:00:00Z,96.93000030517578,96.31999969482422
2023-01-25T00:00:00Z,92.55999755859375,97.18000030517578
2023-01-26T00:00:00Z,98.23999786376953,99.22000122070312
2023-01-27T00:00:00Z,99.52999877929688,102.23999786376953
2023-01-30T00:00:00Z,101.08999633789062,100.55000305175781
2023-01-31T00:00:00Z,101.16000366210938,103.12999725341797
2023-02-01T00:00:00Z,102.52999877929688,105.1500015258789
2023-02-02T00:00:00Z,110.25,112.91000366210938
2023-02-03T00:00:00Z,105.26000213623047,103.38999938964844
2023-02-06T00:00:00Z,102.93000030517578,102.18000030517578
2023-02-07T00:00:00Z,101.16999816894531,102.11000061035156
2023-02-08T00:00:00Z,102.04000091552734,100.05000305175781
2023-02-09T00:00:00Z,101.31999969482422,98.23999786376953
2023-02-10T00:00:00Z,97.55999755859375,97.61000061035156
2023-02-13T00:00:00Z,97.8499984741211,99.54000091552734
2023-02-14T00:00:00Z,98.41000366210938,99.69999694824219
2023-02-15T00:00:00Z,99.08999633789062,101.16000366210938
2023-02-16T00:00:00Z,99.20999908447266,98.1500015258789
2023-02-17T00:00:00Z,97.80000305175781,97.19999694824219
2023-02-21T00:00:00Z,95.33999633789062,94.58000183105469
2023-02-22T00:00:00Z,95.0999984741211,95.79000091552734
2023-02-23T00:00:00Z,96.12000274658203,95.81999969482422
2023-02-24T00:00:00Z,93.52999877929688,93.5
2023-02-27T00:00:00Z,94.27999877929688,93.76000213623047
2023-02-28T00:00:00Z,93.13999938964844,94.2300033569336
2023-03-01T00:00:00Z,93.87000274658203,92.16999816894531
2023-03-02T00:00:00Z,91.41000366210938,92.12999725341797
2023-03-03T00:00:00Z,92.73999786376953,94.9000015258789
2023-03-06T00:00:00Z,95.19000244140625,93.75
2023-03-07T00:00:00Z,94.05999755859375,93.55000305175781
2023-03-08T00:00:00Z,93.5999984741211,93.91999816894531
2023-03-09T00:00:00Z,93.68000030517578,92.25
2023-03-10T00:00:00Z,92.66999816894531,90.7300033569336
2023-03-13T00:00:00Z,89.97000122070312,92.43000030517578
2023-03-14T00:00:00Z,93.83000183105469,94.87999725341797
2023-03-15T00:00:00Z,93.22000122070312,96.19999694824219
2023-03-16T00:00:00Z,95.75,100.04000091552734
2023-03-17T00:00:00Z,99.79000091552734,98.94999694824219
2023-03-20T00:00:00Z,98.41000366210938,97.70999908447266
2023-03-21T00:00:00Z,98.13999938964844,100.61000061035156
2023-03-22T00:00:00Z,100.44999694824219,98.69999694824219
2023-03-23T00:00:00Z,100.43000030517578,98.70999908447266
2023-03-24T00:00:00Z,98.06999969482422,98.12999725341797
2023-03-27T00:00:00Z,99.06999969482422,98.04000091552734
2023-03-28T00:00:00Z,98.11000061035156,97.23999786376953
2023-03-29T00:00:00Z,98.69000244140625,100.25
2023-03-30T00:00:00Z,101.55000305175781,102.0
2023-03-31T00:00:00Z,102.16000366210938,103.29000091552734
2023-04-03T00:00:00Z,102.30000305175781,102.41000366210938
2023-04-04T00:00:00Z,102.75,103.94999694824219
2023-04-05T00:00:00Z,103.91000366210938,101.0999984741211
2023-04-06T00:00:00Z,100.75,102.05999755859375
2023-04-10T00:00:00Z,100.95999908447266,102.16999816894531
2023-04-11T00:00:00Z,100.80000305175781,99.91999816894531
2023-04-12T00:00:00Z,100.4000015258789,97.83000183105469
2023-04-13T00:00:00Z,98.94999694824219,102.4000015258789
2023-04-14T00:00:00Z,102.06999969482422,102.51000213623047
2023-04-17T00:00:00Z,103.16000366210938,102.73999786376953
2023-04-18T00:00:00Z,103.94999694824219,102.30000305175781
2023-04-19T00:00:00Z,101.58000183105469,104.30000305175781
2023-04-20T00:00:00Z,103.52999877929688,103.80999755859375
2023-04-21T00:00:00Z,106.0999984741211,106.95999908447266
2023-04-24T00:00:00Z,107.66000366210938,106.20999908447266
2023-04-25T00:00:00Z,104.91000366210938,102.56999969482422
2023-04-26T00:00:00Z,105.04000091552734,104.9800033569336
2023-04-27T00:00:00Z,108.16000366210938,109.81999969482422
2023-04-28T00:00:00Z,107.7300033569336,105.44999694824219
2023-05-01T00:00:00Z,104.94999694824219,102.05000305175781
2023-05-02T00:00:00Z,101.47000122070312,103.62999725341797
2023-05-03T00:00:00Z,103.73999786376953,103.6500015258789
2023-05-04T00:00:00Z,104.04000091552734,104.0
2023-05-05T00:00:00Z,104.2699966430664,105.66000366210938
2023-05-08T00:00:00Z,105.04000091552734,105.83000183105469
2023-05-09T00:00:00Z,105.4800033569336,106.62000274658203
2023-05-10T00:00:00Z,108.0999984741211,110.19000244140625
2023-05-11T00:00:00Z,111.02999877929688,112.18000030517578
2023-05-12T00:00:00Z,112.16000366210938,110.26000213623047
2023-05-15T00:00:00Z,111.1500015258789,111.19999694824219
2023-05-16T00:00:00Z,111.05000305175781,113.4000015258789
2023-05-17T00:00:00Z,114.88999938964844,115.5
2023-05-18T00:00:00Z,116.69000244140625,118.1500015258789
2023-05-19T00:00:00Z,118.16000366210938,116.25
2023-05-22T00:00:00Z,116.7699966430664,115.01000213623047
2023-05-23T00:00:00Z,114.2699966430664,114.98999786376953
2023-05-24T00:00:00Z,115.3499984741211,116.75
2023-05-25T00:00:00Z,116.62999725341797,115.0
2023-05-26T00:00:00Z,116.04000091552734,120.11000061035156
2023-05-30T00:00:00Z,122.37000274658203,121.66000366210938
2023-05-31T00:00:00Z,121.44999694824219,120.58000183105469
2023-06-01T00:00:00Z,120.69000244140625,122.7699966430664
2023-06-02T00:00:00Z,124.91999816894531,124.25
2023-06-05T00:00:00Z,123.36000061035156,125.30000305175781
2023-06-06T00:00:00Z,125.06999969482422,126.61000061035156
2023-06-07T00:00:00Z,127.01000213623047,121.2300033569336
2023-06-08T00:00:00Z,123.01000213623047,124.25
2023-06-09T00:00:00Z,124.08000183105469,123.43000030517578
2023-06-12T00:00:00Z,124.0199966430664,126.56999969482422
2023-06-13T00:00:00Z,128.1199951171875,126.66000366210938
2023-06-14T00:00:00Z,126.69999694824219,126.41999816894531
2023-06-15T00:00:00Z,125.20999908447266,127.11000061035156
2023-06-16T00:00:00Z,127.70999908447266,125.48999786376953
2023-06-20T00:00:00Z,124.97000122070312,125.77999877929688
2023-06-21T00:00:00Z,125.63999938964844,124.83000183105469
2023-06-22T00:00:00Z,125.30999755859375,130.14999389648438
2023-06-23T00:00:00Z,129.11000061035156,129.3300018310547
2023-06-26T00:00:00Z,129.3300018310547,127.33000183105469
2023-06-27T00:00:00Z,128.6300048828125,129.17999267578125
2023-06-28T00:00:00Z,128.94000244140625,129.0399932861328
2023-06-29T00:00:00Z,128.77000427246094,127.9000015258789
2023-06-30T00:00:00Z,129.47000122070312,130.36000061035156
2023-07-03T00:00:00Z,130.82000732421875,130.22000122070312
2023-07-05T00:00:00Z,130.24000549316406,130.3800048828125
2023-07-06T00:00:00Z,128.25,128.36000061035156
2023-07-07T00:00:00Z,128.58999633789062,129.77999877929688
2023-07-10T00:00:00Z,129.07000732421875,127.12999725341797
2023-07-11T00:00:00Z,127.75,128.77999877929688
2023-07-12T00:00:00Z,130.30999755859375,130.8000030517578
2023-07-13T00:00:00Z,134.0399932861328,134.3000030517578
2023-07-14T00:00:00Z,134.05999755859375,134.67999267578125
2023-07-17T00:00:00Z,134.55999755859375,133.55999755859375
2023-07-18T00:00:00Z,132.7100067138672,132.8300018310547
2023-07-19T00:00:00Z,133.38999938964844,135.36000061035156
2023-07-20T00:00:00Z,134.07000732421875,129.9600067138672
2023-07-21T00:00:00Z,131.33999633789062,130.0
2023-07-24T00:00:00Z,130.30999755859375,128.8000030517578
2023-07-25T00:00:00Z,129.30999755859375,129.1300048828125
2023-07-26T00:00:00Z,126.51000213623047,128.14999389648438
2023-07-27T00:00:00Z,131.0,128.25
2023-07-28T00:00:00Z,129.69000244140625,132.2100067138672
2023-07-31T00:00:00Z,133.1999969482422,133.67999267578125
2023-08-01T00:00:00Z,133.5500030517578,131.69000244140625
2023-08-02T00:00:00Z,130.14999389648438,128.2100067138672
2023-08-03T00:00:00Z,127.4800033569336,128.91000366210938
2023-08-04T00:00:00Z,141.05999755859375,139.57000732421875
2023-08-07T00:00:00Z,140.99000549316406,142.22000122070312
2023-08-08T00:00:00Z,140.6199951171875,139.94000244140625
2023-08-09T00:00:00Z,139.97000122070312,137.85000610351562
2023-08-10T00:00:00Z,139.07000732421875,138.55999755859375
2023-08-11T00:00:00Z,137.39999389648438,138.41000366210938
2023-08-14T00:00:00Z,138.3000030517578,140.57000732421875
2023-08-15T00:00:00Z,140.0500030517578,137.6699981689453
2023-08-16T00:00:00Z,137.19000244140625,135.07000732421875
2023-08-17T00:00:00Z,135.4600067138672,133.97999572753906
2023-08-18T00:00:00Z,131.6199951171875,133.22000122070312
2023-08-21T00:00:00Z,133.74000549316406,134.67999267578125
2023-08-22T00:00:00Z,135.0800018310547,134.25
2023-08-23T00:00:00Z,134.5,135.52000427246094
2023-08-24T00:00:00Z,136.39999389648438,131.83999633789062
2023-08-25T00:00:00Z,132.47000122070312,133.25999450683594
2023-08-28T00:00:00Z,133.77999877929688,133.13999938964844
2023-08-29T00:00:00Z,133.3800048828125,134.91000366210938
2023-08-30T00:00:00Z,134.92999267578125,135.07000732421875
2023-08-31T00:00:00Z,135.05999755859375,138.00999450683594
2023-09-01T00:00:00Z,139.4600067138672,138.1199951171875
2023-09-05T00:00:00Z,137.72999572753906,137.27000427246094
2023-09-06T00:00:00Z,136.32000732421875,135.36000061035156
2023-09-07T00:00:00Z,133.89999389648438,137.85000610351562
2023-09-08T00:00:00Z,136.86000061035156,138.22999572753906
2023-09-11T00:00:00Z,138.75,143.10000610351562
2023-09-12T00:00:00Z,142.32000732421875,141.22999572753906
2023-09-13T00:00:00Z,140.9499969482422,144.85000610351562
2023-09-14T00:00:00Z,145.0800018310547,144.72000122070312
2023-09-15T00:00:00Z,142.69000244140625,140.38999938964844
2023-09-18T00:00:00Z,140.47999572753906,139.97999572753906
2023-09-19T00:00:00Z,138.6999969482422,137.6300048828125
2023-09-20T00:00:00Z,138.5500030517578,135.2899932861328
2023-09-21T00:00:00Z,131.94000244140625,129.3300018310547
2023-09-22T00:00:00Z,131.11000061035156,129.1199951171875
2023-09-25T00:00:00Z,129.36000061035156,131.27000427246094
2023-09-26T00:00:00Z,130.1199951171875,125.9800033569336
2023-09-27T00:00:00Z,125.76000213623047,125.9800033569336
2023-09-28T00:00:00Z,124.04000091552734,125.9800033569336
2023-09-29T00:00:00Z,128.1999969482422,127.12000274658203
2023-10-02T00:00:00Z,127.27999877929688,129.4600067138672
2023-10-03T00:00:00Z,128.05999755859375,124.72000122070312
2023-10-04T00:00:00Z,126.05999755859375,127.0
2023-10-05T00:00:00Z,126.70999908447266,125.95999908447266
2023-10-06T00:00:00Z,124.16000366210938,127.95999908447266
2023-10-09T00:00:00Z,126.22000122070312,128.25999450683594
2023-10-10T00:00:00Z,128.82000732421875,129.47999572753906
2023-10-11T00:00:00Z,129.74000549316406,131.8300018310547
2023-10-12T00:00:00Z,132.1699981689453,132.3300018310547
2023-10-13T00:00:00Z,132.97999572753906,129.7899932861328
2023-10-16T00:00:00Z,130.69000244140625,132.5500030517578
2023-10-17T00:00:00Z,130.38999938964844,131.47000122070312
2023-10-18T00:00:00Z,129.89999389648438,128.1300048828125
2023-10-19T00:00:00Z,130.57000732421875,128.39999389648438
2023-10-20T00:00:00Z,128.0500030517578,125.16999816894531
2023-10-23T00:00:00Z,124.62999725341797,126.55999755859375
2023-10-24T00:00:00Z,127.73999786376953,128.55999755859375
2023-10-25T00:00:00Z,126.04000091552734,121.38999938964844
2023-10-26T00:00:00Z,120.62999725341797,119.56999969482422
2023-10-27T00:00:00Z,126.19999694824219,127.73999786376953
2023-10-30T00:00:00Z,129.72000122070312,132.7100067138672
2023-10-31T00:00:00Z,132.75,133.08999633789062
2023-11-01T00:00:00Z,133.9600067138672,137.0
2023-11-02T00:00:00Z,138.72999572753906,138.07000732421875
2023-11-03T00:00:00Z,138.99000549316406,138.60000610351562
2023-11-06T00:00:00Z,138.75999450683594,139.74000549316406
2023-11-07T00:00:00Z,140.5500030517578,142.7100067138672
2023-11-08T00:00:00Z,142.97000122070312,142.0800018310547
2023-11-09T00:00:00Z,142.02000427246094,140.60000610351562
2023-11-10T00:00:00Z,140.4600067138672,143.55999755859375
2023-11-13T00:00:00Z,142.0800018310547,142.58999633789062
2023-11-14T00:00:00Z,145.0,145.8000030517578
2023-11-15T00:00:00Z,147.05999755859375,143.1999969482422
2023-11-16T00:00:00Z,140.91000366210938,142.8300018310547
2023-11-17T00:00:00Z,142.66000366210938,145.17999267578125
2023-11-20T00:00:00Z,145.1300048828125,146.1300048828125
2023-11-21T00:00:00Z,143.91000366210938,143.89999389648438
2023-11-22T00:00:00Z,144.57000732421875,146.7100067138672
2023-11-24T00:00:00Z,146.6999969482422,146.74000549316406
2023-11-27T00:00:00Z,147.52999877929688,147.72999572753906
2023-11-28T00:00:00Z,146.97999572753906,147.02999877929688
2023-11-29T00:00:00Z,147.85000610351562,146.32000732421875
2023-11-30T00:00:00Z,144.75999450683594,146.08999633789062
2023-12-01T00:00:00Z,146.0,147.02999877929688
2023-12-04T00:00:00Z,145.25,144.83999633789062
2023-12-05T00:00:00Z,143.5500030517578,146.8800048828125
2023-12-06T00:00:00Z,147.5800018310547,144.52000427246094
2023-12-07T00:00:00Z,146.14999389648438,146.8800048828125
2023-12-08T00:00:00Z,145.47999572753906,147.4199981689453
2023-12-11T00:00:00Z,145.66000366210938,145.88999938964844
2023-12-12T00:00:00Z,145.52000427246094,147.47999572753906
2023-12-13T00:00:00Z,148.1199951171875,148.83999633789062
2023-12-14T00:00:00Z,149.92999267578125,147.4199981689453
2023-12-15T00:00:00Z,148.3800048828125,149.97000122070312
2023-12-18T00:00:00Z,150.55999755859375,154.07000732421875
2023-12-19T00:00:00Z,154.39999389648438,153.7899932861328
2023-12-20T00:00:00Z,152.89999389648438,152.1199951171875
2023-12-21T00:00:00Z,153.3000030517578,153.83999633789062
2023-12-22T00:00:00Z,153.77000427246094,153.4199981689453
2023-12-26T00:00:00Z,153.55999755859375,153.41000366210938
2023-12-27T00:00:00Z,153.55999755859375,153.33999633789062
2023-12-28T00:00:00Z,153.72000122070312,153.3800048828125
2023-12-29T00:00:00Z,153.10000610351562,151.94000244140625
2024-01-02T00:00:00Z,151.5399932861328,149.92999267578125
2024-01-03T00:00:00Z,149.1999969482422,148.47000122070312
2024-01-04T00:00:00Z,145.58999633789062,144.57000732421875
2024-01-05T00:00:00Z,144.69000244140625,145.24000549316406
2024-01-08T00:00:00Z,146.74000549316406,149.10000610351562
2024-01-09T00:00:00Z,148.3300018310547,151.3699951171875
2024-01-10T00:00:00Z,152.05999755859375,153.72999572753906
2024-01-11T00:00:00Z,155.0399932861328,155.17999267578125
2024-01-12T00:00:00Z,155.38999938964844,154.6199951171875
2024-01-16T00:00:00Z,153.52999877929688,153.16000366210938
2024-01-17T00:00:00Z,151.49000549316406,151.7100067138672
2024-01-18T00:00:00Z,152.77000427246094,153.5
2024-01-19T00:00:00Z,153.8300018310547,155.33999633789062
2024-01-22T00:00:00Z,156.88999938964844,154.77999877929688
2024-01-23T00:00:00Z,154.85000610351562,156.02000427246094
2024-01-24T00:00:00Z,157.8000030517578,156.8699951171875
2024-01-25T00:00:00Z,156.9499969482422,157.75
2024-01-26T00:00:00Z,158.4199981689453,159.1199951171875
2024-01-29T00:00:00Z,159.33999633789062,161.25999450683594
2024-01-30T00:00:00Z,160.6999969482422,159.0
2024-01-31T00:00:00Z,157.0,155.1999969482422
2024-02-01T00:00:00Z,155.8699951171875,159.27999877929688
2024-02-02T00:00:00Z,169.19000244140625,171.80999755859375
2024-02-05T00:00:00Z,170.1999969482422,170.30999755859375
2024-02-06T00:00:00Z,169.38999938964844,169.14999389648438
2024-02-07T00:00:00Z,169.47999572753906,170.52999877929688
2024-02-08T00:00:00Z,169.64999389648438,169.83999633789062
2024-02-09T00:00:00Z,170.89999389648438,174.4499969482422
2024-02-12T00:00:00Z,174.8000030517578,172.33999633789062
2024-02-13T00:00:00Z,167.72999572753906,168.63999938964844
2024-02-14T00:00:00Z,169.2100067138672,170.97999572753906
2024-02-15T00:00:00Z,170.5800018310547,169.8000030517578
2024-02-16T00:00:00Z,168.74000549316406,169.50999450683594
2024-02-20T00:00:00Z,167.8300018310547,167.0800018310547
2024-02-21T00:00:00Z,168.94000244140625,168.58999633789062
2024-02-22T00:00:00Z,173.10000610351562,174.5800018310547
2024-02-23T00:00:00Z,174.27999877929688,174.99000549316406
2024-02-26T00:00:00Z,175.6999969482422,174.72999572753906
2024-02-27T00:00:00Z,174.0800018310547,173.5399932861328
2024-02-28T00:00:00Z,172.44000244140625,173.16000366210938
2024-02-29T00:00:00Z,173.00999450683594,176.75999450683594
2024-03-01T00:00:00Z,176.75,178.22000122070312
2024-03-04T00:00:00Z,177.52999877929688,177.5800018310547
2024-03-05T00:00:00Z,176.92999267578125,174.1199951171875
2024-03-06T00:00:00Z,175.5399932861328,173.50999450683594
2024-03-07T00:00:00Z,174.8300018310547,176.82000732421875
2024-03-08T00:00:00Z,176.44000244140625,175.35000610351562
2024-03-11T00:00:00Z,174.30999755859375,171.9600067138672
2024-03-12T00:00:00Z,173.5,175.38999938964844
2024-03-13T00:00:00Z,175.89999389648438,176.55999755859375
2024-03-14T00:00:00Z,177.69000244140625,178.75
2024-03-15T00:00:00Z,176.63999938964844,174.4199981689453
2024-03-18T00:00:00Z,175.8000030517578,174.47999572753906
2024-03-19T00:00:00Z,174.22000122070312,175.89999389648438
2024-03-20T00:00:00Z,176.13999938964844,178.14999389648438
2024-03-21T00:00:00Z,179.99000549316406,178.14999389648438
2024-03-22T00:00:00Z,177.75,178.8699951171875
2024-03-25T00:00:00Z,178.00999450683594,179.7100067138672
2024-03-26T00:00:00Z,180.14999389648438,178.3000030517578
2024-03-27T00:00:00Z,179.8800048828125,179.8300018310547
2024-03-28T00:00:00Z,180.1699981689453,180.3800048828125
2024-04-01T00:00:00Z,180.7899932861328,180.97000122070312
2024-04-02T00:00:00Z,179.07000732421875,180.69000244140625
2024-04-03T00:00:00Z,179.89999389648438,182.41000366210938
2024-04-04T00:00:00Z,184.0,180.0
2024-04-05T00:00:00Z,182.3800048828125,185.07000732421875
2024-04-08T00:00:00Z,186.89999389648438,185.19000244140625
2024-04-09T00:00:00Z,187.24000549316406,185.6699981689453
2024-04-10T00:00:00Z,182.77000427246094,185.9499969482422
2024-04-11T00:00:00Z,186.74000549316406,189.0500030517578
2024-04-12T00:00:00Z,187.72000122070312,186.1300048828125
2024-04-15T00:00:00Z,187.42999267578125,183.6199951171875
2024-04-16T00:00:00Z,183.27000427246094,183.32000732421875
2024-04-17T00:00:00Z,184.30999755859375,181.27999877929688
2024-04-18T00:00:00Z,181.47000122070312,179.22000122070312
2024-04-19T00:00:00Z,178.74000549316406,174.6300048828125
2024-04-22T00:00:00Z,176.94000244140625,177.22999572753906
2024-04-23T00:00:00Z,178.0800018310547,179.5399932861328
2024-04-24T00:00:00Z,179.94000244140625,176.58999633789062
2024-04-25T00:00:00Z,169.67999267578125,173.6699981689453
2024-04-26T00:00:00Z,177.8000030517578,179.6199951171875
2024-04-29T00:00:00Z,182.75,180.9600067138672
2024-04-30T00:00:00Z,181.08999633789062,175.0
2024-05-01T00:00:00Z,181.63999938964844,179.0
2024-05-02T00:00:00Z,180.85000610351562,184.72000122070312
2024-05-03T00:00:00Z,186.99000549316406,186.2100067138672
2024-05-06T00:00:00Z,186.27999877929688,188.6999969482422
2024-05-07T00:00:00Z,188.9199981689453,188.75999450683594
2024-05-08T00:00:00Z,187.44000244140625,188.0
2024-05-09T00:00:00Z,188.8800048828125,189.5
2024-05-10T00:00:00Z,189.16000366210938,187.47999572753906
2024-05-13T00:00:00Z,188.0,186.57000732421875
2024-05-14T00:00:00Z,183.82000732421875,187.07000732421875
2024-05-15T00:00:00Z,185.97000122070312,185.99000549316406
2024-05-16T00:00:00Z,185.60000610351562,183.6300048828125
2024-05-17T00:00:00Z,183.75999450683594,184.6999969482422
2024-05-20T00:00:00Z,184.33999633789062,183.5399932861328
2024-05-21T00:00:00Z,182.3000030517578,183.14999389648438
2024-05-22T00:00:00Z,183.8800048828125,183.1300048828125
2024-05-23T00:00:00Z,183.66000366210938,181.0500030517578
2024-05-24T00:00:00Z,181.64999389648438,180.75
2024-05-28T00:00:00Z,179.92999267578125,182.14999389648438
2024-05-29T00:00:00Z,181.6999969482422,182.02000427246094
2024-05-30T00:00:00Z,181.30999755859375,179.32000732421875
2024-05-31T00:00:00Z,178.3000030517578,176.44000244140625
2024-06-03T00:00:00Z,177.6999969482422,178.33999633789062
2024-06-04T00:00:00Z,177.63999938964844,179.33999633789062
2024-06-05T00:00:00Z,180.10000610351562,181.27999877929688
2024-06-06T00:00:00Z,181.75,185.0
2024-06-07T00:00:00Z,184.89999389648438,184.3000030517578
2024-06-10T00:00:00Z,184.07000732421875,187.05999755859375
2024-06-11T00:00:00Z,187.05999755859375,187.22999572753906
2024-06-12T00:00:00Z,188.02000427246094,186.88999938964844
2024-06-13T00:00:00Z,186.08999633789062,183.8300018310547
2024-06-14T00:00:00Z,183.0800018310547,183.66000366210938
2024-06-17T00:00:00Z,182.52000427246094,184.05999755859375
2024-06-18T00:00:00Z,183.74000549316406,182.80999755859375
2024-06-20T00:00:00Z,182.91000366210938,186.10000610351562
2024-06-21T00:00:00Z,187.8000030517578,189.0800018310547
2024-06-24T00:00:00Z,189.3300018310547,185.57000732421875
2024-06-25T00:00:00Z,186.80999755859375,186.33999633789062
2024-06-26T00:00:00Z,186.9199981689453,193.61000061035156
2024-06-27T00:00:00Z,195.00999450683594,197.85000610351562
2024-06-28T00:00:00Z,197.72999572753906,193.25
2024-07-01T00:00:00Z,193.49000549316406,197.1999969482422
2024-07-02T00:00:00Z,197.27999877929688,200.0
2024-07-03T00:00:00Z,199.94000244140625,197.58999633789062
2024-07-05T00:00:00Z,198.64999389648438,200.0
2024-07-08T00:00:00Z,200.0399932861328,199.2899932861328
2024-07-09T00:00:00Z,199.39999389648438,199.33999633789062
2024-07-10T00:00:00Z,200.0,199.7899932861328
2024-07-11T00:00:00Z,200.08999633789062,195.0500030517578
2024-07-12T00:00:00Z,194.8000030517578,194.49000549316406
2024-07-15T00:00:00Z,194.55999755859375,192.72000122070312
2024-07-16T00:00:00Z,195.58999633789062,193.02000427246094
2024-07-17T00:00:00Z,191.35000610351562,187.92999267578125
2024-07-18T00:00:00Z,189.58999633789062,183.75
2024-07-19T00:00:00Z,181.13999938964844,183.1300048828125
2024-07-22T00:00:00Z,185.0,182.5500030517578
2024-07-23T00:00:00Z,184.10000610351562,186.41000366210938
2024-07-24T00:00:00Z,183.1999969482422,180.8300018310547
2024-07-25T00:00:00Z,182.91000366210938,179.85000610351562
2024-07-26T00:00:00Z,180.38999938964844,182.5
2024-07-29T00:00:00Z,183.83999633789062,183.1999969482422
2024-07-30T00:00:00Z,184.72000122070312,181.7100067138672
2024-07-31T00:00:00Z,185.0500030517578,186.97999572753906
2024-08-01T00:00:00Z,189.2899932861328,184.07000732421875
2024-08-02T00:00:00Z,166.75,167.89999389648438
2024-08-05T00:00:00Z,154.2100067138672,161.02000427246094
2024-08-06T00:00:00Z,161.7100067138672,161.92999267578125
2024-08-07T00:00:00Z,166.5500030517578,162.77000427246094
2024-08-08T00:00:00Z,165.1699981689453,165.8000030517578
2024-08-09T00:00:00Z,166.39999389648438,166.94000244140625
2024-08-12T00:00:00Z,168.13999938964844,166.8000030517578
2024-08-13T00:00:00Z,167.80999755859375,170.22999572753906
2024-08-14T00:00:00Z,172.11000061035156,170.10000610351562
2024-08-15T00:00:00Z,174.86000061035156,177.58999633789062
2024-08-16T00:00:00Z,177.0399932861328,177.05999755859375
2024-08-19T00:00:00Z,177.63999938964844,178.22000122070312
2024-08-20T00:00:00Z,177.9199981689453,178.8800048828125
2024-08-21T00:00:00Z,179.9199981689453,180.11000061035156
2024-08-22T00:00:00Z,181.3800048828125,176.1300048828125
2024-08-23T00:00:00Z,177.33999633789062,177.0399932861328
2024-08-26T00:00:00Z,176.6999969482422,175.5
2024-08-27T00:00:00Z,174.14999389648438,173.1199951171875
2024-08-28T00:00:00Z,173.69000244140625,170.8000030517578
2024-08-29T00:00:00Z,173.22000122070312,172.1199951171875
2024-08-30T00:00:00Z,172.77999877929688,178.5
2024-09-03T00:00:00Z,177.5500030517578,176.25
2024-09-04T00:00:00Z,174.47999572753906,173.3300018310547
2024-09-05T00:00:00Z,175.0,177.88999938964844
2024-09-06T00:00:00Z,177.24000549316406,171.38999938964844
2024-09-09T00:00:00Z,174.52999877929688,175.39999389648438
2024-09-10T00:00:00Z,177.49000549316406,179.5500030517578
2024-09-11T00:00:00Z,180.10000610351562,184.52000427246094
2024-09-12T00:00:00Z,184.8000030517578,187.0
2024-09-13T00:00:00Z,187.0,186.49000549316406
2024-09-16T00:00:00Z,185.2899932861328,184.88999938964844
2024-09-17T00:00:00Z,186.85000610351562,186.8800048828125
2024-09-18T00:00:00Z,186.4499969482422,186.42999267578125
2024-09-19T00:00:00Z,190.0399932861328,189.8699951171875
2024-09-20T00:00:00Z,190.22999572753906,191.60000610351562
2024-09-23T00:00:00Z,191.63999938964844,193.8800048828125
2024-09-24T00:00:00Z,194.27000427246094,193.9600067138672
2024-09-25T00:00:00Z,193.75,192.52999877929688
2024-09-26T00:00:00Z,194.30999755859375,191.16000366210938
2024-09-27T00:00:00Z,190.67999267578125,187.97000122070312
2024-09-30T00:00:00Z,187.13999938964844,186.3300018310547
2024-10-01T00:00:00Z,184.89999389648438,185.1300048828125
2024-10-02T00:00:00Z,184.44000244140625,184.75999450683594
2024-10-03T00:00:00Z,183.0500030517578,181.9600067138672
2024-10-04T00:00:00Z,185.75,186.50999450683594
2024-10-07T00:00:00Z,182.9499969482422,180.8000030517578
2024-10-08T00:00:00Z,181.9199981689453,182.72000122070312
2024-10-09T00:00:00Z,182.82000732421875,185.1699981689453
2024-10-10T00:00:00Z,187.1300048828125,186.64999389648438
2024-10-11T00:00:00Z,186.6300048828125,188.82000732421875
2024-10-14T00:00:00Z,189.77999877929688,187.5399932861328
2024-10-15T00:00:00Z,187.6300048828125,187.69000244140625
2024-10-16T00:00:00Z,187.0500030517578,186.88999938964844
2024-10-17T00:00:00Z,188.22000122070312,187.52999877929688
2024-10-18T00:00:00Z,187.14999389648438,188.99000549316406
2024-10-21T00:00:00Z,188.0500030517578,189.07000732421875
2024-10-22T00:00:00Z,188.35000610351562,189.6999969482422
2024-10-23T00:00:00Z,188.85000610351562,184.7100067138672
2024-10-24T00:00:00Z,185.25,186.3800048828125
2024-10-25T00:00:00Z,187.85000610351562,187.8300018310547
2024-10-28T00:00:00Z,189.57000732421875,188.38999938964844
2024-10-29T00:00:00Z,188.5800018310547,190.8300018310547
2024-10-30T00:00:00Z,194.6999969482422,192.72999572753906
2024-10-31T00:00:00Z,190.50999450683594,186.39999389648438
2024-11-01T00:00:00Z,199.0,197.92999267578125
2024-11-04T00:00:00Z,196.4499969482422,195.77999877929688
2024-11-05T00:00:00Z,196.0399932861328,199.5
2024-11-06T00:00:00Z,200.00999450683594,207.08999633789062
2024-11-07T00:00:00Z,207.44000244140625,210.0500030517578
2024-11-08T00:00:00Z,209.72000122070312,208.17999267578125
2024-11-11T00:00:00Z,208.5,206.83999633789062
2024-11-12T00:00:00Z,208.3699951171875,208.91000366210938
2024-11-13T00:00:00Z,209.39999389648438,214.10000610351562
2024-11-14T00:00:00Z,214.16000366210938,211.47999572753906
2024-11-15T00:00:00Z,206.75999450683594,202.61000061035156
2024-11-18T00:00:00Z,204.14999389648438,201.6999969482422
2024-11-19T00:00:00Z,199.3300018310547,204.61000061035156
2024-11-20T00:00:00Z,202.97999572753906,202.8800048828125
2024-11-21T00:00:00Z,203.49000549316406,198.3800048828125
2024-11-22T00:00:00Z,198.25,197.1199951171875
2024-11-25T00:00:00Z,199.27999877929688,201.4499969482422
2024-11-26T00:00:00Z,201.89999389648438,207.86000061035156
2024-11-27T00:00:00Z,206.97999572753906,205.74000549316406
2024-11-29T00:00:00Z,205.8300018310547,207.88999938964844
2024-12-02T00:00:00Z,209.9600067138672,210.7100067138672
2024-12-03T00:00:00Z,210.30999755859375,213.44000244140625
2024-12-04T00:00:00Z,215.9600067138672,218.16000366210938
2024-12-05T00:00:00Z,218.02999877929688,220.5500030517578
2024-12-06T00:00:00Z,220.75,227.02999877929688
2024-12-09T00:00:00Z,227.2100067138672,226.08999633789062
2024-12-10T00:00:00Z,226.08999633789062,225.0399932861328
2024-12-11T00:00:00Z,226.41000366210938,230.25999450683594
2024-12-12T00:00:00Z,229.8300018310547,228.97000122070312
2024-12-13T00:00:00Z,228.39999389648438,227.4600067138672
2024-12-16T00:00:00Z,230.22999572753906,232.92999267578125
2024-12-17T00:00:00Z,232.38999938964844,231.14999389648438
2024-12-18T00:00:00Z,230.77000427246094,220.52000427246094
2024-12-19T00:00:00Z,224.91000366210938,223.2899932861328
2024-12-20T00:00:00Z,219.83999633789062,224.9199981689453
2024-12-23T00:00:00Z,225.00999450683594,225.05999755859375
2024-12-24T00:00:00Z,226.94000244140625,229.0500030517578
2024-12-26T00:00:00Z,228.5,227.0500030517578
2024-12-27T00:00:00Z,225.60000610351562,223.75
2024-12-30T00:00:00Z,220.05999755859375,221.3000030517578
2024-12-31T00:00:00Z,222.97000122070312,219.38999938964844
2025-01-02T00:00:00Z,222.02999877929688,220.22000122070312
2025-01-03T00:00:00Z,222.50999450683594,224.19000244140625
2025-01-06T00:00:00Z,226.77999877929688,227.61000061035156
2025-01-07T00:00:00Z,227.89999389648438,222.11000061035156
2025-01-08T00:00:00Z,223.19000244140625,222.1300048828125
2025-01-10T00:00:00Z,221.4600067138672,218.94000244140625
2025-01-13T00:00:00Z,218.05999755859375,218.4600067138672
2025-01-14T00:00:00Z,220.44000244140625,217.75999450683594
2025-01-15T00:00:00Z,222.8300018310547,223.35000610351562
2025-01-16T00:00:00Z,224.4199981689453,220.66000366210938
2025-01-17T00:00:00Z,225.83999633789062,225.94000244140625
2025-01-21T00:00:00Z,228.89999389648438,230.7100067138672
2025-01-22T00:00:00Z,232.02000427246094,235.00999450683594
2025-01-23T00:00:00Z,234.10000610351562,235.4199981689453
2025-01-24T00:00:00Z,234.5,234.85000610351562
2025-01-27T00:00:00Z,226.2100067138672,235.4199981689453
2025-01-28T00:00:00Z,234.2899932861328,238.14999389648438
2025-01-29T00:00:00Z,239.02000427246094,237.07000732421875
2025-01-30T00:00:00Z,237.13999938964844,234.63999938964844
2025-01-31T00:00:00Z,236.5,237.67999267578125
2025-02-03T00:00:00Z,234.05999755859375,237.4199981689453
2025-02-04T00:00:00Z,239.00999450683594,242.05999755859375
2025-02-05T00:00:00Z,237.02000427246094,236.1699981689453
2025-02-06T00:00:00Z,238.00999450683594,238.8300018310547
2025-02-07T00:00:00Z,232.5,229.14999389648438
2025-02-10T00:00:00Z,230.5500030517578,233.13999938964844
2025-02-11T00:00:00Z,231.9199981689453,232.75999450683594
2025-02-12T00:00:00Z,230.4600067138672,228.92999267578125
2025-02-13T00:00:00Z,228.85000610351562,230.3699951171875
2025-02-14T00:00:00Z,229.1999969482422,228.67999267578125
2025-02-18T00:00:00Z,228.82000732421875,226.64999389648438
2025-02-19T00:00:00Z,225.52000427246094,226.6300048828125
2025-02-20T00:00:00Z,224.77999877929688,222.8800048828125
2025-02-21T00:00:00Z,223.27999877929688,216.5800018310547
2025-02-24T00:00:00Z,217.4499969482422,212.7100067138672
2025-02-25T00:00:00Z,211.6300048828125,212.8000030517578
2025-02-26T00:00:00Z,214.94000244140625,214.35000610351562
2025-02-27T00:00:00Z,218.35000610351562,208.74000549316406
2025-02-28T00:00:00Z,208.64999389648438,212.27999877929688
2025-03-03T00:00:00Z,213.35000610351562,205.02000427246094
2025-03-04T00:00:00Z,200.11000061035156,203.8000030517578
2025-03-05T00:00:00Z,204.8000030517578,208.36000061035156
2025-03-06T00:00:00Z,204.39999389648438,200.6999969482422
2025-03-07T00:00:00Z,199.49000549316406,199.25
2025-03-10T00:00:00Z,195.60000610351562,194.5399932861328
2025-03-11T00:00:00Z,193.89999389648438,196.58999633789062
2025-03-12T00:00:00Z,200.72000122070312,198.88999938964844
2025-03-13T00:00:00Z,198.1699981689453,193.88999938964844
2025-03-14T00:00:00Z,197.41000366210938,197.9499969482422
2025-03-17T00:00:00Z,198.77000427246094,195.74000549316406
2025-03-18T00:00:00Z,192.52000427246094,192.82000732421875
2025-03-19T00:00:00Z,193.3800048828125,195.5399932861328
2025-03-20T00:00:00Z,193.07000732421875,194.9499969482422
2025-03-21T00:00:00Z,192.89999389648438,196.2100067138672
2025-03-24T00:00:00Z,200.0,203.25999450683594
2025-03-25T00:00:00Z,203.60000610351562,205.7100067138672
2025-03-26T00:00:00Z,205.83999633789062,201.1300048828125
2025-03-27T00:00:00Z,200.88999938964844,201.36000061035156
2025-03-28T00:00:00Z,198.4199981689453,192.72000122070312
2025-03-31T00:00:00Z,188.19000244140625,190.25999450683594
2025-04-01T00:00:00Z,187.86000061035156,192.1699981689453
2025-04-02T00:00:00Z,187.66000366210938,196.00999450683594
2025-04-03T00:00:00Z,183.0,178.41000366210938
2025-04-04T00:00:00Z,167.14999389648438,171.0
2025-04-07T00:00:00Z,162.0,175.25999450683594
2025-04-08T00:00:00Z,185.22999572753906,170.66000366210938
2025-04-09T00:00:00Z,172.1199951171875,191.10000610351562
2025-04-10T00:00:00Z,185.44000244140625,181.22000122070312
2025-04-11T00:00:00Z,179.92999267578125,184.8699951171875
2025-04-14T00:00:00Z,186.83999633789062,182.1199951171875
2025-04-15T00:00:00Z,181.41000366210938,179.58999633789062
2025-04-16T00:00:00Z,176.2899932861328,174.3300018310547
2025-04-17T00:00:00Z,176.0,172.61000061035156
2025-04-21T00:00:00Z,169.60000610351562,167.32000732421875
2025-04-22T00:00:00Z,169.85000610351562,173.17999267578125
2025-04-23T00:00:00Z,183.4499969482422,180.60000610351562
2025-04-24T00:00:00Z,180.9199981689453,186.5399932861328
2025-04-25T00:00:00Z,187.6199951171875,188.99000549316406
2025-04-28T00:00:00Z,190.11000061035156,187.6999969482422
2025-04-29T00:00:00Z,183.99000549316406,187.38999938964844
2025-04-30T00:00:00Z,182.1699981689453,184.4199981689453
2025-05-01T00:00:00Z,190.6300048828125,190.1999969482422
2025-05-02T00:00:00Z,191.44000244140625,189.97999572753906
2025-05-05T00:00:00Z,186.50999450683594,186.35000610351562
2025-05-06T00:00:00Z,184.57000732421875,185.00999450683594
2025-05-07T00:00:00Z,185.55999755859375,188.7100067138672
2025-05-08T00:00:00Z,191.42999267578125,192.0800018310547
2025-05-09T00:00:00Z,193.3800048828125,193.05999755859375
2025-05-12T00:00:00Z,210.7100067138672,208.63999938964844
2025-05-13T00:00:00Z,211.0800018310547,211.3699951171875
2025-05-14T00:00:00Z,211.4499969482422,210.25
2025-05-15T00:00:00Z,206.4499969482422,205.1699981689453
2025-05-16T00:00:00Z,206.85000610351562,205.58999633789062
2025-05-19T00:00:00Z,201.64999389648438,206.16000366210938
2025-05-20T00:00:00Z,204.6300048828125,204.07000732421875
2025-05-21T00:00:00Z,201.61000061035156,201.1199951171875
2025-05-22T00:00:00Z,201.3800048828125,203.10000610351562
2025-05-23T00:00:00Z,198.89999389648438,200.99000549316406
2025-05-27T00:00:00Z,203.08999633789062,206.02000427246094
2025-05-28T00:00:00Z,205.9199981689453,204.72000122070312
2025-05-29T00:00:00Z,208.02999877929688,205.6999969482422
2025-05-30T00:00:00Z,204.83999633789062,205.00999450683594
2025-06-02T00:00:00Z,204.97999572753906,206.64999389648438
2025-06-03T00:00:00Z,207.11000061035156,205.7100067138672
2025-06-04T00:00:00Z,206.5500030517578,207.22999572753906
2025-06-05T00:00:00Z,209.5500030517578,207.91000366210938
2025-06-06T00:00:00Z,212.39999389648438,213.57000732421875
2025-06-09T00:00:00Z,214.75,216.97999572753906
2025-06-10T00:00:00Z,216.77999877929688,217.61000061035156
2025-06-11T00:00:00Z,217.41000366210938,213.1999969482422
2025-06-12T00:00:00Z,211.77999877929688,213.24000549316406
2025-06-13T00:00:00Z,209.9600067138672,212.10000610351562
2025-06-16T00:00:00Z,212.30999755859375,216.10000610351562
2025-06-17T00:00:00Z,215.1999969482422,214.82000732421875
2025-06-18T00:00:00Z,215.08999633789062,212.52000427246094
2025-06-20T00:00:00Z,214.67999267578125,209.69000244140625
2025-06-23T00:00:00Z,209.7899932861328,208.47000122070312
2025-06-24T00:00:00Z,212.13999938964844,212.77000427246094
2025-06-25T00:00:00Z,214.6199951171875,211.99000549316406
2025-06-26T00:00:00Z,213.1199951171875,217.1199951171875
2025-06-27T00:00:00Z,219.9199981689453,223.3000030517578
2025-06-30T00:00:00Z,223.52000427246094,219.38999938964844
2025-07-01T00:00:00Z,219.5,220.4600067138672
2025-07-02T00:00:00Z,219.72999572753906,219.9199981689453
2025-07-03T00:00:00Z,221.82000732421875,223.41000366210938
2025-07-07T00:00:00Z,223.0,223.47000122070312
2025-07-08T00:00:00Z,223.9199981689453,219.36000061035156
2025-07-09T00:00:00Z,221.07000732421875,222.5399932861328
2025-07-10T00:00:00Z,221.5500030517578,222.25999450683594
2025-07-11T00:00:00Z,223.5800018310547,225.02000427246094
2025-07-14T00:00:00Z,225.07000732421875,225.69000244140625
2025-07-15T00:00:00Z,226.1999969482422,226.35000610351562
2025-07-16T00:00:00Z,225.8800048828125,223.19000244140625
2025-07-17T00:00:00Z,223.32000732421875,223.8800048828125
2025-07-18T00:00:00Z,225.13999938964844,226.1300048828125
2025-07-21T00:00:00Z,225.83999633789062,229.3000030517578
2025-07-22T00:00:00Z,229.67999267578125,227.47000122070312
2025-07-23T00:00:00Z,228.47000122070312,228.2899932861328
2025-07-24T00:00:00Z,229.1699981689453,232.22999572753906
2025-07-25T00:00:00Z,232.22000122070312,231.44000244140625
2025-07-28T00:00:00Z,233.35000610351562,232.7899932861328
2025-07-29T00:00:00Z,234.14999389648438,231.00999450683594
2025-07-30T00:00:00Z,231.63999938964844,230.19000244140625
2025-07-31T00:00:00Z,235.77000427246094,234.11000061035156
2025-08-01T00:00:00Z,217.2100067138672,214.75
2025-08-04T00:00:00Z,217.39999389648438,211.64999389648438
2025-08-05T00:00:00Z,213.0500030517578,213.75
2025-08-06T00:00:00Z,214.6999969482422,222.30999755859375
2025-08-07T00:00:00Z,221.0,223.1300048828125
2025-08-08T00:00:00Z,223.13999938964844,222.69000244140625
2025-08-11T00:00:00Z,221.77999877929688,221.3000030517578
2025-08-12T00:00:00Z,222.22999572753906,221.47000122070312
2025-08-13T00:00:00Z,222.0,224.55999755859375
2025-08-14T00:00:00Z,227.39999389648438,230.97999572753906
2025-08-15T00:00:00Z,232.5800018310547,231.02999877929688
2025-08-18T00:00:00Z,230.22999572753906,231.49000549316406
2025-08-19T00:00:00Z,230.08999633789062,228.00999450683594
2025-08-20T00:00:00Z,227.1199951171875,223.80999755859375
2025-08-21T00:00:00Z,222.64999389648438,221.9499969482422
2025-08-22T00:00:00Z,222.7899932861328,228.83999633789062
2025-08-25T00:00:00Z,227.35000610351562,227.94000244140625
2025-08-26T00:00:00Z,227.11000061035156,228.7100067138672
2025-08-27T00:00:00Z,228.57000732421875,229.1199951171875
2025-08-28T00:00:00Z,229.00999450683594,231.60000610351562
2025-08-29T00:00:00Z,231.32000732421875,229.0
2025-09-02T00:00:00Z,223.52000427246094,225.33999633789062
2025-09-03T00:00:00Z,225.2100067138672,225.99000549316406
2025-09-04T00:00:00Z,231.19000244140625,235.67999267578125
2025-09-05T00:00:00Z,235.19000244140625,232.3300018310547
2025-09-08T00:00:00Z,234.94000244140625,235.83999633789062
2025-09-09T00:00:00Z,236.36000061035156,238.24000549316406
2025-09-10T00:00:00Z,237.52000427246094,230.3300018310547
2025-09-11T00:00:00Z,231.49000549316406,229.9499969482422
2025-09-12T00:00:00Z,230.35000610351562,228.14999389648438
2025-09-15T00:00:00Z,230.6300048828125,231.42999267578125
2025-09-16T00:00:00Z,232.94000244140625,234.0500030517578
2025-09-17T00:00:00Z,233.77000427246094,231.6199951171875
2025-09-18T00:00:00Z,232.5,231.22999572753906
2025-09-19T00:00:00Z,232.3699951171875,231.47999572753906
2025-09-22T00:00:00Z,230.55999755859375,227.6300048828125
2025-09-23T00:00:00Z,227.8300018310547,220.7100067138672
2025-09-24T00:00:00Z,224.14999389648438,220.2100067138672
2025-09-25T00:00:00Z,220.05999755859375,218.14999389648438
2025-09-26T00:00:00Z,219.0800018310547,219.77999877929688
2025-09-29T00:00:00Z,220.0800018310547,222.1699981689453
2025-09-30T00:00:00Z,222.02999877929688,219.57000732421875
2025-10-01T00:00:00Z,217.36000061035156,220.6300048828125
2025-10-02T00:00:00Z,221.00999450683594,222.41000366210938
2025-10-03T00:00:00Z,223.44000244140625,219.50999450683594
2025-10-06T00:00:00Z,221.0,220.89999389648438
2025-10-07T00:00:00Z,220.8800048828125,221.77999877929688
2025-10-08T00:00:00Z,222.9199981689453,225.22000122070312
2025-10-09T00:00:00Z,225.0,227.74000549316406
2025-10-10T00:00:00Z,226.2100067138672,216.3699951171875
2025-10-13T00:00:00Z,217.6999969482422,220.07000732421875
2025-10-14T00:00:00Z,215.55999755859375,216.38999938964844
2025-10-15T00:00:00Z,216.6199951171875,215.57000732421875
2025-10-16T00:00:00Z,215.6699981689453,214.47000122070312
2025-10-17T00:00:00Z,214.55999755859375,213.0399932861328
2025-10-20T00:00:00Z,213.8800048828125,216.47999572753906
2025-10-21T00:00:00Z,218.42999267578125,222.02999877929688
2025-10-22T00:00:00Z,219.3000030517578,217.9499969482422
2025-10-23T00:00:00Z,219.0,221.08999633789062
2025-10-24T00:00:00Z,221.97000122070312,224.2100067138672
2025-10-27T00:00:00Z,227.66000366210938,226.97000122070312
2025-10-28T00:00:00Z,228.22000122070312,229.25
2025-10-29T00:00:00Z,231.6699981689453,230.3000030517578
2025-10-30T00:00:00Z,227.05999755859375,222.86000061035156
2025-10-31T00:00:00Z,250.10000610351562,244.22000122070312
2025-11-03T00:00:00Z,255.36000061035156,254.0
2025-11-04T00:00:00Z,250.3800048828125,249.32000732421875
2025-11-05T00:00:00Z,249.02999877929688,250.1999969482422
2025-11-06T00:00:00Z,249.16000366210938,243.0399932861328
2025-11-07T00:00:00Z,242.89999389648438,244.41000366210938
2025-11-10T00:00:00Z,248.33999633789062,248.39999389648438
2025-11-11T00:00:00Z,248.41000366210938,249.10000610351562
2025-11-12T00:00:00Z,250.24000549316406,244.1999969482422
2025-11-13T00:00:00Z,243.0500030517578,237.5800018310547
2025-11-14T00:00:00Z,235.05999755859375,234.69000244140625
2025-11-17T00:00:00Z,233.25,232.8699951171875
2025-11-18T00:00:00Z,228.10000610351562,222.5500030517578
2025-11-19T00:00:00Z,223.74000549316406,222.69000244140625
2025-11-20T00:00:00Z,227.0500030517578,217.13999938964844
2025-11-21T00:00:00Z,216.35000610351562,220.69000244140625
2025-11-24T00:00:00Z,222.55999755859375,226.27999877929688
2025-11-25T00:00:00Z,226.3800048828125,229.6699981689453
2025-11-26T00:00:00Z,230.74000549316406,229.16000366210938
2025-11-28T00:00:00Z,231.24000549316406,233.22000122070312
2025-12-01T00:00:00Z,233.22000122070312,233.8800048828125
2025-12-02T00:00:00Z,235.00999450683594,234.4199981689453
2025-12-03T00:00:00Z,233.35000610351562,232.3800048828125
2025-12-04T00:00:00Z,232.77000427246094,229.11000061035156
2025-12-05T00:00:00Z,230.32000732421875,229.52999877929688
2025-12-08T00:00:00Z,229.58999633789062,226.88999938964844
2025-12-09T00:00:00Z,226.83999633789062,227.9199981689453
2025-12-10T00:00:00Z,228.80999755859375,231.77999877929688
2025-12-11T00:00:00Z,230.7100067138672,230.27999877929688
2025-12-12T00:00:00Z,229.8699951171875,226.19000244140625
2025-12-15T00:00:00Z,227.92999267578125,222.5399932861328
2025-12-16T00:00:00Z,223.0399932861328,222.55999755859375
2025-12-17T00:00:00Z,224.66000366210938,221.27000427246094
2025-12-18T00:00:00Z,225.7100067138672,226.75999450683594
2025-12-19T00:00:00Z,226.75999450683594,227.35000610351562
2025-12-22T00:00:00Z,228.61000061035156,228.42999267578125
2025-12-23T00:00:00Z,229.05999755859375,232.13999938964844
2025-12-24T00:00:00Z,232.1300048828125,232.3800048828125
2025-12-26T00:00:00Z,232.0399932861328,232.52000427246094
2025-12-29T00:00:00Z,231.94000244140625,232.07000732421875
2025-12-30T00:00:00Z,231.2100067138672,232.52999877929688
2025-12-31T00:00:00Z,232.91000366210938,230.82000732421875
2026-01-02T00:00:00Z,231.33999633789062,226.5
2026-01-05T00:00:00Z,228.83999633789062,233.05999755859375
2026-01-06T00:00:00Z,232.10000610351562,240.92999267578125
2026-01-07T00:00:00Z,239.61000061035156,241.55999755859375
2026-01-08T00:00:00Z,243.05999755859375,246.2899932861328
2026-01-09T00:00:00Z,244.57000732421875,247.3800048828125
2026-01-12T00:00:00Z,246.72999572753906,246.47000122070312
2026-01-13T00:00:00Z,246.52999877929688,242.60000610351562
2026-01-14T00:00:00Z,241.14999389648438,236.64999389648438
2026-01-15T00:00:00Z,239.30999755859375,238.17999267578125
2026-01-16T00:00:00Z,239.08999633789062,239.1199951171875
2026-01-20T00:00:00Z,233.75999450683594,231.0
2026-01-21T00:00:00Z,231.08999633789062,231.30999755859375
2026-01-22T00:00:00Z,234.0500030517578,234.33999633789062
2026-01-23T00:00:00Z,234.9600067138672,239.16000366210938
2026-01-26T00:00:00Z,239.97999572753906,238.4199981689453
2026-01-27T00:00:00Z,239.69000244140625,244.67999267578125
2026-01-28T00:00:00Z,246.3699951171875,243.00999450683594
2026-01-29T00:00:00Z,242.82000732421875,241.72999572753906
2026-01-30T00:00:00Z,239.88999938964844,239.3000030517578
2026-02-02T00:00:00Z,238.30999755859375,242.9600067138672
2026-02-03T00:00:00Z,244.97999572753906,238.6199951171875
2026-02-04T00:00:00Z,238.86000061035156,232.99000549316406
2026-02-05T00:00:00Z,224.91000366210938,222.69000244140625
2026-02-06T00:00:00Z,202.6999969482422,210.32000732421875
2026-02-09T00:00:00Z,208.97000122070312,208.72000122070312
2026-02-10T00:00:00Z,208.8000030517578,206.9600067138672
2026-02-11T00:00:00Z,208.05999755859375,204.0800018310547
2026-02-12T00:00:00Z,203.9600067138672,199.60000610351562
2026-02-13T00:00:00Z,198.8800048828125,198.7899932861328
2026-02-17T00:00:00Z,198.1300048828125,201.14999389648438
2026-02-18T00:00:00Z,202.07000732421875,204.7899932861328
2026-02-19T00:00:00Z,203.8000030517578,204.86000061035156
2026-02-20T00:00:00Z,204.75999450683594,210.11000061035156
2026-02-23T00:00:00Z,208.10000610351562,205.27000427246094
2026-02-24T00:00:00Z,205.47000122070312,208.55999755859375
2026-02-25T00:00:00Z,210.4600067138672,210.63999938964844
2026-02-26T00:00:00Z,210.72999572753906,207.9199981689453
2026-02-27T00:00:00Z,206.8300018310547,210.0
2026-03-02T00:00:00Z,204.5500030517578,208.38999938964844
2026-03-03T00:00:00Z,203.10000610351562,208.72999572753906
2026-03-04T00:00:00Z,210.47000122070312,216.82000732421875
2026-03-05T00:00:00Z,215.97999572753906,218.94000244140625
2026-03-06T00:00:00Z,214.99000549316406,213.2100067138672
2026-03-09T00:00:00Z,210.4499969482422,213.49000549316406
2026-03-10T00:00:00Z,214.19000244140625,214.3300018310547
2026-03-11T00:00:00Z,215.7100067138672,212.64999389648438
2026-03-12T00:00:00Z,210.38999938964844,209.52999877929688
2026-03-13T00:00:00Z,209.61000061035156,207.6699981689453
2026-03-16T00:00:00Z,208.35000610351562,211.74000549316406
2026-03-17T00:00:00Z,212.82000732421875,215.1999969482422
2026-03-18T00:00:00Z,213.92999267578125,209.8699951171875
2026-03-19T00:00:00Z,207.05999755859375,208.75999450683594
2026-03-20T00:00:00Z,207.39999389648438,205.3699951171875
2026-03-23T00:00:00Z,209.7899932861328,210.13999938964844
2026-03-24T00:00:00Z,207.9499969482422,207.24000549316406
2026-03-25T00:00:00Z,211.55999755859375,211.7100067138672
2026-03-26T00:00:00Z,210.61000061035156,207.5399932861328
2026-03-27T00:00:00Z,206.4600067138672,199.33999633789062
2026-03-30T00:00:00Z,201.47999572753906,200.9499969482422
2026-03-31T00:00:00Z,204.85000610351562,208.27000427246094
2026-04-01T00:00:00Z,210.44000244140625,210.57000732421875
2026-04-02T00:00:00Z,206.5399932861328,209.77000427246094
2026-04-06T00:00:00Z,209.8000030517578,212.7899932861328
2026-04-07T00:00:00Z,211.24000549316406,213.77000427246094
2026-04-08T00:00:00Z,223.7899932861328,221.25
2026-04-09T00:00:00Z,225.22999572753906,233.64999389648438
2026-04-10T00:00:00Z,235.3000030517578,238.3800048828125
2026-04-13T00:00:00Z,237.4499969482422,239.88999938964844
2026-04-14T00:00:00Z,241.77999877929688,249.02000427246094
2026-04-15T00:00:00Z,249.25,248.5
2026-04-16T00:00:00Z,248.50999450683594,249.6999969482422
2026-04-17T00:00:00Z,254.99000549316406,250.55999755859375
2026-04-20T00:00:00Z,249.19000244140625,248.27999877929688
2026-04-21T00:00:00Z,255.08999633789062,249.91000366210938
2026-04-22T00:00:00Z,252.44000244140625,255.36000061035156
2026-04-23T00:00:00Z,255.38999938964844,255.0800018310547
2026-04-24T00:00:00Z,259.9800109863281,263.989990234375
2026-04-27T00:00:00Z,263.4599914550781,261.1199951171875
2026-04-28T00:00:00Z,258.3900146484375,259.70001220703125
2026-04-29T00:00:00Z,257.989990234375,263.0400085449219
2026-04-30T00:00:00Z,273.1700134277344,265.05999755859375
2026-05-01T00:00:00Z,265.5799865722656,268.260009765625
2026-05-04T00:00:00Z,268.79998779296875,272.04998779296875
2026-05-05T00:00:00Z,276.0799865722656,273.54998779296875
2026-05-06T00:00:00Z,272.8900146484375,274.989990234375
2026-05-07T00:00:00Z,275.0199890136719,271.1700134277344
2026-05-08T00:00:00Z,271.6300048828125,272.67999267578125
2026-05-11T00:00:00Z,269.8399963378906,268.989990234375
2026-05-12T00:00:00Z,266.7099914550781,265.82000732421875
2026-05-13T00:00:00Z,264.42999267578125,270.1300048828125
2026-05-14T00:00:00Z,269.1499938964844,267.2200012207031
2026-05-15T00:00:00Z,262.5,264.1400146484375
2026-05-18T00:00:00Z,263.8699951171875,264.8599853515625
2026-05-19T00:00:00Z,262.0400085449219,259.3399963378906
2026-05-20T00:00:00Z,260.04998779296875,265.010009765625
2026-05-21T00:00:00Z,263.5,268.4599914550781
2026-05-22T00:00:00Z,268.6600036621094,266.32000732421875
2026-05-26T00:00:00Z,267.94000244140625,265.2900085449219
2026-05-27T00:00:00Z,266.1499938964844,271.8500061035156
2026-05-28T00:00:00Z,272.2699890136719,274.0
2026-05-29T00:00:00Z,271.2900085449219,270.6400146484375
2026-06-01T00:00:00Z,266.2900085449219,261.260009765625
2026-06-02T00:00:00Z,257.1600036621094,256.5199890136719
2026-06-03T00:00:00Z,254.6999969482422,250.02000427246094
2026-06-04T00:00:00Z,253.1199951171875,253.7899932861328
2026-06-05T00:00:00Z,254.25999450683594,246.02999877929688
2026-06-08T00:00:00Z,246.67999267578125,245.22000122070312
2026-06-09T00:00:00Z,247.72999572753906,244.19000244140625
2026-06-10T00:00:00Z,243.61000061035156,238.0
2026-06-11T00:00:00Z,237.92999267578125,241.50999450683594
2026-06-12T00:00:00Z,243.2100067138672,238.5500030517578
2026-06-15T00:00:00Z,245.02000427246094,246.02000427246094
2026-06-16T00:00:00Z,248.0,246.0
2026-06-17T00:00:00Z,244.89999389648438,237.5
2026-06-18T00:00:00Z,240.1199951171875,244.38999938964844
2026-06-22T00:00:00Z,240.0800018310547,232.7899932861328
2026-06-23T00:00:00Z,232.5500030517578,234.11000061035156
2026-06-24T00:00:00Z,233.85000610351562,234.27000427246094
2026-06-25T00:00:00Z,232.02000427246094,227.00999450683594
2026-06-26T00:00:00Z,227.2100067138672,232.69000244140625
2026-06-29T00:00:00Z,234.22000122070312,240.13999938964844
2026-06-30T00:00:00Z,237.35000610351562,238.33999633789062
2026-07-01T00:00:00Z,239.75,241.6999969482422
2026-07-02T00:00:00Z,241.61000061035156,242.6699981689453
2026-07-06T00:00:00Z,243.8000030517578,244.16000366210938
2026-07-07T00:00:00Z,246.97999572753906,245.97999572753906
2026-07-08T00:00:00Z,244.27000427246094,243.6199951171875
2026-07-09T00:00:00Z,239.82000732421875,247.0399932861328
2026-07-10T00:00:00Z,249.5500030517578,245.33999633789062
2026-07-13T00:00:00Z,244.67999267578125,247.30999755859375
2026-07-14T00:00:00Z,245.5500030517578,247.49000549316406
2026-07-15T00:00:00Z,249.75,254.9600067138672
2026-07-16T00:00:00Z,255.1199951171875,249.88999938964844
2026-07-17T00:00:00Z,244.4600067138672,247.22999572753906
2026-07-20T00:00:00Z,248.75999450683594,249.99000549316406
2026-07-21T00:00:00Z,249.11000061035156,247.5500030517578
2026-07-22T00:00:00Z,248.27000427246094,244.85000610351562
2026-07-23T00:00:00Z,236.25999450683594,233.66000366210938
2026-07-24T00:00:00Z,234.3800048828125,232.11000061035156
2026-07-27T00:00:00Z,235.6699981689453,231.38999938964844
2026-07-28T00:00:00Z,232.85000610351562,230.86000061035156
2026-07-29T00:00:00Z,229.32000732421875,226.64999389648438
2026-07-30T00:00:00Z,233.35000610351562,235.5
2026-07-31T00:00:00Z,265.0,271.5799865722656
2026-08-03T00:00:00Z,278.2900085449219,284.0199890136719
2026-08-04T00:00:00Z,276.05999755859375,277.4200134277344
2026-08-05T00:00:00Z,281.5899963378906,272.6499938964844
2026-08-06T00:00:00Z,272.7699890136719,272.260009765625
2026-08-07T00:00:00Z,272.8699951171875,274.4800109863281
2026-08-10T00:00:00Z,274.010009765625,278.0899963378906
2026-08-11T00:00:00Z,278.69000244140625,272.2699890136719
2026-08-12T00:00:00Z,273.17999267578125,267.2799987792969
2026-08-13T00:00:00Z,267.239990234375,265.1300048828125
2026-08-14T00:00:00Z,264.8800048828125,262.6499938964844
